Date,Open Price,High Price,Low Price,Close Price,WAP,No.of Shares,No. of Trades,Total Turnover (Rs.),Deliverable Quantity,% Deli. Qty to Traded Qty,Spread High-Low,Spread Close-Open
16-July-2026,339.45,340.27,338.00,339.73,339.789689951438177063,5354,220,1819234.00,4848,90.55,2.27,0.28
15-July-2026,340.00,343.34,339.71,340.26,341.357656250000000000,6400,282,2184689.00,5807,90.73,3.63,0.26
14-July-2026,338.60,341.22,338.60,340.15,339.920284135753749013,2534,205,861358.00,1899,74.94,2.62,1.55
13-July-2026,337.70,342.74,336.49,340.95,339.471625766871165644,13040,678,4426710.00,9865,75.65,6.25,3.25
10-July-2026,337.93,338.12,335.24,338.01,336.764808743169398907,4575,342,1540699.00,3390,74.10,2.88,0.08
9-July-2026,336.26,339.00,335.45,336.54,337.388924870466321243,3088,285,1041857.00,1951,63.18,3.55,0.28
8-July-2026,338.55,340.10,336.06,337.73,338.176958239714883396,12907,419,4364850.00,11739,90.95,4.04,-0.82
7-July-2026,338.50,340.95,338.50,340.03,339.950206948451022199,7973,465,2710423.00,6923,86.83,2.45,1.53
6-July-2026,338.28,340.00,337.04,339.82,338.505654657805759589,8577,337,2903363.00,6906,80.52,2.96,1.54
3-July-2026,339.30,339.53,336.00,336.92,337.500241118791191126,6221,464,2099589.00,5170,83.11,3.53,-2.38
2-July-2026,337.00,340.00,333.76,337.27,336.844688644688644688,16380,1119,5517516.00,11603,70.84,6.24,0.27
1-July-2026,330.25,336.89,330.00,334.21,335.251236872457961512,131784,1258,44180749.00,127461,96.72,6.89,3.96
30-June-2026,324.89,333.05,324.50,331.40,328.366354044548651817,13648,567,4481544.00,10220,74.88,8.55,6.51
29-June-2026,323.49,324.25,322.60,323.91,323.585233107414253440,9738,269,3151073.00,7866,80.78,1.65,0.42
25-June-2026,322.08,323.97,320.61,322.59,322.303724331780444004,38423,767,12383876.00,34850,90.70,3.36,0.51
24-June-2026,320.50,322.09,320.01,321.99,321.320226308345120226,14140,331,4543468.00,13074,92.46,2.08,1.49
23-June-2026,320.66,322.47,319.32,321.77,322.211203269623752854,33276,471,10721900.00,30677,92.19,3.15,1.11
22-June-2026,322.48,322.48,321.81,322.07,322.294300840859545312,6422,518,2069774.00,5535,86.19,0.67,-0.41
19-June-2026,319.02,322.76,319.02,321.87,321.842492273123972361,622179,1202,200243640.00,612924,98.51,3.74,2.85
18-June-2026,319.85,321.08,319.00,320.81,320.523519418897545545,17071,453,5471657.00,14088,82.53,2.08,0.96
17-June-2026,319.80,320.85,318.95,319.73,320.227354664263181613,17752,605,5684676.00,13502,76.06,1.90,-0.07
16-June-2026,319.53,319.83,318.28,319.02,319.084335219236209335,5656,572,1804741.00,4199,74.24,1.55,-0.51
15-June-2026,319.60,320.03,318.04,319.53,319.058177943526904635,9385,651,2994361.00,7747,82.55,1.99,-0.07
12-June-2026,321.00,321.00,319.32,319.46,319.734636871508379888,7160,479,2289300.00,4498,62.82,1.68,-1.54
11-June-2026,319.68,320.60,318.99,319.30,319.592220598977355734,5476,312,1750087.00,4723,86.25,1.61,-0.38
10-June-2026,320.00,320.10,319.00,319.22,319.379952267303102625,2095,294,669101.00,1760,84.01,1.10,-0.78
9-June-2026,316.00,320.40,316.00,319.05,319.147767332549941245,6808,379,2172758.00,5657,83.09,4.40,3.05
8-June-2026,319.90,320.79,318.88,319.09,319.730067871453103279,12229,759,3909979.00,8983,73.46,1.91,-0.81
5-June-2026,321.38,321.74,319.03,319.48,320.872932330827067669,10640,284,3414088.00,9795,92.06,2.71,-1.90
4-June-2026,319.30,320.56,318.72,319.48,319.316920322291853178,5585,475,1783385.00,3844,68.83,1.84,0.18
3-June-2026,320.60,320.60,319.00,320.20,319.597347440578198345,13421,768,4289316.00,12978,96.70,1.60,-0.40
2-June-2026,324.00,324.00,318.52,319.08,320.727559933097937186,5381,546,1725835.00,3876,72.03,5.48,-4.92
1-June-2026,319.39,321.29,318.00,319.72,319.959048553212358999,8156,616,2609586.00,6090,74.67,3.29,0.33
29-May-2026,319.73,321.33,317.00,318.85,319.810869565217391304,8740,641,2795147.00,6791,77.70,4.33,-0.88
27-May-2026,320.00,321.02,319.00,319.73,319.737561265409178672,6733,625,2152793.00,5530,82.13,2.02,-0.27
26-May-2026,319.04,321.19,319.00,320.16,320.168294051627384960,71280,635,22821596.00,70076,98.31,2.19,1.12
25-May-2026,320.05,321.34,319.51,319.97,320.217410848067126161,13348,721,4274262.00,11466,85.90,1.83,-0.08
22-May-2026,318.30,321.98,318.30,320.63,320.851220063262539539,8852,512,2840175.00,7258,81.99,3.68,2.33
21-May-2026,319.25,322.07,319.00,320.05,320.038657551274083281,8045,480,2574711.00,6093,75.74,3.07,0.80
20-May-2026,321.70,322.36,319.90,320.58,320.974586692171061620,7319,465,2349213.00,5687,77.70,2.46,-1.12
19-May-2026,321.10,322.99,320.50,321.04,321.263375276150225722,10411,426,3344673.00,9121,87.61,2.49,-0.06
18-May-2026,322.70,322.70,319.10,321.77,320.127229488703923900,8410,691,2692270.00,6447,76.66,3.60,-0.93
15-May-2026,322.75,322.75,321.00,321.15,322.116741395226163787,30332,1093,9770445.00,21622,71.28,1.75,-1.60
14-May-2026,322.69,322.85,320.89,321.80,321.896250642013353877,29205,579,9400980.00,25226,86.38,1.96,-0.89
13-May-2026,327.70,327.70,324.84,326.67,326.378484107579462102,44990,968,14683768.00,40075,89.08,2.86,-1.03
12-May-2026,326.70,326.70,323.25,325.48,324.600858769719032950,32139,786,10432347.00,29173,90.77,3.45,-1.22
11-May-2026,326.70,327.00,325.22,326.11,326.466753585397653194,26845,1634,8764000.00,25341,94.40,1.78,-0.59
8-May-2026,323.00,326.99,323.00,326.70,326.377453820659605534,43147,1449,14082208.00,39940,92.57,3.99,3.70
7-May-2026,320.10,325.90,320.10,324.15,323.808911900418499839,37276,1686,12070301.00,32982,88.48,5.80,4.05
6-May-2026,319.00,323.14,316.06,321.41,319.138408782306506179,43451,2107,13866883.00,23806,54.79,7.08,2.41
5-May-2026,329.00,329.00,315.60,319.17,319.958058797068084993,75582,1612,24183070.00,37213,49.24,13.40,-9.83
4-May-2026,328.72,328.72,326.00,326.35,326.960880829015544041,7720,450,2524138.00,5286,68.47,2.72,-2.37
30-April-2026,328.00,328.00,324.62,325.47,325.845785793154214206,29887,3409,9738553.00,28588,95.65,3.38,-2.53
29-April-2026,327.98,327.98,322.40,323.74,324.639951883317043831,13301,1315,4318036.00,11049,83.07,5.58,-4.24
28-April-2026,320.98,326.56,320.98,325.81,324.873621262458471760,15050,1047,4889348.00,13601,90.37,5.58,4.83
27-April-2026,321.46,322.97,320.05,320.94,321.135728868926092282,24490,1616,7864614.00,14130,57.70,2.92,-0.52
24-April-2026,325.50,325.50,321.10,321.69,324.016073359799989333,4256173,1325,1379068463.00,4244005,99.71,4.40,-3.81
23-April-2026,332.50,332.50,322.00,324.15,323.982340444376619747,4075867,1014,1320508930.00,4041989,99.17,10.50,-8.35
22-April-2026,330.97,330.97,324.51,328.43,326.667834208990075890,25695,1226,8393730.00,22753,88.55,6.46,-2.54
21-April-2026,328.20,330.31,327.03,328.73,328.492778740612362796,8655,558,2843105.00,7182,82.98,3.28,0.53
20-April-2026,331.00,331.18,326.74,328.41,328.965298815753236023,7262,443,2388946.00,5105,70.30,4.44,-2.59
17-April-2026,331.00,331.00,328.11,329.99,329.574342299733963937,6766,472,2229900.00,5884,86.96,2.89,-1.01
16-April-2026,327.65,330.00,327.65,329.65,328.657522316568691487,4593,313,1509524.00,3845,83.71,2.35,2.00
15-April-2026,337.00,342.50,325.65,327.73,330.635833236737374908,25881,793,8557186.00,19778,76.42,16.85,-9.27
13-April-2026,334.50,335.00,330.00,332.31,332.554105327060251935,6589,655,2191199.00,4424,67.14,5.00,-2.19
10-April-2026,339.98,344.49,334.50,334.63,340.630748175182481751,10960,365,3733313.00,10026,91.48,9.99,-5.35
9-April-2026,338.00,341.00,336.00,337.98,338.695610868326049781,5263,414,1782555.00,3871,73.55,5.00,-0.02
8-April-2026,328.00,336.77,327.98,335.49,331.348410247851122423,11983,487,3970548.00,9795,81.74,8.79,7.49
7-April-2026,319.00,326.88,319.00,326.84,323.178531770512029611,8105,613,2619362.00,6863,84.68,7.88,7.84
6-April-2026,319.62,322.49,317.06,318.45,320.002818996906933949,25541,1840,8173192.00,18344,71.82,5.43,-1.17
2-April-2026,320.00,324.12,317.02,320.49,321.714653363534038325,359815,861,115757758.00,357236,99.28,7.10,0.49
1-April-2026,324.00,326.00,318.38,320.57,322.036728298339078658,15955,1377,5138096.00,12758,79.96,7.62,-3.43
30-March-2026,327.52,330.99,320.00,322.21,325.666060054595086442,15386,1037,5010698.00,8534,55.47,10.99,-5.31
27-March-2026,328.65,336.00,325.26,332.80,330.507692307692307692,11310,910,3738042.00,8363,73.94,10.74,4.15
25-March-2026,330.00,336.08,327.96,332.09,330.949468599033816425,10350,707,3425327.00,5442,52.58,8.12,2.09
24-March-2026,323.80,331.97,323.25,329.26,326.469116343217417003,10151,395,3313988.00,8257,81.34,8.72,5.46
23-March-2026,326.40,326.40,311.26,321.17,319.296676153143961767,18623,1077,5946262.00,13389,71.89,15.14,-5.23
20-March-2026,335.41,335.41,321.35,328.41,328.975244889885810290,1463617,719,481493761.00,1453535,99.31,14.06,-7.00
19-March-2026,329.99,332.44,328.00,328.63,330.069599276890629707,3319,255,1095501.00,2102,63.33,4.44,-1.36
18-March-2026,332.69,333.50,330.24,330.99,332.703993911891541475,35479,1263,11804005.00,30675,86.46,3.26,-1.70
17-March-2026,342.00,342.00,329.26,333.75,331.468360277136258660,19485,907,6458661.00,6228,31.96,12.74,-8.25
16-March-2026,337.02,339.95,335.55,336.18,337.192198764160659114,7768,626,2619309.00,6151,79.18,4.40,-0.84
13-March-2026,337.33,341.27,336.95,338.73,338.394977168949771689,8322,547,2816123.00,6004,72.15,4.32,1.40
12-March-2026,339.50,342.18,339.50,340.34,340.106987629555332664,2991,190,1017260.00,2092,69.94,2.68,0.84
11-March-2026,340.60,345.19,340.60,341.66,343.105682421667551779,5649,323,1938204.00,3974,70.35,4.59,1.06
10-March-2026,342.30,344.98,339.99,341.08,341.824131728241317282,7227,586,2470363.00,5400,74.72,4.99,-1.22
9-March-2026,343.00,345.12,335.66,341.61,340.991026989134244654,14265,1381,4864237.00,11557,81.02,9.46,-1.39
6-March-2026,344.00,348.70,341.22,344.78,343.559839225658272496,12191,930,4188338.00,9586,78.63,7.48,0.78
5-March-2026,348.00,352.33,343.96,346.03,346.980988172874986183,9047,727,3139137.00,7026,77.66,8.37,-1.97
4-March-2026,358.00,359.78,346.64,348.21,351.998235618710876953,3414228,973,1201802232.00,3406526,99.77,13.14,-9.79
2-March-2026,359.06,364.28,352.07,358.52,358.269728926321749593,14129,1256,5061993.00,9304,65.85,12.21,-0.54
27-February-2026,362.99,376.50,357.40,369.34,367.349358054062923007,24379,874,8955610.00,17644,72.37,19.10,6.35
26-February-2026,352.00,361.81,351.52,360.25,353.099051974931611932,345455,448,121979833.00,341435,98.84,10.29,8.25
25-February-2026,350.05,353.99,349.79,351.88,351.010608749769500276,1041216,726,365477862.00,1031236,99.04,4.20,1.83
24-February-2026,352.11,355.87,350.20,352.34,352.797507692129848161,519037,390,183114960.00,517599,99.72,5.67,0.23
23-February-2026,351.97,355.24,351.34,352.20,352.999665511376171599,1405130,449,496010420.00,1402478,99.81,3.90,0.23
20-February-2026,355.60,356.41,351.06,351.97,353.400395591975134218,3539,277,1250684.00,2424,68.49,5.35,-3.63
19-February-2026,351.10,356.00,351.10,354.99,354.630066700872242175,1949,212,691174.00,1357,69.63,4.90,3.89
18-February-2026,354.10,357.55,350.47,352.06,352.564442602569415665,4826,332,1701476.00,3130,64.86,7.08,-2.04
17-February-2026,352.55,358.22,352.55,355.80,356.434564958283671036,4195,299,1495243.00,3044,72.56,5.67,3.25
16-February-2026,353.70,356.79,351.80,353.77,352.953029713247696898,7707,568,2720209.00,5342,69.31,4.99,0.07
13-February-2026,365.00,365.00,351.49,352.80,354.422213021426353379,19322,1381,6848146.00,15291,79.14,13.51,-12.20
12-February-2026,368.00,369.88,361.64,364.33,366.592644757433489827,6390,460,2342527.00,4956,77.56,8.24,-3.67
11-February-2026,360.00,372.90,360.00,366.40,367.008100654946570148,11604,629,4258762.00,8526,73.47,12.90,6.40
10-February-2026,364.69,365.00,361.01,362.18,362.998837765775620427,14627,681,5309584.00,9801,67.01,3.99,-2.51
9-February-2026,356.00,364.33,355.48,363.01,361.753813219159753813,7474,497,2703748.00,4496,60.16,8.85,7.01
6-February-2026,355.00,357.40,352.92,353.61,354.122207834250566526,12356,874,4375534.00,10617,85.93,4.48,-1.39
5-February-2026,350.80,354.84,347.28,353.05,352.644186046511627906,3440,522,1213096.00,2073,60.26,7.56,2.25
4-February-2026,351.90,351.91,348.37,349.63,350.438055720213396561,8435,380,2955945.00,7363,87.29,3.54,-2.27
3-February-2026,368.00,368.00,344.99,345.52,350.986829200380154652,8030416,2077,2818570249.00,7920765,98.63,23.01,-22.48
2-February-2026,359.95,367.23,356.73,364.65,362.959411697639949834,8771,470,3183517.00,7229,82.42,10.50,4.70
1-February-2026,354.80,361.99,350.80,359.41,358.820569128008051971,10929,696,3921550.00,7370,67.44,11.19,4.61
30-January-2026,349.96,353.44,346.67,352.82,351.199938574938574938,6512,482,2287014.00,4746,72.88,6.77,2.86
29-January-2026,341.99,352.95,340.00,347.84,346.293591827257952170,17228,1231,5965946.00,14171,82.26,12.95,5.85
28-January-2026,340.80,343.00,339.00,341.16,341.137737281700835231,6585,484,2246392.00,4208,63.90,4.00,0.36
27-January-2026,343.11,347.38,340.00,340.96,342.919000301114122252,9963,656,3416502.00,8294,83.25,7.38,-2.15
23-January-2026,341.74,346.70,339.43,344.95,343.402228198232808298,7809,520,2681628.00,4849,62.10,7.27,3.21
22-January-2026,342.20,347.46,342.00,343.50,344.497766485660671880,541971,348,186707799.00,540808,99.79,5.46,1.30
21-January-2026,345.00,347.04,341.52,343.43,344.152420800956365809,11711,673,4030369.00,8508,72.65,5.52,-1.57
20-January-2026,348.90,348.99,342.00,345.00,345.483324120140040538,5427,547,1874938.00,4193,77.26,6.99,-3.90
19-January-2026,346.35,349.00,345.00,346.38,346.722917251051893408,17825,1871,6180336.00,16660,93.46,4.00,0.03
16-January-2026,347.00,347.68,340.42,345.77,344.875240186659346692,7286,572,2512761.00,5002,68.65,7.26,-1.23
14-January-2026,340.69,347.27,340.69,344.44,344.684480234260614934,2732,204,941678.00,1475,53.99,6.58,3.75
13-January-2026,340.10,341.98,337.12,341.19,340.450403690888119953,5202,327,1771023.00,4542,87.31,4.86,1.09
12-January-2026,341.90,341.99,337.86,339.80,338.808995686999383857,8115,391,2749435.00,6978,85.99,4.13,-2.10
9-January-2026,336.80,340.90,336.80,339.15,338.754051477597712106,2098,241,710706.00,1321,62.96,4.10,2.35
8-January-2026,340.50,340.50,337.00,338.45,339.127079866888519134,4808,247,1630523.00,3450,71.76,3.50,-2.05
7-January-2026,333.31,342.31,333.31,339.93,339.694869597159299620,8167,338,2774288.00,6453,79.01,9.00,6.62
6-January-2026,341.00,341.00,330.25,333.73,335.069109717178386706,9087,527,3044773.00,5222,57.47,10.75,-7.27
5-January-2026,335.99,340.13,334.67,339.14,337.170241794891230197,13193,497,4448287.00,11714,88.79,5.46,3.15
2-January-2026,334.80,334.80,332.02,334.50,334.143799283154121863,6975,450,2330653.00,5951,85.32,2.78,-0.30
1-January-2026,333.70,334.21,331.56,333.57,333.786184829663090532,5313,236,1773406.00,3667,69.02,2.65,-0.13
31-December-2025,333.10,334.28,330.95,331.75,332.201831535043974975,11029,317,3663854.00,8645,78.38,3.33,-1.35
30-December-2025,337.00,337.00,331.27,333.43,333.859411489957963568,2141,249,714793.00,1673,78.14,5.73,-3.57
29-December-2025,340.00,340.00,330.51,336.49,335.086599817684594348,4388,433,1470360.00,3283,74.82,9.49,-3.51
26-December-2025,335.00,335.40,331.25,334.79,334.319897632757517594,14067,503,4702878.00,10370,73.72,4.15,-0.21
24-December-2025,331.90,333.83,330.01,332.96,331.682064297800338409,5910,476,1960241.00,3861,65.33,3.82,1.06
23-December-2025,332.95,333.21,330.00,331.83,331.124453733612008360,5263,337,1742708.00,3694,70.19,3.21,-1.12
22-December-2025,333.00,333.85,328.80,331.41,330.547281455844590822,8957,742,2960712.00,6437,71.87,5.05,-1.59
19-December-2025,335.50,339.07,328.15,334.88,333.961371634339962353,24438,970,8161348.00,21668,88.67,10.92,-0.62
18-December-2025,331.50,335.47,326.61,332.27,329.457089162664439340,4789,405,1577770.00,2444,51.03,8.86,0.77
17-December-2025,331.89,332.00,327.47,330.56,328.917577197149643705,4210,326,1384743.00,2741,65.11,4.53,-1.33
16-December-2025,329.90,334.09,327.13,329.99,331.514106583072100313,12760,609,4230120.00,8749,68.57,6.96,0.09
15-December-2025,338.00,338.00,321.20,328.91,327.164032935896704508,157761,1978,51613725.00,85398,54.13,16.80,-9.09
12-December-2025,333.00,357.39,328.86,339.91,337.533965614815682141,102486,2820,34592506.00,75291,73.46,28.53,6.91
11-December-2025,337.70,337.70,328.10,333.25,331.252155980502437195,26670,1572,8834495.00,20441,76.64,9.60,-4.45
10-December-2025,336.80,336.80,332.22,335.63,335.449485255627290176,5731,509,1922461.00,4659,81.29,4.58,-1.17
9-December-2025,332.00,335.00,331.70,334.92,333.925162231693737280,26043,1091,8696413.00,23489,90.19,3.30,2.92
8-December-2025,336.40,336.40,330.77,332.01,333.724878575283324338,9265,715,3091961.00,7002,75.57,5.63,-4.39
5-December-2025,331.51,335.00,331.51,334.56,334.333367800641091924,9671,1104,3233338.00,7158,74.02,3.49,3.05
4-December-2025,334.99,335.50,330.70,331.51,333.495487627365356622,3435,292,1145557.00,2631,76.59,4.80,-3.48
3-December-2025,333.00,336.49,332.99,333.73,333.898906296186816435,3383,289,1129580.00,1953,57.73,3.50,0.73
2-December-2025,333.00,338.48,331.35,331.94,332.907905060808160062,10196,551,3394329.00,8125,79.69,7.13,-1.06
1-December-2025,335.90,335.90,330.33,333.07,333.607027697395618023,12095,787,4034977.00,9561,79.05,5.57,-2.83
28-November-2025,327.50,334.10,327.50,332.69,330.416547788873038516,10515,592,3474330.00,7747,73.68,6.60,5.19
27-November-2025,333.00,333.00,325.75,329.82,328.577762014541585387,5639,388,1852850.00,2871,50.91,7.25,-3.18
26-November-2025,321.30,330.00,321.30,329.26,327.641299429915844719,11051,971,3620764.00,7607,68.84,8.70,7.96
25-November-2025,316.20,326.10,316.20,323.92,322.849137646203660873,15133,719,4885676.00,8946,59.12,9.90,7.72
24-November-2025,328.00,330.01,312.25,316.16,319.552545263710312254,30488,1063,9742518.00,25629,84.06,17.76,-11.84
21-November-2025,327.50,329.99,326.00,327.19,327.766245093763628434,2293,286,751568.00,1673,72.96,3.99,-0.31
20-November-2025,329.00,331.49,326.91,328.90,328.847699214365881032,8910,623,2930033.00,6208,69.67,4.58,-0.10
19-November-2025,330.61,333.80,325.99,326.77,328.559395966590380063,51123,2008,16796942.00,42659,83.44,7.81,-3.84
18-November-2025,335.95,336.10,328.47,330.00,331.614029704185589787,16294,1292,5403319.00,13478,82.72,7.63,-5.95
17-November-2025,339.60,339.60,335.00,336.39,337.412156407278358497,12915,1119,4357678.00,10417,80.66,4.60,-3.21
14-November-2025,339.98,341.00,336.57,338.00,338.673462676751068727,9123,766,3089718.00,6915,75.80,4.43,-1.98
13-November-2025,340.69,340.69,337.00,338.49,338.772774869109947643,5730,596,1941168.00,5452,95.15,3.69,-2.20
12-November-2025,341.90,341.90,336.61,338.77,339.116851441241685144,4510,336,1529417.00,3550,78.71,5.29,-3.13
11-November-2025,341.90,341.90,339.00,339.35,339.740173217854763491,1501,122,509950.00,1227,81.75,2.90,-2.55
10-November-2025,339.38,340.23,336.74,339.49,338.248412310698583292,4094,305,1384789.00,2946,71.96,3.49,0.11
7-November-2025,340.90,343.77,337.26,338.67,340.407469859202428125,11861,856,4037573.00,9914,83.58,6.51,-2.23
6-November-2025,343.10,345.00,339.78,344.07,343.467781027998328458,11965,750,4109592.00,8322,69.55,5.22,0.97
4-November-2025,344.79,345.50,341.51,342.30,343.547485286249331193,7476,442,2568361.00,4791,64.08,3.99,-2.49
3-November-2025,344.99,344.99,340.22,343.84,342.950612244897959183,4900,381,1680458.00,3846,78.49,4.77,-1.15
31-October-2025,343.82,344.80,342.37,342.99,343.247013188518231186,6445,353,2212227.00,4844,75.16,2.43,-0.83
30-October-2025,338.02,345.25,338.02,343.80,343.568553930758655168,8001,365,2748892.00,6183,77.28,7.23,5.78
29-October-2025,344.00,346.75,339.98,341.99,343.377445522506759980,6287,556,2158814.00,6034,95.98,6.77,-2.01
28-October-2025,342.53,345.50,342.50,343.95,344.158184951177484204,8705,662,2995897.00,8042,92.38,3.00,1.42
27-October-2025,342.10,348.17,342.10,344.72,345.781583889140711001,30886,858,10679810.00,22659,73.36,6.07,2.62
24-October-2025,340.74,346.21,340.74,341.98,343.636915320698347493,10711,692,3680695.00,7444,69.50,5.47,1.24
23-October-2025,352.93,355.00,336.26,341.11,347.628200671996292434,17262,1501,6000758.00,11355,65.78,18.74,-11.82
21-October-2025,351.70,353.65,350.01,352.93,352.262676641729010806,4812,362,1695088.00,3797,78.91,3.64,1.23
20-October-2025,342.70,349.75,342.70,349.48,347.656476643531154955,12823,822,4457999.00,10866,84.74,7.05,6.78
17-October-2025,344.50,345.00,342.00,342.86,342.982483256053580628,3882,377,1331458.00,2690,69.29,3.00,-1.64
16-October-2025,343.40,347.00,341.16,344.26,343.807198484529572721,14253,1028,4900284.00,10202,71.58,5.84,0.86
15-October-2025,340.75,344.00,337.65,342.93,341.012032085561497326,4488,438,1530462.00,2352,52.41,6.35,2.18
14-October-2025,345.40,345.40,337.43,340.93,341.598711803475134811,6676,798,2280513.00,5191,77.76,7.97,-4.47
13-October-2025,348.99,349.00,340.00,342.43,345.174849267872523686,8127,498,2805236.00,4903,60.33,9.00,-6.56
10-October-2025,344.96,348.50,341.51,344.05,345.392497200447928331,3572,306,1233742.00,2879,80.60,6.99,-0.91
9-October-2025,343.10,347.89,342.87,344.17,343.910701321330042108,6887,469,2368513.00,5143,74.68,5.02,1.07
8-October-2025,349.00,349.00,343.00,344.70,345.664163909391702723,7858,514,2716229.00,5881,74.84,6.00,-4.30
7-October-2025,347.99,349.48,342.16,345.02,345.422637843089628370,4117,388,1422105.00,3201,77.75,7.32,-2.97
6-October-2025,350.70,350.70,341.60,346.82,347.329647129787875741,9947,658,3454888.00,6713,67.49,9.10,-3.88
3-October-2025,349.40,350.00,345.25,347.28,348.093140284276507460,11327,820,3942851.00,8045,71.02,4.75,-2.12
1-October-2025,346.23,349.75,345.00,347.86,348.223990844777361631,9612,858,3347129.00,7128,74.16,4.75,1.63
30-September-2025,346.00,349.00,342.01,343.23,344.837746554985139151,7402,452,2552489.00,5294,71.52,6.99,-2.77
29-September-2025,339.10,349.99,339.10,344.51,346.803097878495660559,16592,950,5754157.00,10808,65.14,10.89,5.41
26-September-2025,332.74,349.56,332.74,341.13,338.773167016590506772,24291,1453,8229139.00,17381,71.55,16.82,8.39
25-September-2025,329.99,333.50,327.33,331.79,331.992449368428480700,14171,962,4704665.00,13179,93.00,6.17,1.80
24-September-2025,331.00,331.43,328.98,329.90,330.187771720378165758,14491,712,4784751.00,10495,72.42,2.45,-1.10
23-September-2025,328.50,331.77,327.18,329.25,330.121700507614213197,7880,645,2601359.00,5930,75.25,4.59,0.75
22-September-2025,328.80,333.50,326.36,329.24,330.655212077641984184,13910,954,4599414.00,6647,47.79,7.14,0.44
19-September-2025,328.30,332.24,327.01,329.22,329.057224980402403971,7654,560,2518604.00,5697,74.43,5.23,0.92
18-September-2025,326.30,331.57,326.30,328.30,329.571961009174311926,3488,289,1149547.00,2353,67.46,5.27,2.00
17-September-2025,335.25,339.70,324.67,328.52,330.487027555657826612,17383,1338,5744856.00,11931,68.64,15.03,-6.73
16-September-2025,331.98,338.00,331.02,333.67,334.846267009930121368,5438,764,1820894.00,3076,56.56,6.98,1.69
15-September-2025,321.50,343.78,321.25,329.83,327.688899146088160627,25998,1469,8519256.00,20403,78.48,22.53,8.33
12-September-2025,320.00,321.78,317.61,320.12,320.512557555462536626,4778,249,1531409.00,3824,80.03,4.17,0.12
11-September-2025,321.00,321.00,319.01,319.94,320.309648466716529543,1337,255,428254.00,1031,77.11,1.99,-1.06
10-September-2025,320.74,321.50,318.20,319.95,320.184642233856893542,5730,670,1834658.00,3875,67.63,3.30,-0.79
9-September-2025,320.70,320.70,317.97,319.84,319.206016889514426460,5684,554,1814367.00,4784,84.17,2.73,-0.86
8-September-2025,320.10,321.30,315.11,317.98,319.190925162050677666,6788,581,2166668.00,3862,56.89,6.19,-2.12
5-September-2025,320.57,321.00,318.25,319.21,319.701521528002589834,3089,458,987558.00,2186,70.77,2.75,-1.36
4-September-2025,321.78,321.78,318.83,320.07,320.194349315068493150,3504,362,1121961.00,2254,64.33,2.95,-1.71
3-September-2025,318.94,324.88,318.00,318.35,320.545788542658865151,7349,341,2355691.00,5148,70.05,6.88,-0.59
2-September-2025,317.00,320.75,317.00,317.51,318.836363636363636363,3410,306,1087232.00,2164,63.46,3.75,0.51
1-September-2025,318.80,320.40,315.61,318.04,317.659822478879264249,9351,647,2970437.00,7213,77.14,4.79,-0.76
29-August-2025,318.00,322.00,317.00,319.60,320.396809571286141575,4012,407,1285432.00,2877,71.71,5.00,1.60
28-August-2025,318.42,318.76,315.00,316.06,316.997241125620746735,5437,432,1723514.00,4126,75.89,3.76,-2.36
26-August-2025,316.95,322.25,315.55,318.41,318.243939513581806696,50656,2831,16120965.00,47807,94.38,6.70,1.46
25-August-2025,326.00,326.00,315.76,316.12,318.862824138138499488,16621,1109,5299819.00,12081,72.69,10.24,-9.88
22-August-2025,321.74,325.00,318.00,323.12,321.815660377358490566,5300,298,1705623.00,4728,89.21,7.00,1.38
21-August-2025,322.00,323.02,317.47,321.43,321.227821421728300440,5219,430,1676488.00,3944,75.57,5.55,-0.57
20-August-2025,320.00,321.89,316.30,321.30,320.382031250000000000,3840,450,1230267.00,1868,48.65,5.59,1.30
19-August-2025,317.61,320.33,313.90,319.20,316.945661605206073752,9220,976,2922239.00,5123,55.56,6.43,1.59
18-August-2025,317.40,318.00,314.77,317.61,317.000385208012326656,5192,355,1645866.00,4610,88.79,3.23,0.21
14-August-2025,315.00,318.50,311.55,314.16,314.487220447284345047,8138,727,2559297.00,5841,71.77,6.95,-0.84
13-August-2025,317.24,317.24,310.85,316.22,314.362246638913533064,14653,631,4606350.00,10073,68.74,6.39,-1.02
12-August-2025,313.61,315.85,313.18,314.05,313.466626002091321017,11476,381,3597343.00,11039,96.19,2.67,0.44
11-August-2025,314.97,320.00,313.00,313.24,315.685398813447593935,12136,453,3831158.00,9205,75.85,7.00,-1.73
8-August-2025,321.60,321.60,311.20,313.89,315.928901734104046242,5190,680,1639671.00,4024,77.53,10.40,-7.71
7-August-2025,318.20,320.22,316.00,319.60,318.734192607003891050,8224,688,2621270.00,5685,69.13,4.22,1.40
6-August-2025,315.20,319.88,313.33,317.79,317.379975654290931223,16430,512,5214553.00,13558,82.52,6.55,2.59
5-August-2025,316.35,320.20,314.16,318.03,317.905085225263455689,28278,1726,8989720.00,25028,88.51,6.04,1.68
4-August-2025,319.80,321.00,315.10,316.75,318.881565692905454022,6949,919,2215908.00,4197,60.40,5.90,-3.05
1-August-2025,314.77,318.70,314.70,317.19,317.447800620190651200,8707,576,2764018.00,7259,83.37,4.00,2.42
31-July-2025,317.00,317.50,313.00,314.77,314.449198868991517436,5305,353,1668153.00,4110,77.47,4.50,-2.23
30-July-2025,316.00,318.84,316.00,316.99,316.614300100704934541,993,127,314398.00,789,79.46,2.84,0.99
29-July-2025,314.96,317.18,314.96,316.42,316.624491748385553695,4181,450,1323807.00,3189,76.27,2.22,1.46
28-July-2025,316.90,317.50,312.25,316.52,316.521084658908935625,9367,402,2964853.00,7236,77.25,5.25,-0.38
25-July-2025,312.01,316.00,312.01,314.68,314.795626072041166380,11660,299,3670517.00,9151,78.48,3.99,2.67
24-July-2025,311.30,314.99,311.25,314.77,313.564768976897689768,7272,459,2280243.00,5212,71.67,3.74,3.47
23-July-2025,313.80,313.80,309.29,311.90,310.473435147343514734,9298,425,2886782.00,7269,78.18,4.51,-1.90
22-July-2025,309.90,314.00,309.00,311.92,311.985896461447512878,11841,426,3694225.00,10196,86.11,5.00,2.02
21-July-2025,307.35,310.45,307.35,309.70,309.908004778972520908,6696,274,2075144.00,5799,86.60,3.10,2.35
18-July-2025,310.00,310.23,307.30,308.26,309.627003918774492340,2807,368,869123.00,2277,81.12,2.93,-1.74
17-July-2025,308.39,310.23,307.35,309.87,309.550559768869628024,5538,428,1714291.00,3718,67.14,2.88,1.48
16-July-2025,310.00,311.00,307.05,307.24,310.141298818741875317,17693,356,5487330.00,16552,93.55,3.95,-2.76
15-July-2025,307.39,310.80,306.80,308.22,310.389864979379696062,17701,365,5494211.00,16909,95.53,4.00,0.83
14-July-2025,310.90,310.90,304.55,307.37,308.038762650372350582,5237,249,1613199.00,4491,85.76,6.35,-3.53
11-July-2025,309.64,312.32,308.46,308.94,309.705839592924642597,4127,291,1278156.00,2537,61.47,3.86,-0.70
10-July-2025,309.70,311.20,308.00,309.69,309.312995245641838351,6310,321,1951765.00,4140,65.61,3.20,-0.01
9-July-2025,310.40,314.49,308.00,309.34,310.032764567072063895,11018,545,3415941.00,10106,91.72,6.49,-1.06
8-July-2025,309.30,311.00,308.20,309.10,309.206445586174684726,6423,662,1986033.00,5004,77.91,2.80,-0.20
7-July-2025,309.50,313.00,309.00,310.12,309.862551867219917012,3856,171,1194830.00,2728,70.75,4.00,0.62
4-July-2025,312.75,312.75,308.00,309.50,309.583320257335634708,12746,515,3945949.00,11386,89.33,4.75,-3.25
3-July-2025,313.80,313.80,308.81,309.65,310.461286407766990291,8240,535,2558201.00,5877,71.32,4.99,-4.15
2-July-2025,315.60,315.60,310.35,311.63,313.241857659831121833,3316,367,1038710.00,2490,75.09,5.25,-3.97
1-July-2025,316.00,316.00,312.00,313.33,314.271932469098583056,3317,147,1042440.00,2394,72.17,4.00,-2.67
30-June-2025,312.10,315.22,311.93,314.70,314.055530742891171654,6717,300,2109511.00,5888,87.66,3.29,2.60
27-June-2025,313.70,313.70,307.35,311.10,311.553390660716229454,9187,679,2862241.00,6373,69.37,6.35,-2.60
26-June-2025,312.00,314.25,308.11,311.06,311.382187147688838782,3548,241,1104784.00,2199,61.98,6.14,-0.94
25-June-2025,313.85,313.85,308.84,311.62,310.644736842105263157,5928,491,1841502.00,4455,75.15,5.01,-2.23
24-June-2025,310.10,312.00,308.00,311.02,310.317792170682922183,20998,1148,6516053.00,17838,84.95,4.00,0.92
23-June-2025,305.50,311.35,305.24,309.51,309.006268996960486322,10528,636,3253218.00,8947,84.98,6.11,4.01
20-June-2025,307.13,310.00,303.05,307.37,307.533854453374435759,9083,348,2793330.00,5411,59.57,6.95,0.24
19-June-2025,310.80,310.80,305.00,307.13,307.869628550619082301,2746,169,845410.00,2082,75.82,5.80,-3.67
18-June-2025,288.00,308.86,288.00,307.87,301.159198998748435544,7990,511,2406262.00,6717,84.07,20.86,19.87
17-June-2025,303.10,309.00,303.10,307.62,306.518368527625108475,3457,209,1059634.00,2393,69.22,5.90,4.52
16-June-2025,309.10,310.30,306.17,308.42,309.020193151887620719,13668,1348,4223688.00,9683,70.84,4.13,-0.68
13-June-2025,307.20,308.72,303.22,307.22,306.616935483870967741,11408,556,3497886.00,5773,50.60,5.50,0.02
12-June-2025,309.80,311.48,306.33,307.87,307.911098527746319365,15894,736,4893939.00,15250,95.95,5.15,-1.93
11-June-2025,305.35,309.80,305.35,308.41,308.411197428341816233,7466,422,2302598.00,6212,83.20,4.45,3.06
10-June-2025,307.55,310.00,303.61,305.28,307.091944377847039079,8342,854,2561761.00,4780,57.30,6.39,-2.27
9-June-2025,305.00,309.60,305.00,307.55,307.293494489868467827,14065,1006,4322083.00,12732,90.52,4.60,2.55
6-June-2025,307.40,307.40,303.00,304.59,304.833397658561687893,7773,974,2369470.00,5277,67.89,4.40,-2.81
5-June-2025,306.90,307.65,304.03,305.22,305.090377526376001016,7867,403,2400146.00,6511,82.76,3.62,-1.68
4-June-2025,305.70,307.99,302.55,305.27,305.698684613031508106,3269,347,999329.00,2354,72.01,5.44,-0.43
3-June-2025,307.70,307.70,302.35,304.29,305.877515310586176727,1143,104,349618.00,1016,88.89,5.35,-3.41
2-June-2025,307.40,309.70,302.86,303.91,306.162889330682571239,7545,872,2309999.00,5588,74.06,6.84,-3.49
30-May-2025,308.60,309.86,301.01,305.61,306.793161569949434143,12459,870,3822336.00,7284,58.46,8.85,-2.99
29-May-2025,304.00,308.00,304.00,306.17,306.086044830079537237,1383,100,423317.00,1028,74.33,4.00,2.17
28-May-2025,303.70,305.79,300.01,302.94,303.959968602825745682,11466,752,3485205.00,7031,61.32,5.78,-0.76
27-May-2025,296.50,300.00,296.50,299.95,299.621748754842280022,3614,352,1082833.00,3291,91.06,3.50,3.45
26-May-2025,295.00,299.68,295.00,299.07,298.841086647727272727,5632,530,1683073.00,3499,62.13,4.68,4.07
23-May-2025,298.88,298.88,295.10,297.20,296.739538521705123191,2557,168,758763.00,1569,61.36,3.78,-1.68
22-May-2025,296.00,299.99,296.00,298.72,298.956585187887632251,8223,555,2458320.00,5476,66.59,3.99,2.72
21-May-2025,297.00,299.99,297.00,298.01,298.842127842127842127,4662,301,1393202.00,2766,59.33,2.99,1.01
20-May-2025,298.20,299.80,295.10,298.36,297.904125605478536829,5987,369,1783552.00,4614,77.07,4.70,0.16
19-May-2025,295.00,299.35,295.00,298.16,298.107529305680793507,4436,304,1322405.00,3025,68.19,4.35,3.16
16-May-2025,298.00,299.50,293.10,298.51,296.970274817722938867,5349,301,1588494.00,3667,68.55,6.40,0.51
15-May-2025,297.00,298.44,295.00,295.23,296.493029775966356013,115563,389,34263624.00,4366,3.78,3.44,-1.77
14-May-2025,297.00,297.00,294.55,295.79,295.406521739130434782,2760,157,815322.00,1906,69.06,2.45,-1.21
13-May-2025,299.30,299.30,292.50,295.77,295.816172016959418534,3302,267,976785.00,2460,74.50,6.80,-3.53
12-May-2025,297.30,300.14,296.24,297.28,297.694318484929314483,3749,310,1116056.00,2242,59.80,3.90,-0.02
9-May-2025,291.11,307.00,291.11,298.97,297.877095544009623505,39071,681,11638356.00,5630,14.41,15.89,7.86
8-May-2025,299.00,300.26,293.00,299.64,296.159097525473071324,13740,208,4069226.00,4072,29.64,7.26,0.64
7-May-2025,289.69,301.50,289.69,298.55,295.729032258064516129,4650,431,1375140.00,3065,65.91,11.81,8.86
6-May-2025,290.15,293.10,289.20,290.38,291.182570569978816690,20299,570,5910715.00,14431,71.09,3.90,0.23
5-May-2025,291.00,294.22,289.45,290.19,291.114640642738625447,45804,641,13334215.00,4269,9.32,4.77,-0.81
2-May-2025,288.20,293.40,288.20,290.14,290.107071184039664738,8471,401,2457497.00,3633,42.89,5.20,1.94
30-April-2025,289.10,290.50,288.16,289.39,289.696085955487336914,1303,127,377474.00,1034,79.36,2.34,0.29
29-April-2025,289.99,293.00,288.60,290.00,290.202864583333333333,3840,212,1114379.00,3059,79.66,4.40,0.01
28-April-2025,288.60,293.00,288.60,290.02,291.308613989637305699,3088,326,899561.00,1953,63.24,4.40,1.42
25-April-2025,291.50,291.50,289.65,289.99,290.555370524562864279,6005,218,1744785.00,5197,86.54,1.85,-1.51
24-April-2025,291.50,291.93,288.33,290.97,290.776307877330126277,1663,255,483561.00,1555,93.51,3.60,-0.53
23-April-2025,290.00,291.57,288.86,290.62,290.143490374873353596,7896,379,2290973.00,6371,80.69,2.71,0.62
22-April-2025,286.70,298.88,286.70,293.83,291.303240413188057167,7067,265,2058640.00,5149,72.86,12.18,7.13
21-April-2025,288.00,289.00,287.00,288.00,288.371531966224366706,8290,309,2390600.00,7304,88.11,2.00,0.00
17-April-2025,288.15,290.00,286.20,287.87,287.957224679185093888,13793,662,3971794.00,8088,58.64,3.80,-0.28
16-April-2025,287.80,293.85,286.00,289.02,289.015708827753349359,766639,1321,221570714.00,759272,99.04,7.85,1.22
15-April-2025,288.80,289.77,284.80,286.54,287.439463601532567049,2610,178,750217.00,1883,72.15,4.97,-2.26
11-April-2025,287.00,291.50,283.50,287.87,286.920418674198371822,12038,619,3453948.00,6410,53.25,8.00,0.87
9-April-2025,285.00,287.00,284.85,284.91,286.143564356435643564,2020,239,578010.00,1240,61.39,2.15,-0.09
8-April-2025,287.60,289.90,284.00,285.48,285.338923347882686270,13059,498,3726241.00,10338,79.16,5.90,-2.12
7-April-2025,289.10,289.95,284.00,288.62,287.993705979319646335,13346,347,3843564.00,8862,66.40,5.95,-0.48
4-April-2025,289.69,290.00,285.10,289.08,288.070407337469652009,3707,247,1067877.00,3103,83.71,4.90,-0.61
3-April-2025,287.00,290.00,287.00,289.69,289.194696441032798325,2866,64,828832.00,2559,89.29,3.00,2.69
2-April-2025,289.90,289.91,282.35,286.60,286.598870056497175141,5310,226,1521840.00,3675,69.21,7.56,-3.30
1-April-2025,289.08,290.00,282.00,288.93,286.458538877143528306,8514,319,2438908.00,1964,23.07,8.00,-0.15
28-March-2025,295.00,295.00,288.01,289.08,289.136350857464155186,14228,688,4113832.00,12118,85.17,6.99,-5.92
27-March-2025,289.76,290.00,287.51,289.99,289.597335508428493746,3678,103,1065139.00,3227,87.74,2.49,0.23
26-March-2025,291.75,292.00,288.00,289.76,289.584890656063618290,2515,134,728306.00,1879,74.71,4.00,-1.99
25-March-2025,294.00,297.99,291.02,291.68,292.591629306638825769,32566,1076,9528539.00,30979,95.13,6.97,-2.32
24-March-2025,299.44,304.40,294.15,294.95,297.759384023099133782,17663,782,5259324.00,15343,86.87,10.25,-4.49
21-March-2025,298.00,322.28,280.00,303.64,303.308357245764225415,83987,781,25473959.00,42561,50.68,42.28,5.64
20-March-2025,296.00,297.89,293.25,295.05,295.146027146560927253,13114,183,3870545.00,12295,93.75,4.64,-0.95
19-March-2025,293.45,299.05,291.10,295.12,295.203368461117586887,84074,1774,24818928.00,79204,94.21,7.95,1.67
18-March-2025,293.77,296.00,283.00,291.94,283.085525794727803876,32423680,5129,9178674501.00,32001284,98.70,13.00,-1.83
17-March-2025,303.00,303.00,292.56,292.90,297.625386571369665315,14551,650,4330747.00,11007,75.64,10.44,-10.10
13-March-2025,292.95,300.00,289.01,299.37,297.224485151894413471,8789,642,2612306.00,5522,62.83,10.99,6.42
12-March-2025,293.50,294.10,286.30,290.22,290.956419316843345111,11037,515,3211286.00,8248,74.73,7.80,-3.28
11-March-2025,290.05,297.00,290.05,293.12,294.356009680021511158,3719,394,1094710.00,2872,77.22,6.95,3.07
10-March-2025,301.97,301.97,292.35,296.27,296.033480907581627006,3614,410,1069865.00,2815,77.89,9.62,-5.70
7-March-2025,298.80,299.30,295.00,298.53,298.507978285902286560,12158,1523,3629260.00,9909,81.50,4.30,-0.27
6-March-2025,300.00,300.00,295.19,296.30,297.169212378801965732,7529,181,2237387.00,5677,75.40,4.81,-3.70
5-March-2025,294.00,298.67,288.30,293.85,291.806564245810055865,15752,782,4596537.00,9089,57.70,10.37,-0.15
4-March-2025,292.00,295.99,290.00,294.01,292.841704035874439461,2230,241,653037.00,1421,63.72,5.99,2.01
3-March-2025,296.01,300.20,289.26,290.85,293.071876151861408035,5426,268,1590208.00,3218,59.31,10.94,-5.16
28-February-2025,282.00,303.00,282.00,299.11,294.267118827997829625,18430,787,5423343.00,13925,75.56,21.00,17.11
27-February-2025,292.90,294.77,290.34,292.51,292.555169484981854683,12951,522,3788882.00,11539,89.10,4.43,-0.39
25-February-2025,292.00,295.45,289.53,291.76,292.960538532961931290,6462,787,1893111.00,5461,84.51,5.92,-0.24
24-February-2025,286.52,296.85,286.52,293.95,292.866187542778918548,8766,469,2567265.00,6919,78.93,10.33,7.43
21-February-2025,294.00,294.00,287.50,288.56,290.073094867807153965,14789,350,4289891.00,13210,89.32,6.50,-5.44
20-February-2025,292.99,295.39,285.80,291.16,292.267109389411547684,5421,430,1584380.00,4124,76.07,9.59,-1.83
19-February-2025,292.09,292.09,280.56,285.84,284.839302815552576134,5221,204,1487146.00,3933,75.33,11.53,-6.25
18-February-2025,284.00,290.31,284.00,289.88,287.960674157303370786,890,82,256285.00,781,87.75,6.31,5.88
17-February-2025,285.30,288.29,285.00,285.88,286.170028818443804034,1388,189,397204.00,730,52.59,3.29,0.58
14-February-2025,292.00,299.70,285.10,288.48,290.488054607508532423,6153,599,1787373.00,4528,73.59,14.60,-3.52
13-February-2025,288.00,289.65,283.12,288.94,288.383684621389539422,2562,93,738839.00,1724,67.29,6.53,0.94
12-February-2025,287.60,288.00,283.90,286.57,285.245564728614087475,5693,386,1623903.00,4491,78.89,4.10,-1.03
11-February-2025,291.23,297.70,284.52,286.68,289.710992907801418439,5640,371,1633970.00,2280,40.43,13.18,-4.55
10-February-2025,297.90,298.80,288.40,291.23,293.082253690870744200,3319,327,972740.00,1722,51.88,10.40,-6.67
7-February-2025,296.25,300.00,295.50,296.42,298.136765975820379965,9264,569,2761939.00,6730,72.65,4.50,0.17
6-February-2025,297.80,299.89,293.45,298.82,296.975735673722250903,5811,406,1725726.00,4338,74.65,6.44,1.02
5-February-2025,295.10,297.94,291.25,295.04,293.900950435943759327,12731,1405,3741653.00,8982,70.55,6.69,-0.06
4-February-2025,297.00,300.90,292.55,298.78,297.228541822577859651,17371,755,5163157.00,13628,78.45,8.35,1.78
3-February-2025,299.95,302.10,298.11,300.40,300.465273934698395130,7228,273,2171763.00,5344,73.93,3.99,0.45
1-February-2025,303.90,303.90,297.10,297.99,300.430387318678032002,6687,351,2008978.00,5245,78.44,6.80,-5.91
31-January-2025,298.30,300.20,295.15,298.01,298.907422470767666497,19670,569,5879509.00,17828,90.64,5.05,-0.29
30-January-2025,300.00,300.00,293.00,296.89,295.482369534555712270,3545,276,1047485.00,2655,74.89,7.00,-3.11
29-January-2025,292.88,297.40,290.00,296.40,294.948227712137486573,9310,338,2745968.00,7233,77.69,7.40,3.52
28-January-2025,290.99,291.14,286.00,290.74,289.541606772081137198,6261,296,1812820.00,5347,85.40,5.14,-0.25
27-January-2025,287.27,291.51,287.27,290.19,290.198386012104909213,13383,749,3883725.00,10723,80.12,4.24,2.92
24-January-2025,289.95,294.00,288.26,293.80,292.849579831932773109,3570,191,1045473.00,2662,74.57,5.74,3.85
23-January-2025,290.27,293.59,285.68,291.52,289.615620700603238437,9449,362,2736578.00,8254,87.35,7.91,1.25
22-January-2025,291.30,294.50,287.04,292.14,291.162972620599739243,2301,236,669966.00,1284,55.80,7.46,0.84
21-January-2025,298.00,298.00,287.70,291.97,294.276046468744237506,10846,756,3191718.00,7713,71.11,10.30,-6.03
20-January-2025,295.00,302.00,288.69,294.94,296.801303611002476860,38355,1349,11383814.00,27938,72.84,13.31,-0.06
17-January-2025,291.00,293.30,287.26,289.43,291.660569105691056910,5904,360,1721964.00,5013,84.91,6.04,-1.57
16-January-2025,283.00,292.07,282.01,290.25,288.531213037192798002,7609,365,2195434.00,5878,77.25,10.06,7.25
15-January-2025,281.50,290.65,281.50,288.38,288.606725257928926251,13085,649,3776419.00,10629,81.23,9.15,6.88
14-January-2025,255.00,286.95,255.00,286.57,283.429461457233368532,9470,657,2684077.00,7357,77.69,31.95,31.57
13-January-2025,291.30,291.30,282.26,284.80,284.083467293186595770,16174,281,4594766.00,14587,90.19,9.04,-6.50
10-January-2025,289.70,292.04,285.00,288.81,290.087059399477806788,12256,433,3555307.00,9749,79.54,7.04,-0.89
9-January-2025,288.01,291.50,287.70,288.46,288.867734282325029655,21918,465,6331403.00,20214,92.23,3.80,0.45
8-January-2025,288.35,290.33,285.99,289.27,289.040320274521018015,17485,707,5053870.00,15934,91.13,4.34,0.92
7-January-2025,281.50,289.99,281.00,288.93,285.640287769784172661,15012,752,4288032.00,13070,87.06,8.99,7.43
6-January-2025,283.00,285.35,276.55,284.04,282.877107313103127543,17202,1096,4866052.00,15115,87.87,8.80,1.04
3-January-2025,275.00,283.80,275.00,281.45,280.657680372381691233,5156,312,1447071.00,2847,55.22,8.80,6.45
2-January-2025,274.88,278.99,274.50,276.70,276.912336514669494521,2829,178,783385.00,1811,64.02,4.49,1.82
1-January-2025,275.50,275.89,271.70,273.03,273.535003994449817096,23783,1204,6505483.00,18705,78.65,4.19,-2.47
31-December-2024,272.00,280.70,272.00,274.73,276.644394281414597441,6645,713,1838302.00,4472,67.30,8.70,2.73
30-December-2024,279.20,279.20,271.11,274.91,275.137137989778534923,3522,221,969033.00,906,25.72,8.09,-4.29
27-December-2024,279.00,280.00,275.47,276.65,277.506502280020266846,17763,1373,4929348.00,13670,76.96,4.53,-2.35
26-December-2024,289.40,289.40,275.00,275.59,278.891384354062470510,10597,831,2955412.00,7260,68.51,14.40,-13.81
24-December-2024,275.00,290.29,271.00,284.53,280.842407114953037985,12031,445,3378815.00,6996,58.15,19.29,9.53
23-December-2024,276.00,278.70,270.00,273.22,272.988015703560851298,14519,952,3963513.00,10758,74.10,8.70,-2.78
20-December-2024,273.60,277.18,271.15,275.06,274.706245345249494627,9399,499,2581964.00,5377,57.21,6.03,1.46
19-December-2024,276.00,278.88,274.40,276.56,276.034547908232118758,3705,213,1022708.00,2463,66.48,4.48,0.56
18-December-2024,279.70,279.70,275.20,275.79,276.165963636363636363,6875,1006,1898641.00,5962,86.72,4.50,-3.91
17-December-2024,279.80,279.80,274.90,276.36,275.511771630370806356,16990,671,4680945.00,15363,90.42,4.90,-3.44
16-December-2024,281.50,283.21,278.00,278.33,279.172150795380257136,13767,631,3843363.00,9890,71.84,5.21,-3.17
13-December-2024,288.60,288.60,277.00,285.61,283.076493405740884406,6445,315,1824428.00,2525,39.18,11.60,-2.99
12-December-2024,275.31,287.89,275.31,284.52,282.565994425315625512,12198,867,3446740.00,8891,72.89,12.58,9.21
11-December-2024,286.80,286.80,275.00,277.18,280.612606857108089197,32871,1981,9224017.00,28084,85.44,11.80,-9.62
10-December-2024,293.00,293.00,286.70,288.15,289.342162787707342162,7777,402,2250214.00,6885,88.53,6.30,-4.85
9-December-2024,283.02,293.00,283.02,290.73,287.355521071545246651,12244,1053,3518381.00,10340,84.45,9.98,7.71
6-December-2024,279.01,287.00,279.01,286.97,285.257998359310910582,2438,135,695459.00,1912,78.42,7.99,7.96
5-December-2024,283.00,286.84,276.55,279.98,281.728303393213572854,12525,617,3528647.00,8113,64.77,10.29,-3.02
4-December-2024,284.40,287.80,278.00,281.15,282.794210333455478197,13645,673,3858727.00,11020,80.76,9.80,-3.25
3-December-2024,290.80,290.80,283.50,283.97,285.708706265256305939,3687,213,1053408.00,3432,93.08,7.30,-6.83
2-December-2024,291.99,291.99,287.12,288.68,288.529922202274087372,3342,283,964267.00,2067,61.85,4.87,-3.31
29-November-2024,289.90,290.55,287.00,288.93,288.548011639185257032,1031,110,297493.00,604,58.58,3.55,-0.97
28-November-2024,284.10,290.20,284.10,288.02,286.873639083366745828,32423,805,9301304.00,28681,88.46,6.10,3.92
27-November-2024,292.00,292.15,284.55,286.12,288.369151366443861578,11819,762,3408235.00,10306,87.20,7.60,-5.88
26-November-2024,295.70,295.80,289.80,292.14,292.736817458087477755,10677,316,3125551.00,8010,75.02,6.00,-3.56
25-November-2024,273.95,296.99,273.95,294.04,288.514459161147902869,27180,1368,7841823.00,19945,73.38,23.04,20.09
22-November-2024,281.70,284.86,271.55,273.97,277.859312289836207831,9219,419,2561585.00,6613,71.73,13.31,-7.73
21-November-2024,283.90,283.90,278.50,279.00,280.893874752399817156,13126,726,3687013.00,10467,79.74,5.40,-4.90
19-November-2024,285.99,285.99,282.18,283.48,284.196030365332911592,12646,768,3593943.00,9513,75.23,3.81,-2.51
18-November-2024,289.00,289.00,282.00,284.84,285.794069192751235584,10319,640,2949109.00,7775,75.35,7.00,-4.16
14-November-2024,288.99,292.99,277.50,287.10,285.956233095647897713,12201,412,3488952.00,8512,69.76,15.49,-1.89
13-November-2024,292.00,292.00,282.15,284.25,287.569580142593081594,3787,172,1089026.00,3007,79.40,9.85,-7.75
12-November-2024,288.00,291.25,287.14,290.64,289.748912642830814596,13565,458,3930444.00,10720,79.03,4.11,2.64
11-November-2024,283.80,290.40,280.00,286.99,287.300817923186344238,28120,1462,8078899.00,13169,46.83,10.40,3.19
8-November-2024,293.10,294.60,281.01,285.92,289.656256138283244942,10182,675,2949280.00,8277,81.29,13.59,-7.18
7-November-2024,295.90,295.90,292.45,294.12,293.853044086773967809,2858,366,839832.00,1959,68.54,3.45,-1.78
6-November-2024,294.25,295.79,290.77,292.02,293.704006195874111103,14203,507,4171478.00,12577,88.55,5.02,-2.23
5-November-2024,296.90,296.90,293.00,294.25,294.024474187380497131,2615,226,768874.00,1685,64.44,3.90,-2.65
4-November-2024,293.00,295.25,292.00,293.66,293.484318455971049457,1658,155,486597.00,1431,86.31,3.25,0.66
1-November-2024,293.00,297.00,293.00,296.52,296.217804667242869490,2314,323,685448.00,2036,87.99,4.00,3.52
31-October-2024,297.24,297.24,289.60,292.64,291.925020374898125509,7362,458,2149152.00,4876,66.23,7.64,-4.60
30-October-2024,300.00,300.00,292.65,297.07,296.875923190546528803,4739,368,1406895.00,2881,60.79,7.35,-2.93
29-October-2024,295.60,299.94,290.00,298.06,293.269014882331736958,19419,645,5694991.00,12244,63.05,9.94,2.46
28-October-2024,298.00,298.00,291.00,291.93,294.379038739752451374,6221,504,1831332.00,5255,84.47,7.00,-6.07
25-October-2024,295.00,295.00,289.00,292.62,292.571907154821727686,4179,355,1222658.00,2756,65.95,6.00,-2.38
24-October-2024,294.00,296.85,292.47,293.81,295.194073532101701115,5467,377,1613826.00,4289,78.45,4.38,-0.19
23-October-2024,293.85,299.95,290.00,296.09,291.779275925772741059,72534,1809,21163918.00,62145,85.68,9.95,2.24
22-October-2024,292.00,294.00,290.50,293.85,292.939203354297693920,2862,184,838392.00,1835,64.12,3.50,1.85
21-October-2024,292.00,293.00,291.41,292.88,292.676234602779975138,8849,560,2589892.00,7218,81.57,1.59,0.88
18-October-2024,292.00,296.65,289.00,291.92,291.575417968032335109,5443,801,1587045.00,3134,57.58,7.65,-0.08
17-October-2024,292.00,293.90,290.00,291.16,291.247272211988096925,7057,382,2055332.00,5846,82.84,3.90,-0.84
16-October-2024,293.20,293.24,291.00,292.45,292.450980392156862745,1275,77,372875.00,1134,88.94,2.24,-0.75
15-October-2024,293.50,294.00,290.50,292.71,292.658126837463250734,4762,285,1393638.00,3889,81.67,3.50,-0.79
14-October-2024,292.15,293.60,289.30,292.18,292.213523131672597864,7306,690,2134912.00,5196,71.12,4.30,0.03
11-October-2024,292.00,293.90,288.63,292.46,292.164398575212348159,10949,258,3198908.00,9443,86.25,5.27,0.46
10-October-2024,292.00,292.33,288.83,289.02,290.310229322339603195,7762,396,2253388.00,6399,82.44,3.50,-2.98
9-October-2024,289.00,292.00,287.88,288.54,289.880053015241882041,3018,359,874858.00,2349,77.83,4.12,-0.46
8-October-2024,287.50,290.39,285.80,288.05,289.100290373017645744,8954,411,2588604.00,6865,76.67,4.59,0.55
7-October-2024,289.90,298.00,285.00,285.41,288.613503764495121892,41307,1511,11921758.00,32792,79.39,13.00,-4.49
4-October-2024,289.80,290.07,285.20,286.86,287.734060171128898702,7246,598,2084921.00,4286,59.15,4.87,-2.94
3-October-2024,285.97,290.65,285.18,285.60,288.124503224965795817,15349,619,4422423.00,11863,77.29,5.47,-0.37
1-October-2024,287.50,287.50,283.00,285.97,285.803822495606326889,9104,703,2601958.00,7058,77.53,4.50,-1.53
30-September-2024,286.00,289.48,282.00,285.37,285.178240740740740740,2592,269,739182.00,1299,50.12,7.48,-0.63
27-September-2024,288.81,288.81,282.04,283.79,284.084461839530332681,25550,628,7258358.00,22233,87.02,6.77,-5.02
26-September-2024,282.50,284.74,282.00,283.15,283.828928326605225074,13129,681,3726390.00,11832,90.12,2.74,0.65
25-September-2024,310.00,310.00,280.01,282.70,287.954256720117747308,25818,826,7434403.00,20140,78.01,29.99,-27.30
24-September-2024,280.90,282.00,277.00,281.36,279.843477206595538312,8248,584,2308149.00,4994,60.55,5.00,0.46
23-September-2024,279.50,282.50,277.11,281.36,280.891242629395064424,13737,450,3858603.00,11597,84.42,5.39,1.86
20-September-2024,285.00,285.00,275.35,280.37,282.230517804920006881,52317,425,14765454.00,50691,96.89,9.65,-4.63
19-September-2024,284.80,284.80,280.15,282.59,281.523219814241486068,1615,120,454660.00,1274,78.89,4.65,-2.21
18-September-2024,288.00,288.00,279.56,280.68,282.130858468677494199,6465,483,1823976.00,4769,73.77,8.44,-7.32
17-September-2024,282.00,285.00,280.00,283.73,283.812307013674459638,4534,320,1286805.00,3545,78.19,5.00,1.73
16-September-2024,286.00,286.00,278.92,280.87,280.744564133253540793,10026,541,2814745.00,7995,79.74,7.08,-5.13
13-September-2024,283.00,283.00,279.00,282.00,281.070133010882708585,6616,445,1859560.00,4977,75.23,4.00,-1.00
12-September-2024,275.99,280.00,275.49,279.69,278.054263565891472868,15351,1566,4268411.00,11902,77.53,4.51,3.70
11-September-2024,274.70,275.87,273.21,274.62,274.748026010218300046,4306,180,1183065.00,2564,59.54,2.66,-0.08
10-September-2024,270.80,274.50,268.25,273.22,272.820770708554638942,8849,673,2414191.00,7113,80.38,6.25,2.42
9-September-2024,268.00,272.09,267.00,269.75,269.578238224637681159,8832,687,2380915.00,7667,86.81,5.09,1.75
6-September-2024,269.88,269.88,267.01,268.25,268.013173846278186373,12373,190,3316127.00,4832,39.05,2.87,-1.63
5-September-2024,271.60,271.60,267.15,268.37,269.271439042267285609,4093,263,1102128.00,3446,84.19,4.45,-3.23
4-September-2024,267.50,270.50,265.35,269.75,268.493798084471659601,19107,1191,5130111.00,16441,86.05,5.15,2.25
3-September-2024,266.20,267.43,265.35,265.77,266.485569689508959102,7311,788,1948276.00,6094,83.35,2.08,-0.43
2-September-2024,266.01,267.99,262.91,266.19,266.672194457064970467,8804,629,2347782.00,6084,69.10,5.08,0.18
30-August-2024,265.35,269.95,265.00,266.01,267.149026140440799589,15608,971,4169662.00,9613,61.59,4.95,0.66
29-August-2024,270.00,270.00,266.00,267.53,267.416560509554140127,3140,207,839688.00,2392,76.18,4.00,-2.47
28-August-2024,269.00,269.00,266.02,267.77,266.945934770248617356,19347,414,5164603.00,11926,61.64,2.98,-1.23
27-August-2024,267.00,268.18,264.00,267.90,267.138423558455298889,5671,250,1514942.00,5044,88.94,4.18,0.90
26-August-2024,267.00,267.99,264.20,267.58,266.447513473787359137,16328,919,4350555.00,12798,78.38,3.79,0.58
23-August-2024,268.90,268.90,266.11,267.96,267.607315761161915008,1859,167,497482.00,1632,87.79,2.79,-0.94
22-August-2024,269.00,269.01,261.22,266.25,266.751510810689824969,22339,1378,5958962.00,8925,39.95,7.79,-2.75
21-August-2024,263.12,268.99,263.12,267.30,267.652828866701699071,5709,211,1528030.00,4594,80.47,5.87,4.18
20-August-2024,269.70,269.70,265.50,266.19,267.199438545099475161,16386,803,4378330.00,14821,90.45,4.20,-3.51
19-August-2024,267.85,268.25,265.11,268.16,267.808738738738738738,33300,925,8918031.00,25225,75.75,3.14,0.31
16-August-2024,271.00,271.00,266.00,267.88,268.040568836154248822,11462,622,3072281.00,6574,57.35,5.00,-3.12
14-August-2024,268.90,270.25,265.00,269.38,268.042170609012094616,9343,300,2504318.00,6381,68.30,5.25,0.48
13-August-2024,270.50,270.90,268.80,269.50,269.969104832321098494,3787,182,1022373.00,3027,79.93,2.10,-1.00
12-August-2024,270.00,270.68,268.23,269.90,269.453573657927590511,12816,503,3453317.00,9844,76.81,2.45,-0.10
9-August-2024,268.55,270.70,268.30,269.86,269.625439624853458382,1706,172,459981.00,1157,67.82,2.40,1.31
8-August-2024,267.30,270.49,267.30,268.82,269.136125654450261780,3247,229,873885.00,3117,96.00,3.19,1.52
7-August-2024,269.00,270.00,268.45,268.96,269.103055555555555555,3600,213,968771.00,3407,94.64,1.55,-0.04
6-August-2024,270.80,270.80,267.79,268.43,269.092456040839478162,3526,275,948820.00,2079,58.96,3.01,-2.37
5-August-2024,272.99,272.99,266.00,268.99,268.718848862128788651,29397,1066,7899528.00,18147,61.73,6.99,-4.00
2-August-2024,271.00,272.00,268.51,271.35,269.478157159408437265,14673,515,3954053.00,8891,60.59,3.49,0.35
1-August-2024,266.51,270.24,266.51,269.82,269.690829214717188358,10926,410,2946642.00,8978,82.17,3.73,3.31
31-July-2024,271.50,271.50,266.61,268.61,268.654467491025129637,10028,431,2694067.00,7571,75.50,4.89,-2.89
30-July-2024,268.00,271.83,268.00,269.31,270.008406572411157814,5234,152,1413224.00,3431,65.55,3.83,1.31
29-July-2024,273.00,273.00,267.98,269.64,270.159178374368247785,21567,801,5826523.00,12765,59.19,5.02,-3.36
26-July-2024,271.30,271.30,267.22,270.06,270.203730892132308489,11579,421,3128689.00,11236,97.04,4.08,-1.24
25-July-2024,268.13,270.15,267.22,269.37,268.487859966120835686,3542,207,950984.00,2364,66.74,2.93,1.24
24-July-2024,267.00,269.49,265.24,267.48,267.740189607584303372,8333,304,2231079.00,5754,69.05,4.25,0.48
23-July-2024,263.70,264.50,260.33,263.48,263.470785070785070785,38850,683,10235840.00,28576,73.55,4.17,-0.22
22-July-2024,271.50,272.09,260.00,262.86,265.089185789268208042,69159,1196,18333303.00,62343,90.14,12.09,-8.64
19-July-2024,267.30,275.17,267.00,271.39,271.283958492812792379,23514,710,6378971.00,12511,53.21,8.17,4.09
18-July-2024,265.30,271.13,265.30,270.41,267.718463224215860840,14602,760,3909225.00,11854,81.18,5.83,5.11
16-July-2024,266.70,269.39,264.10,267.13,266.269389438943894389,29088,988,7745244.00,15767,54.20,5.29,0.43
15-July-2024,268.59,268.59,264.10,266.89,266.706366147664490205,15928,638,4248099.00,14490,90.97,4.49,-1.70
12-July-2024,265.90,269.50,265.90,266.30,267.600068131493783001,5871,200,1571080.00,4826,82.20,3.60,0.40
11-July-2024,268.99,268.99,265.50,266.38,267.438218390804597701,6264,228,1675233.00,4419,70.55,3.49,-2.61
10-July-2024,266.10,269.00,266.10,267.63,267.833692064858659779,13938,481,3733066.00,11819,84.80,2.90,1.53
9-July-2024,267.97,268.85,265.85,267.19,267.429149797570850202,2470,196,660550.00,2373,96.07,3.00,-0.78
8-July-2024,269.85,269.85,264.50,266.61,266.153298092392553435,8702,356,2316066.00,6478,74.44,5.35,-3.24
5-July-2024,271.00,271.00,265.30,267.63,267.147160465384172330,17362,677,4638209.00,9551,55.01,5.70,-3.37
4-July-2024,270.00,271.69,265.50,269.30,269.001869342778433687,10164,284,2734135.00,8577,84.39,6.19,-0.70
3-July-2024,268.79,270.82,264.52,269.18,268.046717367685860623,19329,809,5181075.00,11752,60.80,6.30,0.39
2-July-2024,265.06,267.48,265.06,266.24,266.417078651685393258,2225,175,592778.00,1360,61.12,2.42,1.18
1-July-2024,265.99,268.00,263.00,267.11,266.933061308816693352,19361,442,5168091.00,16277,84.07,5.00,1.12
28-June-2024,263.01,267.90,263.00,264.92,265.965450288390154759,17511,1223,4657321.00,10982,62.71,4.90,1.91
27-June-2024,264.80,266.43,262.25,263.18,264.453711201079622132,3705,277,979801.00,2280,61.54,4.18,-1.62
26-June-2024,269.00,269.40,263.00,263.50,266.479102740450745952,28353,665,7555482.00,24783,87.41,6.40,-5.50
25-June-2024,262.05,268.00,262.05,265.94,266.681302562096616467,10226,462,2727083.00,8667,84.75,5.95,3.89
24-June-2024,267.00,267.00,262.22,263.69,263.944729388348771338,26126,832,6895820.00,23829,91.21,4.78,-3.31
21-June-2024,265.66,269.60,265.66,267.18,267.016509755764770091,7329,182,1956964.00,6145,83.84,3.94,1.52
20-June-2024,269.35,269.40,266.00,267.34,267.448842670244884267,2981,235,797265.00,2341,78.53,3.40,-2.01
19-June-2024,269.89,271.28,265.36,268.19,267.852026684352202239,25633,934,6865851.00,16143,62.98,5.92,-1.70
18-June-2024,266.50,269.04,262.10,268.41,267.743064787733758752,11283,535,3020945.00,8528,75.58,6.94,1.91
14-June-2024,266.89,268.00,265.05,265.76,266.329748089442400226,3533,161,940943.00,2545,72.04,2.95,-1.13
13-June-2024,257.01,269.85,257.01,266.89,267.651007147498375568,15390,508,4119149.00,6969,45.28,12.84,9.88
12-June-2024,260.00,262.30,260.00,261.43,261.080054515287982934,16876,789,4405987.00,13886,82.28,2.30,1.43
11-June-2024,262.64,262.64,257.50,260.35,259.683523654159869494,1839,135,477558.00,1091,59.33,5.14,-2.29
10-June-2024,263.99,263.99,257.04,258.00,259.070640427710158116,8791,458,2277490.00,6353,72.27,6.95,-5.99
7-June-2024,259.70,260.00,257.50,259.08,259.191822697745510126,10468,261,2713220.00,9700,92.66,2.50,-0.62
6-June-2024,258.00,260.00,252.14,258.45,257.467175066312997347,6032,482,1553042.00,4142,68.67,7.86,0.45
5-June-2024,255.00,256.19,252.20,254.46,253.900975943308261329,16087,543,4084505.00,14286,88.80,3.99,-0.54
4-June-2024,261.90,261.90,251.61,253.69,254.916381120813529346,36188,1244,9224914.00,25763,71.19,10.29,-8.21
3-June-2024,258.31,266.16,258.31,259.83,261.848896434634974533,20615,1325,5398015.00,14756,71.58,7.85,1.52
31-May-2024,259.00,263.07,259.00,261.14,261.011989389920424403,9425,171,2460038.00,5831,61.87,4.07,2.14
30-May-2024,264.00,264.00,258.70,259.92,259.715839047025417272,14439,336,3750037.00,12750,88.30,5.30,-4.08
29-May-2024,259.00,260.18,258.16,259.08,259.442646358876725368,8404,212,2180356.00,6144,73.11,2.02,0.08
28-May-2024,258.50,259.29,257.25,258.85,258.571936542669584245,3656,239,945339.00,3290,89.99,2.04,0.35
27-May-2024,256.00,260.77,256.00,258.53,258.739130434782608695,10879,421,2814823.00,7409,68.10,4.77,2.53
24-May-2024,255.72,261.95,253.95,260.88,258.513189448441247002,5838,274,1509200.00,4503,77.13,8.00,5.16
23-May-2024,256.02,260.90,256.02,258.55,258.817521561507035860,6609,359,1710525.00,4606,69.69,4.88,2.53
22-May-2024,260.98,260.98,252.72,258.13,257.712316702628913646,22709,542,5852389.00,15697,69.12,8.26,-2.85
21-May-2024,257.00,259.80,257.00,258.63,258.663167019842034290,10382,536,2685441.00,7830,75.42,2.80,1.63
18-May-2024,258.60,259.73,258.00,258.16,259.000000000000000000,562,37,145558.00,379,67.44,1.73,-0.44
17-May-2024,258.60,259.92,256.35,257.71,258.778346922074379413,32993,1045,8537874.00,25789,78.16,3.57,-0.89
16-May-2024,254.00,258.50,254.00,257.77,257.201104330136588201,17205,373,4425145.00,12919,75.09,4.50,3.77
15-May-2024,255.00,258.98,253.56,255.92,255.020066889632107023,3588,253,915012.00,2621,73.05,5.42,0.92
14-May-2024,253.60,253.99,251.80,253.99,252.837715694330320460,4868,104,1230814.00,4042,83.03,2.19,0.39
13-May-2024,253.80,253.95,250.50,252.74,252.347487801661611499,7583,374,1913551.00,4945,65.21,3.45,-1.06
10-May-2024,251.21,254.00,251.00,253.49,252.826419213973799126,4580,333,1157945.00,3884,84.80,3.00,2.28
9-May-2024,251.00,254.14,250.50,252.86,252.949090909090909090,4400,133,1112976.00,3839,87.25,3.64,1.86
8-May-2024,253.39,254.19,247.65,252.27,252.689799196787148594,18675,644,4718982.00,18281,97.89,6.54,-1.12
7-May-2024,254.00,254.00,251.98,253.39,252.922112802148612354,5585,288,1412570.00,4283,76.69,2.02,-0.61
6-May-2024,256.00,256.00,250.00,250.98,253.692165558019216555,2706,234,686491.00,1803,66.63,6.00,-5.02
3-May-2024,254.00,254.87,252.92,254.34,254.132405891980360065,6110,302,1552749.00,5635,92.23,1.95,0.34
2-May-2024,255.00,255.00,252.02,252.73,252.828627280625543006,4604,222,1164023.00,4332,94.09,2.98,-2.27
30-April-2024,254.70,254.70,252.25,252.60,252.745777171131206278,5861,232,1481343.00,5250,89.58,2.45,-2.10
29-April-2024,256.00,256.00,249.86,252.71,252.652694610778443113,4676,317,1181404.00,4181,89.41,6.14,-3.29
26-April-2024,250.61,257.05,250.61,254.35,254.649663677130044843,1784,117,454295.00,1379,77.30,6.44,3.74
25-April-2024,254.74,255.00,253.60,253.92,254.413568166992824527,1533,89,390016.00,1374,89.63,1.40,-0.82
24-April-2024,253.75,258.10,253.75,254.11,255.026411913458836751,3559,236,907639.00,3164,88.90,4.35,0.36
23-April-2024,254.89,255.19,253.59,254.35,254.572493654822335025,6304,1021,1604825.00,6124,97.14,1.60,-0.54
22-April-2024,257.48,257.48,252.39,254.86,254.759929906542056074,5136,246,1308447.00,4602,89.60,5.09,-2.62
19-April-2024,257.50,261.91,253.31,255.03,256.659205171175484797,8354,307,2144131.00,5741,68.72,8.60,-2.47
18-April-2024,254.00,255.23,252.51,254.64,254.231033070543667451,19534,1085,4966149.00,17533,89.76,2.72,0.64
16-April-2024,253.99,254.89,252.09,253.03,253.173523064472619368,14828,651,3754057.00,11893,80.21,2.80,-0.96
15-April-2024,257.25,257.25,252.85,254.68,253.726499423298731257,6936,402,1759847.00,6090,87.80,4.40,-2.57
12-April-2024,255.31,258.63,255.31,255.99,256.373226506426306125,23964,857,6143728.00,23712,98.95,3.32,0.68
10-April-2024,257.00,258.81,256.00,258.12,257.125241075294210257,25407,494,6532781.00,21048,82.84,2.81,1.12
9-April-2024,262.90,262.90,256.00,258.03,257.988759534323564833,4982,220,1285300.00,4444,89.20,6.90,-4.87
8-April-2024,260.00,261.25,258.10,258.42,259.723730814639905548,2541,465,659958.00,1900,74.77,3.15,-1.58
5-April-2024,263.80,268.39,260.00,260.88,263.495670866423837105,16747,553,4412762.00,10154,60.63,8.39,-2.92
4-April-2024,262.03,263.00,260.00,261.79,261.812455552169054150,9843,823,2577020.00,7061,71.74,3.00,-0.24
3-April-2024,264.80,264.80,261.00,262.03,262.004300825293502266,8603,378,2254023.00,6755,78.52,3.80,-2.77
2-April-2024,261.99,263.99,257.20,262.25,262.016676522767593140,16910,852,4430702.00,13594,80.39,6.79,0.26
1-April-2024,256.80,261.15,253.34,260.02,257.592818386880448698,16403,499,4225295.00,12927,78.81,7.81,3.22
28-March-2024,253.00,255.44,249.00,254.57,252.974805237858445217,6033,411,1526197.00,3976,65.90,6.44,1.57
27-March-2024,251.80,251.80,242.90,250.47,249.844165435745937961,6770,252,1691445.00,4718,69.69,8.90,-1.33
26-March-2024,253.99,253.99,248.76,249.56,250.398226351351351351,7104,293,1778829.00,5473,77.04,5.23,-4.43
22-March-2024,251.81,252.48,249.47,252.05,251.882216755896397048,6911,205,1740758.00,6249,90.42,3.01,0.24
21-March-2024,252.00,254.39,249.45,251.81,252.301898784460157305,12587,408,3175724.00,10058,79.91,4.94,-0.19
20-March-2024,251.50,252.00,247.21,250.68,250.332121212121212121,6600,135,1652192.00,5171,78.35,4.79,-0.82
19-March-2024,251.99,251.99,248.00,249.94,249.989668709966251119,14519,555,3629600.00,10192,70.20,3.99,-2.05
18-March-2024,243.10,249.55,243.10,248.91,247.916716358576823693,5031,195,1247269.00,3904,77.60,6.45,5.81
15-March-2024,247.19,249.49,243.00,244.75,247.382103829674162154,30107,613,7447933.00,25689,85.33,6.49,-2.44
14-March-2024,247.92,247.92,242.74,243.95,243.864728946471189907,23464,705,5722042.00,19017,81.05,5.18,-3.97
13-March-2024,250.00,252.17,243.00,244.32,246.206994496715781998,11266,384,2773768.00,10349,91.86,9.17,-5.68
12-March-2024,251.96,253.00,249.47,250.52,251.131490222521915037,8898,399,2234568.00,7827,87.96,3.53,-1.44
11-March-2024,253.00,254.05,251.96,252.00,253.153321201091901728,10990,418,2782155.00,8466,77.03,2.09,-1.00
7-March-2024,254.50,254.50,251.50,251.68,252.911933927245731254,10776,1417,2725379.00,8289,76.92,3.00,-2.82
6-March-2024,254.10,255.74,252.00,252.58,253.761517615176151761,3690,170,936380.00,3364,91.17,3.74,-1.52
5-March-2024,251.10,254.81,251.10,253.29,253.331458759372869802,5868,381,1486549.00,4373,74.52,3.71,2.19
4-March-2024,255.90,255.90,253.85,254.08,254.349255039439088518,11410,387,2902125.00,9319,81.67,2.05,-1.82
2-March-2024,257.88,257.88,252.80,253.77,253.651731160896130346,1473,47,373629.00,1264,85.81,5.08,-4.11
1-March-2024,253.25,253.75,252.06,253.16,252.975589573851882498,2417,149,611442.00,2136,88.37,1.69,-0.09
29-February-2024,253.90,254.68,252.00,253.24,253.069188458940461256,10363,161,2622556.00,10022,96.71,2.68,-0.66
28-February-2024,253.90,255.06,252.00,253.11,253.676289782896272663,12851,301,3259994.00,10164,79.09,3.06,-0.79
27-February-2024,251.25,254.00,251.25,252.09,252.202607423174138619,7517,280,1895807.00,6193,82.39,2.75,0.84
26-February-2024,252.90,255.00,251.83,253.47,253.507933592889150077,27226,244,6902007.00,26400,96.97,3.17,0.57
23-February-2024,251.50,254.00,251.50,252.15,252.299823466364037576,31722,273,8003455.00,31170,98.26,2.50,0.65
22-February-2024,251.90,252.90,251.71,252.23,252.261740763932373199,1597,90,402862.00,1450,90.80,1.19,0.33
21-February-2024,251.90,254.00,251.00,251.99,253.065420354956621306,45414,652,11492713.00,39667,87.35,3.00,0.09
20-February-2024,251.20,254.46,251.20,253.84,252.844117821020878925,33814,424,8549671.00,22780,67.37,3.26,2.64
19-February-2024,258.00,258.00,255.62,255.98,256.526729937530033637,16648,400,4270657.00,14970,89.92,2.38,-2.02
16-February-2024,255.13,256.54,253.14,256.14,255.387489197633450774,15043,467,3841794.00,12371,82.24,3.40,1.01
15-February-2024,254.92,257.90,253.30,255.13,255.725177711534051822,8722,235,2230435.00,7259,83.23,4.60,0.21
14-February-2024,255.99,255.99,250.55,254.92,253.766367334407859390,13029,644,3306322.00,10900,83.66,5.44,-1.07
13-February-2024,254.99,254.99,251.00,253.68,253.548932620483069806,26373,418,6686846.00,24038,91.15,3.99,-1.31
12-February-2024,252.90,254.05,250.00,252.68,252.879380302471412762,43376,800,10968896.00,39120,90.19,4.05,-0.22
9-February-2024,250.05,254.37,250.05,253.20,252.993047696038803556,12370,353,3129524.00,10263,82.97,4.32,3.15
8-February-2024,251.00,253.69,251.00,252.68,252.769756909141325445,10819,274,2734716.00,9509,87.89,2.69,1.68
7-February-2024,255.00,255.00,252.28,253.03,253.660043412923693437,5989,205,1519170.00,5467,91.28,2.72,-1.97
6-February-2024,245.20,253.00,245.20,252.60,251.318568597738664179,8579,328,2156062.00,6754,78.73,7.80,7.40
5-February-2024,251.17,256.42,246.95,247.57,249.685533855689393053,17102,425,4270122.00,16443,96.15,9.47,-3.60
2-February-2024,253.80,253.80,249.57,250.17,250.961608113002535313,2761,163,692905.00,1826,66.14,4.23,-3.63
1-February-2024,254.99,254.99,250.24,251.25,252.291740746727008243,6187,188,1560929.00,5584,90.25,4.75,-3.74
31-January-2024,247.11,254.05,247.10,253.01,250.701524357744376932,9381,331,2351831.00,5896,62.85,6.95,5.90
30-January-2024,246.92,250.48,246.36,247.05,248.918523931311655096,2737,113,681290.00,2524,92.22,4.12,0.13
29-January-2024,252.70,252.70,245.05,246.92,247.460032626427406199,15938,486,3944018.00,10705,67.17,7.65,-5.78
25-January-2024,248.05,251.59,246.79,250.10,249.967954070981210855,9580,283,2394693.00,4413,46.06,4.80,2.05
24-January-2024,248.35,251.50,244.79,251.01,248.419118428040361125,9415,323,2338866.00,8074,85.76,6.71,2.66
23-January-2024,252.00,252.00,241.90,245.59,244.479040944215462919,172503,2351,42173368.00,160353,92.96,10.10,-6.41
20-January-2024,252.20,252.30,245.81,250.07,248.972880036332965678,30826,835,7674838.00,24854,80.63,6.49,-2.13
19-January-2024,251.00,253.67,249.99,251.01,250.916324133881385789,6812,365,1709242.00,6493,95.32,3.68,0.01
18-January-2024,253.70,254.80,250.10,251.53,252.934953426653483894,19217,607,4860651.00,14263,74.22,4.70,-2.17
17-January-2024,252.08,254.79,249.49,254.09,251.703147743813682678,10992,558,2766721.00,6186,56.28,5.30,2.01
16-January-2024,251.00,253.34,251.00,252.25,252.884245220830586684,7585,120,1918127.00,6561,86.50,2.34,1.25
15-January-2024,247.50,253.84,247.50,250.27,250.566631243358129649,28230,454,7073496.00,25857,91.59,6.34,2.77
12-January-2024,252.00,253.55,244.00,251.88,251.104897660818713450,19152,1220,4809161.00,16532,86.32,9.55,-0.12
11-January-2024,249.96,250.95,246.59,250.17,249.707761123754218002,12743,480,3182026.00,11370,89.23,4.36,0.21
10-January-2024,246.20,246.70,245.00,245.98,245.927533866492573853,12254,361,3013596.00,8889,72.54,1.70,-0.22
9-January-2024,246.85,246.85,244.46,245.03,245.458654399079930994,8695,373,2134263.00,7316,84.14,2.39,-1.82
8-January-2024,245.66,254.70,244.10,245.00,246.863365184071397390,20617,469,5089582.00,16432,79.70,10.60,-0.66
5-January-2024,245.00,246.00,241.90,245.66,244.220134831460674157,11125,298,2716949.00,7470,67.15,4.10,0.66
4-January-2024,242.99,244.43,238.50,243.89,243.170861547634257484,23481,573,5709895.00,19245,81.96,5.93,0.90
3-January-2024,242.24,244.19,241.00,242.99,242.530838440474638153,15338,617,3719938.00,12167,79.33,3.19,0.75
2-January-2024,241.00,252.00,234.10,242.08,240.640354168229909206,13327,331,3207014.00,10784,80.92,17.90,1.08
1-January-2024,234.79,240.00,234.43,239.57,237.406302442662688793,5363,256,1273210.00,4538,84.62,5.57,4.78
29-December-2023,236.53,237.90,232.55,234.74,235.741941990980216993,69403,4224,16361198.00,61482,88.59,5.35,-1.79
28-December-2023,242.05,242.20,236.00,236.10,237.772849511880641002,27145,897,6454344.00,26041,95.93,6.20,-5.95
27-December-2023,241.95,244.68,241.85,242.08,242.505741983594332587,13410,362,3252002.00,10677,79.62,2.83,0.13
26-December-2023,243.30,244.52,241.50,242.91,242.644453474197480698,17227,515,4180036.00,15193,88.19,3.02,-0.39
22-December-2023,244.10,249.21,241.12,242.43,244.108572105138527113,8446,351,2061741.00,6911,81.83,8.09,-1.67
21-December-2023,249.80,249.80,243.46,246.50,245.605225653206650831,8420,244,2067996.00,5655,67.16,6.34,-3.30
20-December-2023,251.00,251.60,247.25,247.61,249.199923613763410992,28801,656,7177207.00,23105,80.22,4.35,-3.39
19-December-2023,252.80,253.00,250.00,250.42,251.238537219231483200,10774,316,2706844.00,8883,82.45,3.00,-2.38
18-December-2023,250.00,252.29,248.00,251.26,250.192131274630144066,15479,763,3872724.00,10294,66.50,4.29,1.26
15-December-2023,253.90,255.00,248.16,250.95,252.631883376440159887,21265,821,5372217.00,11045,51.94,6.84,-2.95
14-December-2023,255.30,255.30,248.10,252.17,250.551530766899060321,6598,420,1653139.00,3913,59.31,7.20,-3.13
13-December-2023,250.24,254.00,246.55,252.16,250.061962604067148901,7327,422,1832204.00,4581,62.52,7.45,1.92
12-December-2023,258.00,259.65,246.36,247.72,251.854843517138599105,20130,1015,5069838.00,15784,78.41,13.29,-10.28
11-December-2023,263.80,263.80,252.00,256.71,255.443965517241379310,9744,342,2489046.00,5024,51.56,11.80,-7.09
8-December-2023,250.00,264.82,247.00,259.38,255.141850163287742102,30927,1199,7890772.00,18203,58.86,17.82,9.38
7-December-2023,239.95,250.10,239.95,246.31,245.575705437026841018,26154,514,6422787.00,20021,76.55,10.15,6.36
6-December-2023,239.40,239.40,235.00,235.87,236.150696113554940819,22051,1642,5207359.00,20874,94.66,4.40,-3.53
5-December-2023,240.00,240.00,235.30,236.73,237.146080266167602412,9618,657,2280871.00,7337,76.28,4.70,-3.27
4-December-2023,244.00,247.06,238.00,238.79,239.742147896524692970,19135,752,4587466.00,15712,82.11,9.06,-5.21
1-December-2023,240.00,241.41,239.50,240.69,240.720471581398733716,13741,620,3307740.00,11848,86.22,1.91,0.69
30-November-2023,242.40,242.40,238.59,239.68,240.126135838595410442,12986,453,3118278.00,10337,79.60,3.81,-2.72
29-November-2023,243.10,243.10,239.22,239.73,239.688295687885010266,2435,200,583641.00,2027,83.24,3.88,-3.37
28-November-2023,242.90,242.90,239.50,240.14,240.215796354687379835,13003,291,3123526.00,9099,69.98,3.40,-2.76
24-November-2023,238.04,240.00,238.04,239.02,239.301598579040852575,8445,330,2020902.00,5930,70.22,1.96,0.98
23-November-2023,241.00,241.55,237.96,238.03,239.075652173913043478,19550,1283,4673929.00,19256,98.50,3.59,-2.97
22-November-2023,244.49,244.49,239.13,240.07,241.967386156032207862,14779,970,3576036.00,13538,91.60,5.36,-4.42
21-November-2023,244.12,244.69,243.50,244.00,243.975142258161126085,6678,274,1629266.00,5130,76.82,1.19,-0.12
20-November-2023,248.00,248.00,242.29,243.85,243.960110584518167456,2532,190,617707.00,1552,61.30,5.71,-4.15
17-November-2023,239.96,243.58,239.96,243.43,242.901420576840292724,11615,486,2821300.00,9192,79.14,3.62,3.47
16-November-2023,244.00,244.80,239.06,239.75,242.412404409573939815,20138,502,4881701.00,17880,88.79,5.74,-4.25
15-November-2023,244.80,244.80,240.00,242.83,242.483210630274735140,16707,935,4051167.00,11125,66.59,4.80,-1.97
13-November-2023,250.00,250.00,241.10,241.96,242.525457166704605812,13179,627,3196243.00,11276,85.56,8.90,-8.04
12-November-2023,250.90,250.90,245.02,249.13,249.238365304420350291,5995,538,1494184.00,4884,81.47,5.88,-1.77
10-November-2023,248.00,249.65,247.52,249.00,249.012158054711246200,9541,273,2375825.00,8286,86.85,2.13,1.00
9-November-2023,247.00,248.79,246.05,248.04,247.814616902334758303,12164,274,3014417.00,10913,89.72,2.74,1.04
8-November-2023,242.00,246.10,242.00,245.78,245.119750623441396508,20050,595,4914651.00,17951,89.53,4.10,3.78
7-November-2023,245.70,245.70,241.76,242.18,242.867545006537262395,9943,375,2414832.00,7595,76.39,3.94,-3.52
6-November-2023,244.10,245.30,243.00,244.75,244.901929580266560572,5027,353,1231122.00,4201,83.57,2.30,0.65
3-November-2023,243.50,244.93,241.30,242.04,242.692590324556031843,4899,393,1188951.00,3620,73.89,3.63,-1.46
2-November-2023,248.52,248.52,242.51,242.94,243.401031715705005731,5234,239,1273961.00,4668,89.19,6.01,-5.58
1-November-2023,246.98,246.98,240.37,240.92,243.455419919768796100,23183,838,5644027.00,19565,84.39,6.61,-6.06
31-October-2023,240.00,244.00,239.10,243.59,242.495329149029338782,13702,727,3322671.00,9234,67.39,4.90,3.59
30-October-2023,240.20,240.20,238.36,239.20,239.573628748986760335,3701,269,886662.00,2682,72.47,1.84,-1.00
27-October-2023,237.00,241.48,237.00,240.20,240.464828013634955066,6454,375,1551960.00,5689,88.15,4.48,3.20
26-October-2023,242.00,242.00,236.00,237.48,236.673816921606118546,16736,1038,3960973.00,13387,79.99,6.00,-4.52
25-October-2023,240.80,240.95,238.11,238.71,239.457155098543273350,11670,561,2794465.00,9549,81.83,2.84,-2.09
23-October-2023,240.00,241.62,238.50,239.01,239.701350203002549334,10591,556,2538677.00,7894,74.53,3.12,-0.99
20-October-2023,238.20,240.38,238.20,239.90,239.866632786409176709,13774,310,3303923.00,12390,89.95,2.18,1.70
19-October-2023,241.50,242.00,239.50,239.80,240.152059134107708553,6629,267,1591968.00,5972,90.09,2.50,-1.70
18-October-2023,240.56,242.55,239.45,242.00,240.866926070038910505,3855,433,928542.00,3316,86.02,3.10,1.44
17-October-2023,242.00,243.31,240.00,242.94,241.683922862741053934,9697,547,2343609.00,6522,67.26,3.31,0.94
16-October-2023,239.01,242.23,239.01,241.49,241.410842233337839664,7397,412,1785716.00,5610,75.84,3.22,2.48
13-October-2023,238.73,242.70,237.56,241.19,241.173187772925764192,11450,678,2761433.00,6763,59.07,5.14,2.46
12-October-2023,238.00,239.46,237.60,238.72,238.068884781269254467,8115,520,1931929.00,6970,85.89,1.86,0.72
11-October-2023,241.79,241.79,231.30,238.18,236.099185775117145046,56127,940,13251539.00,49957,89.01,10.49,-3.61
10-October-2023,238.00,241.90,238.00,239.83,239.228360828360828360,14245,650,3407808.00,11576,81.26,3.90,1.83
9-October-2023,239.04,240.00,238.00,239.00,238.871969300540729112,17199,750,4108359.00,16047,93.30,2.00,-0.04
6-October-2023,241.40,241.40,238.68,238.99,239.616184971098265895,12975,323,3109020.00,11849,91.32,2.72,-2.41
5-October-2023,241.00,241.80,239.12,239.58,240.030307728083094333,12901,527,3096631.00,10940,84.80,2.68,-1.42
4-October-2023,240.00,241.72,239.52,239.81,240.217749664558175196,5217,344,1253216.00,4871,93.37,2.20,-0.19
3-October-2023,242.60,244.10,239.10,240.01,240.972404730617608409,12176,768,2934080.00,9214,75.67,5.00,-2.59
29-September-2023,243.40,245.00,238.52,244.12,244.001550957103791681,73503,466,17934846.00,72640,98.83,6.48,0.72
28-September-2023,241.43,246.05,240.93,241.07,241.639856373429084380,2785,276,672967.00,2554,91.71,5.12,-0.36
27-September-2023,238.30,242.00,238.30,241.23,240.714380825565912117,3004,136,723106.00,2223,74.00,3.70,2.93
26-September-2023,241.50,244.37,238.99,240.69,241.039640933572710951,13925,696,3356477.00,11103,79.73,5.38,-0.81
25-September-2023,243.45,243.50,240.25,241.21,241.794462193823216187,3756,270,908180.00,3124,83.17,3.25,-2.24
22-September-2023,236.21,244.50,236.21,243.44,240.805095844743421835,16798,910,4045044.00,13262,78.95,8.29,7.23
21-September-2023,238.46,238.88,236.66,237.62,237.671990740740740740,12960,618,3080229.00,11882,91.68,2.22,-0.84
20-September-2023,242.00,242.00,238.00,238.46,238.882985389663929289,30321,1040,7243171.00,25896,85.41,4.00,-3.54
18-September-2023,239.99,245.25,239.20,244.42,243.940016237642676345,20939,945,5107860.00,17730,84.67,6.05,4.43
15-September-2023,243.19,244.00,236.00,239.47,238.558495307072647993,81186,3433,19367610.00,71453,88.01,8.00,-3.72
14-September-2023,244.05,245.05,243.00,243.05,243.454357426351389121,17889,1063,4355155.00,14218,79.48,2.05,-1.00
13-September-2023,244.60,245.54,243.10,244.42,244.042114695340501792,4464,277,1089404.00,3659,81.97,2.44,-0.18
12-September-2023,245.06,247.26,244.08,245.09,245.249730838246603435,19505,670,4783596.00,16471,84.44,3.18,0.03
11-September-2023,245.60,247.99,245.00,246.92,246.459850042326762607,16538,739,4075953.00,10661,64.46,2.99,1.32
8-September-2023,245.80,249.65,244.00,245.34,245.237879118481344097,22915,720,5619626.00,18814,82.10,5.65,-0.46
7-September-2023,246.61,248.00,244.80,245.43,246.328231089934484812,16790,735,4135851.00,15852,94.41,3.20,-1.18
6-September-2023,248.00,248.69,247.15,247.52,248.003637686431429610,2749,143,681762.00,2571,93.52,1.54,-0.48
5-September-2023,246.90,250.25,246.15,247.67,248.411358142385346089,29371,812,7296090.00,23719,80.76,4.10,0.77
4-September-2023,248.80,248.80,246.61,247.43,247.427075783200450994,12417,308,3072302.00,10267,82.68,2.19,-1.37
1-September-2023,247.00,248.89,247.00,247.27,247.590189873417721518,6320,494,1564770.00,5880,93.04,1.89,0.27
31-August-2023,249.69,252.70,247.00,247.83,247.775790401813830457,7939,254,1967092.00,5610,70.66,5.70,-1.86
30-August-2023,249.55,249.68,247.00,247.62,247.916755177907594264,7532,226,1867309.00,5322,70.66,2.68,-1.93
29-August-2023,247.01,250.13,247.01,249.33,248.707838290407463519,12541,464,3119045.00,8956,71.41,3.12,2.32
28-August-2023,247.74,249.88,247.00,247.95,247.876843830484664013,4271,174,1058682.00,3220,75.39,2.88,0.21
25-August-2023,248.00,249.03,247.60,247.73,248.050053719269417935,15823,394,3924896.00,15636,98.82,1.43,-0.27
24-August-2023,248.00,249.00,247.00,248.78,248.666394224220133496,7341,336,1825460.00,6520,88.82,2.00,0.78
23-August-2023,248.01,250.75,247.23,248.87,249.228431426526454880,18163,455,4526736.00,12581,69.27,3.52,0.86
22-August-2023,246.25,251.99,246.25,250.41,248.758163934426229508,22875,742,5690343.00,20403,89.19,5.74,4.16
21-August-2023,255.11,258.68,244.20,246.25,248.669419867160118624,40801,1936,10145961.00,35200,86.27,14.48,-8.86
18-August-2023,251.01,260.00,251.01,258.15,256.249326145552560646,34132,952,8746302.00,20720,60.71,8.99,7.14
17-August-2023,250.71,251.20,250.01,250.62,250.428142038305606039,14306,587,3582625.00,13811,96.54,1.19,-0.09
16-August-2023,249.50,251.46,248.15,251.35,249.655568025938396308,8019,343,2001988.00,6140,76.57,3.31,1.85
14-August-2023,250.50,253.14,248.23,248.72,250.314813956721189935,21581,1019,5402044.00,16351,75.77,4.91,-1.78
11-August-2023,251.41,252.00,249.30,250.25,250.689435677988767050,18695,1098,4686639.00,17401,93.08,2.70,-1.16
10-August-2023,249.00,252.38,249.00,251.41,250.971327014218009478,21100,1144,5295495.00,19941,94.51,3.38,2.41
9-August-2023,248.60,252.54,248.60,250.54,250.817091165715018926,15587,1259,3909486.00,14618,93.78,3.94,1.94
8-August-2023,247.96,253.80,247.00,250.07,253.616376456567796610,1027072,1654,260482279.00,1017250,99.04,6.80,2.11
7-August-2023,249.30,252.35,246.81,247.96,249.801733549112653262,182285,1352,45535109.00,176328,96.73,5.54,-1.34
4-August-2023,250.13,252.79,245.30,247.05,248.236008181262783223,37647,952,9345341.00,33569,89.17,7.49,-3.08
3-August-2023,266.00,266.00,250.11,251.04,253.452255614765592975,92702,1503,23495531.00,83396,89.96,15.89,-14.96
2-August-2023,263.00,263.83,261.00,262.09,262.217588860388420666,13645,480,3577959.00,11088,81.26,2.83,-0.91
1-August-2023,262.08,263.94,262.00,263.02,262.451688831352241967,8497,150,2230052.00,7821,92.04,1.94,0.94
31-July-2023,269.00,269.00,263.88,264.08,265.266034505465560384,7593,336,2014165.00,6404,84.34,5.12,-4.92
28-July-2023,265.00,267.75,263.01,265.10,264.445014860848419346,7402,331,1957422.00,6678,90.22,4.74,0.10
27-July-2023,269.00,269.00,260.50,263.50,263.822205736894164193,16176,452,4267588.00,13438,83.07,8.50,-5.50
26-July-2023,263.70,265.70,263.70,265.21,264.739018438177874186,7376,146,1952715.00,6542,88.69,2.00,1.51
25-July-2023,264.10,265.29,263.41,264.19,264.106624692033944702,7306,421,1929563.00,5652,77.36,1.88,0.09
24-July-2023,263.50,265.88,263.50,265.07,264.842530547891210090,5074,235,1343811.00,4465,88.00,2.38,1.57
21-July-2023,265.00,265.18,263.00,265.13,264.449982811962873839,2909,76,769285.00,2742,94.26,2.18,0.13
20-July-2023,263.25,266.10,260.25,264.15,263.418874835460424655,17473,408,4602718.00,13130,75.14,5.85,0.90
19-July-2023,267.00,269.97,265.66,266.19,268.255530129672006102,1311,191,351683.00,949,72.39,4.31,-0.81
18-July-2023,265.22,270.00,265.22,268.94,269.274296752384401786,8283,259,2230399.00,6628,80.02,4.78,3.72
17-July-2023,264.61,267.66,264.31,267.12,266.252657399836467702,2446,135,651254.00,1493,61.04,3.35,2.51
14-July-2023,262.35,265.73,262.35,264.63,264.727973800971899429,9466,135,2505915.00,8227,86.91,3.38,2.28
13-July-2023,264.11,266.38,261.30,264.50,264.749862511457378551,10910,159,2888421.00,9440,86.53,5.08,0.39
12-July-2023,268.99,268.99,265.00,265.07,266.057599751591367800,6441,226,1713677.00,5911,91.77,3.99,-3.92
11-July-2023,270.12,270.95,266.47,267.20,269.009643605870020964,4770,344,1283176.00,3398,71.24,4.48,-2.92
10-July-2023,268.60,271.92,268.12,270.04,270.293068148581456566,10257,242,2772396.00,8880,86.58,3.80,1.44
7-July-2023,268.01,271.83,268.00,270.10,269.868888592038471814,14972,337,4040477.00,13791,92.11,3.83,2.09
6-July-2023,266.01,270.69,266.01,270.24,268.518648175575602531,7427,157,1994288.00,6548,88.16,4.68,4.23
5-July-2023,263.00,268.78,263.00,267.92,268.092993630573248407,785,104,210453.00,668,85.10,5.78,4.92
4-July-2023,264.00,267.36,264.00,266.31,265.255319148936170212,4512,115,1196832.00,3363,74.53,3.36,2.31
3-July-2023,269.90,270.00,265.37,266.55,267.960040160642570281,14940,300,4003323.00,12741,85.28,4.63,-3.35
30-June-2023,262.01,272.14,261.90,266.59,264.075901506155865258,32002,539,8450957.00,21180,66.18,10.24,4.58
28-June-2023,262.61,264.07,261.09,262.19,262.964937427642097138,18139,381,4769921.00,16519,91.07,2.98,-0.42
27-June-2023,265.00,265.65,262.28,263.03,264.464120322937584525,24401,636,6453189.00,22632,92.75,3.37,-1.97
26-June-2023,266.50,266.50,262.95,263.70,263.545020870602265951,8385,223,2209825.00,6286,74.97,3.55,-2.80
23-June-2023,262.00,264.90,262.00,263.25,263.075794621026894865,3681,153,968382.00,3174,86.23,2.90,1.25
22-June-2023,261.00,264.64,261.00,263.60,263.897492940874475913,11687,145,3084170.00,10233,87.56,3.64,2.60
21-June-2023,262.01,263.98,261.44,261.74,262.631312649164677804,20950,279,5502126.00,17434,83.22,2.54,-0.27
20-June-2023,263.71,265.80,262.45,263.14,264.036876574307304785,19850,526,5241132.00,19008,95.76,3.35,-0.57
19-June-2023,267.00,268.50,263.00,263.70,265.605466525665012608,36879,622,9795264.00,34876,94.57,5.50,-3.30
16-June-2023,266.68,268.09,265.00,266.69,266.416247447327788016,20077,474,5348839.00,18058,89.94,3.09,0.01
15-June-2023,267.90,268.85,266.20,266.71,267.258793384579548101,4293,337,1147342.00,3356,78.17,2.65,-1.19
14-June-2023,266.53,269.23,266.53,267.91,267.709078579299821988,11797,401,3158164.00,9284,78.70,2.70,1.38
13-June-2023,270.08,271.09,268.90,269.37,269.888877694942575055,9926,273,2678917.00,8289,83.51,2.19,-0.71
12-June-2023,268.33,271.08,268.33,270.08,270.033926218708827404,3036,170,819823.00,2345,77.24,2.75,1.75
9-June-2023,267.53,270.49,267.53,268.33,268.605232461256457257,6001,330,1611900.00,5250,87.49,2.96,0.80
8-June-2023,270.00,271.85,269.00,269.17,270.056660638939119951,1659,149,448024.00,1638,98.73,2.85,-0.83
7-June-2023,276.10,276.10,270.00,270.85,271.068530636525877453,8405,347,2278331.00,5422,64.51,6.10,-5.25
6-June-2023,271.60,273.14,271.00,272.53,272.347000759301442672,5268,270,1434724.00,4221,80.13,2.14,0.93
5-June-2023,272.01,273.39,268.00,271.78,270.952303729848325860,20966,699,5680786.00,17968,85.70,5.39,-0.23
2-June-2023,276.00,276.00,271.70,272.03,272.977459016393442622,6344,391,1731769.00,4902,77.27,4.30,-3.97
1-June-2023,275.18,275.18,272.12,273.29,274.131104161655039692,4157,336,1139563.00,3443,82.82,3.06,-1.89
31-May-2023,269.60,275.24,269.60,275.18,271.450062163282221301,2413,131,655009.00,2217,91.88,5.64,5.58
30-May-2023,272.24,272.25,269.38,270.48,271.095650588128020424,10967,408,2973106.00,9153,83.46,2.87,-1.76
29-May-2023,271.72,272.76,269.00,270.09,270.362701733413030484,8365,458,2261584.00,6496,77.66,3.76,-1.63
26-May-2023,271.21,273.76,270.20,271.71,271.866976744186046511,4300,257,1169028.00,3690,85.81,3.56,0.50
25-May-2023,273.70,275.18,273.36,275.01,274.684577114427860696,2010,154,552116.00,1766,87.86,1.82,1.31
24-May-2023,275.00,275.23,273.50,274.02,274.309299191374663072,1484,90,407075.00,1406,94.74,1.73,-0.98
23-May-2023,277.50,277.50,274.00,274.79,274.860343539955190440,4017,138,1104114.00,3524,87.73,3.50,-2.71
22-May-2023,269.10,275.23,269.10,275.03,274.553313403089187842,4014,182,1102057.00,2994,74.59,6.13,5.93
19-May-2023,270.60,274.20,270.60,273.14,273.224803664921465968,3056,231,834975.00,2206,72.19,3.60,2.54
18-May-2023,273.71,275.15,271.90,273.14,273.559623584766946037,6801,194,1860479.00,5158,75.84,3.25,-0.57
17-May-2023,265.50,274.23,265.50,273.71,272.118290960451977401,8496,272,2311917.00,6926,81.52,8.73,8.21
16-May-2023,270.00,272.69,267.10,268.75,270.828907934171092065,19019,583,5150895.00,17487,91.94,5.59,-1.25
15-May-2023,270.00,272.12,270.00,270.57,270.961451885199774901,7108,415,1925994.00,4702,66.15,2.12,0.57
12-May-2023,271.60,272.50,270.00,270.45,270.846599131693198263,4146,228,1122930.00,3931,94.81,2.50,-1.15
11-May-2023,272.02,274.50,270.64,271.55,272.200478040035853002,3347,345,911055.00,2788,83.30,3.86,-0.47
10-May-2023,272.11,274.00,270.95,272.91,271.843646669815777042,8468,506,2301972.00,6387,75.43,3.05,0.80
9-May-2023,271.30,276.20,271.30,272.11,273.597813901345291479,7136,285,1952394.00,6357,89.08,4.90,0.81
8-May-2023,274.04,275.23,273.50,274.49,274.339078690879244895,9747,342,2673983.00,6443,66.10,1.73,0.45
5-May-2023,273.01,275.22,273.01,273.84,274.618724559023066485,737,51,202394.00,733,99.46,2.21,0.83
4-May-2023,275.00,276.15,273.70,273.85,274.395684620376378974,6164,274,1691375.00,4721,76.59,2.45,-1.15
3-May-2023,276.00,278.20,273.90,274.11,275.074355300859598853,6980,322,1920019.00,6824,97.76,4.30,-1.89
2-May-2023,277.01,281.70,273.32,275.63,275.758242770307607294,10858,537,2994183.00,9488,87.38,8.38,-1.38
28-April-2023,275.00,277.99,275.00,276.04,276.062234248163896405,2587,153,714173.00,2203,85.16,2.99,1.04
27-April-2023,273.25,276.14,271.65,274.99,274.579988016776512881,1669,99,458274.00,1265,75.79,4.49,1.74
26-April-2023,276.00,276.50,274.50,274.84,275.569592476489028213,3190,184,879067.00,2827,88.62,2.00,-1.16
25-April-2023,277.20,278.00,274.83,276.00,276.789020452099031216,2787,218,771411.00,2490,89.34,3.17,-1.20
24-April-2023,275.00,278.00,275.00,277.16,277.185355500530597806,2827,132,783603.00,2493,88.19,3.00,2.16
21-April-2023,276.10,280.00,276.10,277.08,278.706074766355140186,2140,90,596431.00,1803,84.25,3.90,0.98
20-April-2023,275.50,279.60,275.50,279.20,277.663759852423276874,5963,186,1655709.00,4936,82.78,4.10,3.70
19-April-2023,275.00,279.06,275.00,278.79,278.650429799426934097,2094,138,583494.00,1972,94.17,4.06,3.79
18-April-2023,273.00,279.47,270.00,278.04,273.388693217736837352,11073,311,3027233.00,9241,83.46,9.47,5.04
17-April-2023,272.00,279.75,272.00,275.18,278.167082671507450268,13221,182,3677647.00,12535,94.81,7.75,3.18
13-April-2023,278.20,279.83,275.00,275.47,276.095779816513761467,2725,121,752361.00,2441,89.58,4.83,-2.73
12-April-2023,273.00,278.25,272.50,277.83,275.213865676261219436,3231,218,889216.00,2158,66.79,5.75,4.83
11-April-2023,274.01,279.00,271.30,272.84,273.568790731354091238,5524,344,1511194.00,3312,59.96,7.70,-1.17
10-April-2023,278.10,278.10,275.20,276.69,276.383302583025830258,2168,139,599199.00,1515,69.88,2.90,-1.41
6-April-2023,276.00,280.25,276.00,277.05,278.469336670838548185,3196,147,889988.00,2801,87.64,4.25,1.05
5-April-2023,278.00,283.80,274.90,279.21,279.570777897638739062,8343,232,2332459.00,6042,72.42,8.90,1.21
3-April-2023,279.29,281.49,276.15,278.11,278.591249808780786293,6537,292,1821151.00,4686,71.68,5.34,-1.18
31-March-2023,279.00,281.20,273.25,279.29,279.347648620223368558,119802,972,33466407.00,89035,74.32,7.95,0.29
29-March-2023,270.00,283.00,259.00,279.90,272.818964710287372460,10683,411,2914525.00,4856,45.46,24.00,9.90
28-March-2023,268.60,272.01,258.45,266.06,268.283265966046887631,24740,385,6637328.00,15502,62.66,13.56,-2.54
27-March-2023,275.40,279.47,263.00,268.13,268.688415617941271377,30990,1114,8326654.00,22435,72.39,16.47,-7.27
24-March-2023,261.00,275.93,261.00,275.05,271.561117045627956661,6553,275,1779540.00,5241,79.98,14.93,14.05
23-March-2023,265.00,265.00,259.81,262.97,261.991826785202179523,6974,332,1827131.00,5499,78.85,5.19,-2.03
22-March-2023,261.97,264.00,259.20,263.04,260.693003107637253978,10619,255,2768299.00,8684,81.78,4.80,1.07
21-March-2023,261.00,263.78,259.82,262.45,260.787851251223262966,14306,387,3730831.00,10233,71.53,3.96,1.45
20-March-2023,257.50,261.97,257.25,261.14,259.627172195892575039,7596,279,1972128.00,6873,90.48,4.72,3.64
17-March-2023,260.90,265.30,257.25,261.84,261.001215657670799902,12339,468,3220494.00,9181,74.41,8.05,0.94
16-March-2023,254.00,264.00,253.70,262.58,258.262521588946459412,3474,305,897204.00,2302,66.26,10.30,8.58
15-March-2023,255.00,258.77,250.65,253.60,253.286859713890170742,17336,407,4390981.00,12283,70.85,8.12,-1.40
14-March-2023,261.99,261.99,250.25,254.93,255.560869565217391304,28520,1267,7288596.00,21335,74.81,11.74,-7.06
13-March-2023,263.20,265.75,259.82,260.13,263.221311897768846292,19407,727,5108336.00,17257,88.92,5.93,-3.07
10-March-2023,267.90,267.90,263.89,264.41,264.493604573859859061,37605,643,9946282.00,33204,88.30,4.01,-3.49
9-March-2023,267.61,268.69,265.00,266.45,266.647170809095716552,37820,535,10084596.00,37064,98.00,3.69,-1.16
8-March-2023,273.40,273.40,266.09,267.17,267.774242424242424242,4620,203,1237117.00,3055,66.13,7.31,-6.23
6-March-2023,266.45,268.94,265.90,268.00,267.981256890848952590,8163,333,2187531.00,6570,80.49,3.04,1.55
3-March-2023,265.40,266.50,264.00,265.18,264.840540540540540540,6290,313,1665847.00,5187,82.46,2.50,-0.22
2-March-2023,268.01,272.88,260.71,263.58,264.221931570341083310,450711,774,119087731.00,446936,99.16,12.17,-4.43
1-March-2023,266.70,270.00,264.00,269.31,265.661989469917701783,39126,975,10394291.00,35825,91.56,6.00,2.61
28-February-2023,270.00,271.20,265.60,266.71,268.573264465350796286,16263,813,4367807.00,10657,65.53,5.60,-3.29
27-February-2023,271.09,274.25,268.66,269.15,271.316347610521966671,7261,530,1970028.00,4707,64.83,5.59,-1.94
24-February-2023,271.88,273.18,270.00,271.09,271.049836981835118770,6441,319,1745832.00,5249,81.49,3.18,-0.79
23-February-2023,273.20,275.00,271.01,271.88,273.113594040968342644,4296,236,1173296.00,3814,88.78,3.99,-1.32
22-February-2023,273.00,275.03,270.00,273.19,272.912278270509977827,14432,368,3938670.00,12483,86.50,5.03,0.19
21-February-2023,279.35,279.35,267.02,272.33,271.100010385294423096,9629,290,2610422.00,6960,72.28,12.33,-7.02
20-February-2023,277.00,279.00,273.42,273.75,275.549703264094955489,5392,211,1485764.00,3982,73.85,5.58,-3.25
17-February-2023,283.40,283.40,276.55,276.94,278.298273362330301832,7587,148,2111449.00,6907,91.04,6.85,-6.46
16-February-2023,284.00,287.80,276.30,279.92,280.692951595292975858,16486,587,4627504.00,9966,60.45,11.50,-4.08
15-February-2023,275.10,286.99,273.50,282.34,276.563754977548080996,11803,375,3264282.00,8748,74.12,13.49,7.24
14-February-2023,275.00,277.00,273.89,275.80,274.544930710986237439,20999,379,5765169.00,15453,73.59,3.11,0.80
13-February-2023,278.00,278.00,273.00,273.46,273.772143974960876369,3195,134,874702.00,2657,83.16,5.00,-4.54
10-February-2023,270.60,273.99,270.60,272.11,272.289397089397089397,2405,162,654856.00,1614,67.11,3.39,1.51
9-February-2023,272.10,279.00,270.88,271.50,273.658556327968764879,21002,610,5747377.00,17897,85.22,8.12,-0.60
8-February-2023,273.05,274.35,271.00,272.73,272.217044366421959782,3133,179,852856.00,2609,83.27,3.35,-0.32
7-February-2023,277.00,277.00,271.05,271.28,272.754924415941365093,4366,225,1190848.00,3117,71.39,5.95,-5.72
6-February-2023,278.00,279.24,271.05,273.05,273.947219895057101283,22679,793,6212849.00,19501,85.99,8.19,-4.95
3-February-2023,277.95,279.20,274.51,277.95,277.402785110876451953,15152,647,4203207.00,11058,72.98,4.69,0.00
2-February-2023,285.00,288.60,275.11,278.62,278.341988901089117725,33697,953,9379290.00,20376,60.47,13.49,-6.38
1-February-2023,291.00,291.56,284.61,286.14,288.353171024947400060,6654,256,1918702.00,5068,76.16,6.95,-4.86
31-January-2023,287.00,294.65,286.87,291.52,290.488526672311600338,23620,668,6861339.00,15273,64.66,7.78,4.52
30-January-2023,286.00,290.52,286.00,287.87,288.815539958133234823,8121,388,2345471.00,6898,84.94,4.52,1.87
27-January-2023,286.10,290.00,286.10,288.02,288.649467770549970431,6764,627,1952425.00,5764,85.22,3.90,1.92
25-January-2023,290.50,290.76,288.60,289.00,289.120913107511045655,6790,380,1963131.00,6495,95.66,2.16,-1.50
24-January-2023,290.95,293.70,287.23,288.33,288.769678597264804161,29029,710,8382695.00,24374,83.96,6.47,-2.62
23-January-2023,292.00,292.00,289.00,290.41,290.028258706467661691,5025,259,1457392.00,4435,88.26,3.00,-1.59
20-January-2023,291.00,291.00,288.10,290.00,289.102271124277048949,7089,100,2049446.00,6067,85.58,2.90,-1.00
19-January-2023,290.30,291.85,288.50,289.41,289.826907630522088353,4980,323,1443338.00,4204,84.42,3.35,-0.89
18-January-2023,299.49,299.49,291.26,292.60,294.033740227677959127,7291,481,2143800.00,6929,95.03,8.23,-6.89
17-January-2023,300.00,302.35,296.30,296.93,299.241921397379912663,4580,158,1370528.00,4364,95.28,6.05,-3.07
16-January-2023,296.01,299.75,296.01,299.13,297.934446975449253353,3951,188,1177139.00,3214,81.35,3.74,3.12
13-January-2023,299.80,301.00,296.40,298.49,298.720379146919431279,3587,197,1071510.00,2870,80.01,4.60,-1.31
12-January-2023,291.50,300.15,291.50,299.72,298.014150943396226415,848,120,252716.00,633,74.65,8.65,8.22
11-January-2023,295.20,298.27,292.25,295.94,294.807802874743326488,2435,284,717857.00,1872,76.88,6.02,0.74
10-January-2023,293.30,297.80,291.20,295.78,294.442932728647014361,3969,194,1168644.00,2889,72.79,6.60,2.48
9-January-2023,295.99,297.20,292.30,294.59,294.803457869634340222,5032,227,1483451.00,3666,72.85,4.90,-1.40
6-January-2023,298.60,299.19,294.05,295.25,296.009605662285136501,1978,192,585507.00,1151,58.19,5.14,-3.35
5-January-2023,295.50,297.00,291.51,295.57,294.890865239674404582,13268,190,3912612.00,10085,76.01,5.49,0.07
4-January-2023,293.90,294.00,290.23,292.11,291.658192870958828405,3619,283,1055511.00,2286,63.17,3.77,-1.79
3-January-2023,293.46,298.00,290.91,293.00,295.180359085963003264,3676,209,1085083.00,2679,72.88,7.09,-0.46
2-January-2023,285.00,298.70,285.00,294.20,293.546962270602986435,17546,497,5150575.00,12766,72.76,13.70,9.20
30-December-2022,284.30,289.00,283.78,288.65,287.169981141779530258,11666,305,3350125.00,10085,86.45,5.22,4.35
29-December-2022,284.00,287.67,282.00,284.28,284.546441857674306972,16666,510,4742251.00,14127,84.77,5.67,0.28
28-December-2022,283.00,283.91,278.65,283.88,281.727643312101910828,11775,578,3317343.00,9613,81.64,5.26,0.88
27-December-2022,286.00,286.00,281.00,283.99,283.307077939961443128,7262,223,2057376.00,5757,79.28,5.00,-2.01
26-December-2022,282.60,288.70,282.60,284.30,284.920903954802259887,9204,726,2622412.00,5210,56.61,6.10,1.70
23-December-2022,286.50,288.03,284.00,284.49,285.632944489139179404,4972,239,1420167.00,3861,77.65,4.03,-2.01
22-December-2022,292.00,292.00,286.25,286.77,287.531102218988723172,8247,564,2371269.00,6198,75.15,5.75,-5.23
21-December-2022,289.75,290.44,288.00,288.90,288.884495125988596652,5437,195,1570665.00,3990,73.39,2.44,-0.85
20-December-2022,289.00,291.10,289.00,289.24,289.734953976870427189,4237,301,1227607.00,3895,91.93,2.10,0.24
19-December-2022,292.00,292.00,289.00,289.42,289.787654320987654320,2430,436,704184.00,2315,95.27,3.00,-2.58
16-December-2022,289.90,295.00,288.80,289.17,292.328841344818005001,7198,197,2104183.00,5654,78.55,6.20,-0.73
15-December-2022,290.00,291.80,288.17,289.07,289.076758605943981184,4677,314,1352012.00,3657,78.19,3.63,-0.93
14-December-2022,289.71,292.85,289.05,289.77,290.677351550183920126,1903,235,553159.00,1706,89.65,3.80,0.06
13-December-2022,295.50,295.50,285.35,291.89,290.493867382138750479,10436,392,3031594.00,7801,74.75,10.15,-3.61
12-December-2022,299.00,299.00,289.45,292.45,292.454003576395787800,5033,812,1471921.00,4109,81.64,9.55,-6.55
9-December-2022,289.50,293.78,288.49,289.50,289.666488680051260145,9364,362,2712437.00,8634,92.20,5.29,0.00
8-December-2022,290.00,304.70,285.30,289.60,292.324559047363237532,22338,348,6529946.00,13980,62.58,19.40,-0.40
7-December-2022,290.00,290.19,288.44,289.26,289.389425200328096409,15849,334,4586533.00,13800,87.07,1.75,-0.74
6-December-2022,289.00,290.00,287.50,289.26,288.740312163616792249,3716,188,1072959.00,3111,83.72,2.50,0.26
5-December-2022,288.30,289.67,277.85,288.93,287.072876750505120880,28706,687,8240714.00,23389,81.48,11.82,0.63
2-December-2022,290.00,290.28,288.10,288.88,289.063382799928482031,11186,436,3233463.00,8195,73.26,2.18,-1.12
1-December-2022,292.40,292.40,289.56,290.28,290.393589265747297800,2683,208,779126.00,2508,93.48,2.84,-2.12
30-November-2022,288.20,294.00,288.20,290.96,290.780514135348492004,29642,490,8619316.00,22490,75.87,5.80,2.76
29-November-2022,291.00,292.70,288.28,290.15,290.351134585289514866,5112,285,1484275.00,4099,80.18,4.42,-0.85
28-November-2022,285.33,291.50,285.33,290.08,288.977738550554084534,10197,527,2946706.00,8873,87.02,6.17,4.75
25-November-2022,290.19,290.93,287.50,289.71,289.896022055927530523,2539,115,736046.00,2121,83.54,3.43,-0.48
24-November-2022,290.10,292.45,288.90,289.89,290.462737182075090835,12385,561,3597381.00,8884,71.73,3.55,-0.21
23-November-2022,292.00,293.67,288.66,290.10,290.774384045694370492,20659,716,6007108.00,18091,87.57,5.01,-1.90
22-November-2022,292.00,293.40,291.00,292.99,292.353526734926052332,7032,484,2055830.00,5170,73.52,2.40,0.99
21-November-2022,298.00,298.00,291.00,292.31,292.668458963173379324,9857,445,2884833.00,7321,74.27,7.00,-5.69
18-November-2022,295.96,298.80,287.15,293.85,293.569182153336844481,26582,499,7803656.00,20257,76.21,11.65,-2.11
17-November-2022,294.00,297.48,293.65,294.94,295.175538238013472460,7571,380,2234774.00,6512,86.01,3.83,0.94
16-November-2022,298.40,298.40,294.50,294.79,295.383784251015645258,11569,711,3417295.00,10452,90.34,3.90,-3.61
15-November-2022,299.00,299.00,295.11,296.21,296.050845053776149391,42305,1443,12524431.00,35380,83.63,3.89,-2.79
14-November-2022,302.00,302.23,297.00,298.29,298.486363636363636363,11220,554,3349017.00,8815,78.56,5.23,-3.71
11-November-2022,295.00,299.50,295.00,298.42,297.201083950890388231,9041,1164,2686995.00,8220,90.92,4.50,3.42
10-November-2022,303.00,303.75,293.50,294.95,297.130474619754443833,27285,1202,8107205.00,22119,81.07,10.25,-8.05
9-November-2022,297.00,302.85,296.00,300.00,299.862705264939901811,17721,720,5313867.00,15857,89.48,6.85,3.00
7-November-2022,300.12,300.14,293.00,294.55,295.346195516293024418,23998,1531,7087718.00,20054,83.57,7.14,-5.57
4-November-2022,304.60,308.13,298.22,300.19,301.175939510213294210,8861,698,2668720.00,7655,86.39,9.91,-4.41
3-November-2022,310.00,313.99,298.00,302.12,307.706336871086637950,22519,918,6929239.00,14997,66.60,15.99,-7.88
2-November-2022,316.80,316.93,309.42,311.58,313.168510147157833990,10397,523,3256013.00,9742,93.70,7.51,-5.22
1-November-2022,320.90,320.90,312.05,315.21,314.361235557651497288,8482,695,2666412.00,7758,91.46,8.85,-5.69
31-October-2022,320.30,320.47,315.00,316.45,316.991223541559112028,3874,229,1228024.00,3032,78.27,5.47,-3.85
28-October-2022,318.45,323.00,316.25,320.22,318.854761904761904761,1260,119,401757.00,1106,87.78,6.75,1.77
27-October-2022,311.65,320.39,311.65,318.45,316.998227474150664697,3385,389,1073039.00,2561,75.66,8.74,6.80
25-October-2022,321.00,321.00,316.55,317.91,317.992973629424011103,23056,248,7331646.00,2560,11.10,4.45,-3.09
24-October-2022,317.00,321.00,315.53,320.51,319.426570161102031286,4283,299,1368104.00,3272,76.40,5.47,3.51
21-October-2022,311.12,321.00,311.12,314.16,316.186624869383490073,4785,186,1512953.00,2530,52.87,9.88,3.04
20-October-2022,312.30,318.70,312.30,314.71,316.635210924164837844,4101,131,1298521.00,3559,86.78,6.40,2.41
19-October-2022,318.00,319.81,314.35,315.78,316.894103489771359807,4986,176,1580034.00,4011,80.45,5.46,-2.22
18-October-2022,318.00,324.70,315.35,317.73,318.582441403603847717,7381,386,2351457.00,5200,70.45,9.35,-0.27
17-October-2022,320.00,320.95,317.06,318.27,318.982285125128878057,21338,146,6806444.00,810,3.80,3.89,-1.73
14-October-2022,315.20,321.00,315.20,318.59,319.233876017532874139,3194,161,1019633.00,2406,75.33,5.80,3.39
13-October-2022,319.50,321.79,317.29,318.92,319.167256637168141592,1130,111,360659.00,981,86.81,4.50,-0.58
12-October-2022,320.00,323.20,318.00,318.87,319.002592912705272255,4628,273,1476344.00,3621,78.24,5.20,-1.13
11-October-2022,321.22,321.22,316.20,319.93,320.419479748188620976,42095,195,13488058.00,2026,4.81,5.02,-1.29
10-October-2022,321.30,323.00,317.55,319.31,319.366256269949840401,10965,437,3501851.00,8721,79.53,5.45,-1.99
7-October-2022,324.89,324.89,319.32,321.24,320.729084349768081085,5821,375,1866964.00,5135,88.22,5.57,-3.65
6-October-2022,321.01,324.00,311.00,321.55,318.671177550485182271,19065,529,6075466.00,15079,79.09,13.00,0.54
4-October-2022,326.70,326.70,319.00,321.47,321.018842069201781431,2919,311,937054.00,2095,71.77,7.70,-5.23
3-October-2022,327.60,328.74,321.50,321.58,325.370777723725121089,47279,647,15383205.00,5464,11.56,7.24,-6.02
30-September-2022,323.99,326.49,319.00,325.24,320.928361562391980642,11572,435,3713783.00,8462,73.12,7.49,1.25
29-September-2022,338.48,338.48,319.27,320.45,322.382107996776215635,22334,672,7200082.00,15963,71.47,19.21,-18.03
28-September-2022,323.50,328.80,320.61,324.30,323.955285057756800397,8051,360,2608164.00,6225,77.32,8.19,0.80
27-September-2022,321.00,329.33,321.00,323.90,325.243264049268668206,1299,84,422491.00,1127,86.76,8.33,2.90
26-September-2022,325.00,326.25,319.70,324.41,323.281091829356471438,16596,766,5365173.00,13543,81.60,6.55,-0.59
23-September-2022,325.00,328.70,325.00,325.95,325.902861592369087015,5137,354,1674163.00,4450,86.63,3.70,0.95
22-September-2022,332.50,337.00,325.00,328.73,328.033311247490848255,816511,407,267842807.00,811215,99.35,12.00,-3.77
21-September-2022,323.30,330.42,323.30,327.59,327.502740408570004982,4014,188,1314596.00,2949,73.47,7.12,4.29
20-September-2022,326.10,330.68,323.20,328.30,328.037323511356660527,8145,215,2671864.00,7003,85.98,7.48,2.20
19-September-2022,327.00,330.34,326.51,327.97,329.421581465625786955,39710,255,13081331.00,2762,6.96,3.83,0.97
16-September-2022,331.99,333.00,324.73,329.39,329.612807574260001040,19223,512,6336147.00,11935,62.09,8.27,-2.60
15-September-2022,327.70,331.98,327.70,330.50,330.716846400466336345,6862,231,2269379.00,5147,75.01,4.28,2.80
14-September-2022,327.10,331.34,327.10,330.21,329.887062690772481803,4259,148,1404989.00,3613,84.83,4.24,3.11
13-September-2022,327.60,332.00,327.60,329.68,330.183362285273113298,5181,303,1710680.00,4376,84.46,4.40,2.08
12-September-2022,332.60,332.60,328.00,330.94,330.570733433601698664,11303,342,3736441.00,9913,87.70,4.60,-1.66
9-September-2022,331.90,332.56,327.51,329.23,329.701250710631040363,3518,246,1159889.00,3153,89.62,5.05,-2.67
8-September-2022,329.31,330.84,327.00,329.98,328.874882995319812792,3205,147,1054044.00,2505,78.16,3.84,0.67
7-September-2022,332.80,332.80,325.80,327.06,329.965666367271998127,4234099,751,1397107298.00,4225173,99.79,7.00,-5.74
6-September-2022,335.00,337.00,328.00,329.95,329.660621221596831352,4797,285,1581382.00,3430,71.50,9.00,-5.05
5-September-2022,333.70,334.40,328.92,329.71,331.070247509499845948,9737,488,3223631.00,8003,82.19,5.48,-3.99
2-September-2022,328.10,333.00,321.00,330.19,326.714214106695309702,13965,356,4562564.00,10983,78.65,12.00,2.09
1-September-2022,335.00,337.49,328.51,329.99,330.493336370885066636,8779,545,2901401.00,6843,77.95,8.98,-5.01
30-August-2022,331.50,337.98,331.50,334.69,335.279822819612036047,6547,258,2195077.00,5404,82.54,6.48,3.19
29-August-2022,330.50,334.99,329.00,334.40,331.371286179796818094,5217,259,1728764.00,3661,70.17,5.99,3.90
26-August-2022,333.00,333.80,328.20,330.50,331.133952979770366320,7316,304,2422576.00,6044,82.61,5.60,-2.50
25-August-2022,332.62,335.59,329.00,330.56,331.343625730994152046,4275,310,1416494.00,3272,76.54,6.59,-2.06
24-August-2022,327.15,334.46,327.15,332.62,330.945119833275442862,2879,472,952791.00,2403,83.47,7.31,5.47
23-August-2022,333.90,333.90,325.55,327.20,330.544953635264077408,7441,789,2459585.00,5998,80.61,8.35,-6.70
22-August-2022,339.73,339.73,330.50,331.23,335.188436123348017621,9080,738,3043511.00,7106,78.26,9.23,-8.50
19-August-2022,342.40,342.40,332.01,337.63,337.460937929517840453,18189,423,6138077.00,14271,78.46,10.39,-4.77
18-August-2022,335.00,344.70,321.29,337.23,336.690515806988352745,28848,501,9712848.00,21366,74.06,23.41,2.23
17-August-2022,340.00,341.00,338.51,339.19,339.459914664271277790,4453,250,1511615.00,3902,87.63,2.49,-0.81
16-August-2022,342.40,342.40,338.03,339.92,339.765479452054794520,5475,247,1860216.00,4787,87.43,4.37,-2.48
12-August-2022,341.97,343.50,336.50,339.53,339.718887262079062957,2732,210,928112.00,1859,68.05,7.00,-2.44
11-August-2022,343.25,343.25,335.05,339.34,338.729688541765882464,10499,497,3556323.00,7050,67.15,8.20,-3.91
10-August-2022,336.00,343.56,330.35,341.63,336.729931782076441454,10701,370,3603347.00,7240,67.66,13.21,5.63
8-August-2022,336.80,336.80,330.00,335.54,334.764345331246739697,7668,439,2566973.00,5386,70.24,6.80,-1.26
5-August-2022,334.39,334.39,325.81,329.53,331.225124991197802971,14201,372,4703728.00,12821,90.28,8.58,-4.86
4-August-2022,332.80,333.79,328.74,329.98,330.036762950584865122,4189,234,1382524.00,3176,75.82,5.05,-2.82
3-August-2022,337.00,337.00,323.50,328.71,330.986415142930723667,15532,566,5140881.00,11558,74.41,13.50,-8.29
2-August-2022,324.99,325.70,322.55,324.76,323.937344822550021907,13694,319,4435998.00,9791,71.50,3.15,-0.23
1-August-2022,328.80,328.80,323.10,324.07,325.376944291230005515,18130,902,5899084.00,17294,95.39,5.70,-4.73
29-July-2022,326.80,326.80,322.86,323.39,324.694899607662127855,4333,297,1406903.00,3650,84.24,3.94,-3.41
28-July-2022,325.90,328.62,321.60,324.81,324.550624840601887273,3921,299,1272563.00,2280,58.15,7.02,-1.09
27-July-2022,326.53,326.53,322.00,324.10,324.360305343511450381,1965,95,637368.00,1751,89.11,4.53,-2.43
26-July-2022,327.30,327.30,323.81,324.87,325.052488687782805429,2210,180,718366.00,1699,76.88,3.49,-2.43
25-July-2022,325.18,327.25,324.40,325.04,325.729920564872021182,4532,355,1476208.00,4034,89.01,2.85,-0.14
22-July-2022,329.40,329.40,324.00,325.18,325.692518021377081779,4023,135,1310261.00,3965,98.56,5.40,-4.22
21-July-2022,327.90,328.20,321.05,325.96,326.695812580704667035,5421,247,1771018.00,2811,51.85,7.15,-1.94
20-July-2022,323.00,328.01,323.00,325.85,325.477934875749785775,9336,290,3038662.00,6999,74.97,5.01,2.85
19-July-2022,329.60,329.60,324.56,325.00,325.295390162245686325,3883,118,1263122.00,3602,92.76,5.04,-4.60
18-July-2022,329.70,329.70,322.37,326.14,324.135152696556205328,3078,203,997688.00,2292,74.46,7.33,-3.56
15-July-2022,330.00,330.00,320.64,323.22,322.752573949991828730,6119,361,1974923.00,4253,69.50,9.36,-6.78
14-July-2022,330.00,330.00,322.10,327.93,325.058564394920963980,7718,413,2508802.00,6867,88.97,7.90,-2.07
13-July-2022,326.80,326.80,323.15,324.91,324.480711170748071117,2981,184,967277.00,2080,69.78,3.65,-1.89
12-July-2022,327.96,329.70,323.12,324.30,325.475119880512538322,12721,392,4140369.00,10322,81.14,6.58,-3.66
11-July-2022,328.00,328.78,325.17,327.96,327.546882436934792955,4202,258,1376352.00,3934,93.62,3.61,-0.04
8-July-2022,322.61,327.95,322.10,325.18,325.297427652733118971,4976,241,1618680.00,2929,58.86,5.85,2.57
7-July-2022,333.00,333.00,322.00,325.29,325.983622634108071001,10197,389,3324055.00,7618,74.71,11.00,-7.71
6-July-2022,329.54,329.54,325.60,327.65,327.731477516059957173,2335,160,765253.00,1465,62.74,3.94,-1.89
5-July-2022,322.01,328.76,318.00,326.54,323.739055941060567120,11673,292,3779006.00,8706,74.58,10.76,4.53
4-July-2022,326.00,331.05,319.00,322.99,323.826733872922018126,20633,770,6681517.00,17467,84.66,12.05,-3.01
1-July-2022,329.90,331.99,323.50,325.69,328.303635280095351609,6712,456,2203574.00,2858,42.58,8.49,-4.21
30-June-2022,332.00,335.00,324.20,328.78,329.438797814207650273,18300,262,6028730.00,17433,95.26,10.80,-3.22
29-June-2022,335.00,335.00,327.76,329.31,330.047920312289675595,7429,219,2451926.00,6408,86.26,7.24,-5.69
28-June-2022,326.00,332.60,322.47,331.18,327.346164522994355510,21614,413,7075260.00,16061,74.31,10.13,5.18
27-June-2022,334.80,339.65,324.00,325.36,333.365075622326270758,29687,522,9896609.00,21465,72.30,15.65,-9.44
24-June-2022,324.95,325.39,322.35,325.09,323.993871569411137756,3753,198,1215949.00,3272,87.18,3.04,0.14
23-June-2022,324.40,324.94,320.00,322.14,322.500422654268808114,2366,140,763036.00,1135,47.97,4.94,-2.26
22-June-2022,321.00,325.23,317.20,319.79,322.001341831600134183,5962,259,1919772.00,3115,52.25,8.03,-1.21
21-June-2022,327.00,327.00,319.05,320.69,323.762075647742768965,13933,227,4510977.00,12454,89.38,7.95,-6.31
20-June-2022,327.99,331.80,323.36,324.26,327.685944723123832005,10167,210,3331583.00,9216,90.65,8.44,-3.73
17-June-2022,330.80,330.80,322.41,323.64,323.832217488334347737,4929,172,1596169.00,3637,73.79,8.39,-7.16
16-June-2022,334.00,334.00,322.11,325.57,327.799283785370435599,17034,356,5583733.00,14880,87.35,11.89,-8.43
15-June-2022,337.99,337.99,327.15,327.82,331.741557734204793028,11016,479,3654465.00,7961,72.27,10.84,-10.17
14-June-2022,338.99,338.99,333.50,333.81,335.705540897097625329,1895,147,636162.00,1553,81.95,5.49,-5.18
13-June-2022,333.10,337.90,331.58,335.85,335.159065934065934065,14560,413,4879916.00,11589,79.59,6.32,2.75
10-June-2022,339.99,339.99,332.50,334.14,336.606501410123200237,6737,235,2267718.00,6511,96.65,7.49,-5.85
9-June-2022,338.80,338.95,336.05,337.45,337.447381066794810187,2081,193,702228.00,1856,89.19,2.90,-1.35
8-June-2022,337.22,338.23,334.77,336.20,336.029921259842519685,635,52,213379.00,579,91.18,3.46,-1.02
7-June-2022,335.85,335.85,333.45,334.87,334.695625942684766214,3315,140,1109516.00,2643,79.73,2.40,-0.98
6-June-2022,338.89,338.89,333.90,334.34,335.478060046189376443,2165,121,726310.00,1916,88.50,4.99,-4.55
3-June-2022,339.00,339.78,334.00,334.45,336.865129682997118155,5205,257,1753383.00,3786,72.74,5.78,-4.55
2-June-2022,337.80,338.04,336.00,336.67,337.053317535545023696,2532,108,853419.00,2485,98.14,2.04,-1.13
1-June-2022,328.90,335.00,325.05,333.75,332.179515769353297228,6278,278,2085423.00,4030,64.19,9.95,4.85
31-May-2022,337.00,337.00,319.75,321.37,327.455636584624734123,19746,752,6465939.00,15153,76.74,17.25,-15.63
30-May-2022,336.39,336.98,332.17,334.79,334.870026525198938992,7917,451,2651166.00,5117,64.63,4.81,-1.60
27-May-2022,338.99,339.00,331.00,332.00,333.543427685149282667,5158,236,1720417.00,4084,79.18,8.00,-6.99
26-May-2022,337.00,338.69,328.57,335.20,335.409985660278972754,7671,356,2572930.00,5698,74.28,10.12,-1.80
25-May-2022,330.49,334.88,325.95,331.80,331.934922135429623364,20099,727,6671560.00,16594,82.56,8.93,1.31
24-May-2022,333.80,334.80,326.00,330.82,328.931360626942305093,7401,269,2434421.00,6546,88.45,8.80,-2.98
23-May-2022,331.99,331.99,321.50,330.07,328.243508948827829594,7934,1009,2604284.00,7249,91.37,10.49,-1.92
20-May-2022,329.90,336.00,325.81,327.90,331.924643336178514815,8201,212,2722114.00,7689,93.76,10.19,-2.00
19-May-2022,325.40,327.60,322.00,324.58,325.064882943143812709,1495,159,485972.00,1298,86.82,5.60,-0.82
18-May-2022,325.89,325.89,320.90,323.49,323.228481012658227848,1580,254,510701.00,1443,91.33,4.99,-2.40
17-May-2022,310.90,321.99,307.98,318.71,314.072874493927125506,2964,162,930912.00,2012,67.88,14.01,7.81
16-May-2022,313.70,317.00,305.50,306.65,309.522742625534789461,8882,419,2749181.00,6412,72.19,11.50,-7.05
13-May-2022,315.28,319.00,310.00,311.06,312.153344986492928650,6293,375,1964381.00,5263,83.63,9.00,-4.22
12-May-2022,325.00,325.00,310.65,312.79,314.663618056720926329,11918,594,3750161.00,9182,77.04,14.35,-12.21
11-May-2022,332.80,332.80,321.00,321.86,324.723052618787215943,8229,863,2672146.00,6334,76.97,11.80,-10.94
10-May-2022,325.00,334.40,316.85,327.50,325.692758530867413388,7678,501,2500669.00,5802,75.57,17.55,2.50
9-May-2022,330.43,333.00,326.00,326.91,327.770704809739586176,18317,563,6003776.00,14929,81.50,7.00,-3.52
6-May-2022,330.50,330.68,325.00,330.50,329.150311526479750778,3852,92,1267887.00,3695,95.92,5.68,0.00
5-May-2022,331.89,334.85,328.00,328.88,332.185489238961615265,4507,289,1497160.00,3391,75.24,6.85,-3.01
4-May-2022,334.96,335.99,326.34,331.71,333.127633928571428571,22400,449,7462059.00,19562,87.33,9.65,-3.25
2-May-2022,335.75,337.28,332.00,332.78,334.312740875085014735,8822,134,2949307.00,8632,97.85,5.28,-2.97
29-April-2022,332.00,335.98,330.90,331.71,333.154002819990600031,6383,168,2126522.00,5852,91.68,5.08,-0.29
28-April-2022,331.99,332.89,331.05,331.99,332.015997673065735892,3438,637,1141471.00,3231,93.98,1.84,0.00
27-April-2022,328.00,336.99,328.00,329.39,330.316510454217736121,2774,143,916298.00,2565,92.47,8.99,1.39
26-April-2022,325.10,332.12,325.10,329.55,330.852129598939343718,24136,1463,7985447.00,23697,98.18,7.02,4.45
25-April-2022,331.00,331.00,327.53,328.97,328.607539315448658649,4324,174,1420899.00,3400,78.63,3.47,-2.03
22-April-2022,326.80,328.17,325.73,328.01,327.650383141762452107,1044,97,342067.00,862,82.57,2.44,1.21
21-April-2022,329.40,329.40,324.50,324.63,325.043168880455407969,2108,122,685191.00,2001,94.92,4.90,-4.77
20-April-2022,325.00,326.00,324.09,324.74,324.843708165997322623,2988,93,970633.00,2393,80.09,1.91,-0.26
19-April-2022,325.00,325.66,324.00,325.05,324.989936262998993626,2981,61,968795.00,2373,79.60,1.66,0.05
18-April-2022,328.90,328.90,323.55,324.27,324.753351539225422045,8056,361,2616213.00,7527,93.43,5.35,-4.63
13-April-2022,322.42,323.85,321.10,323.55,322.583183453237410071,4448,368,1434850.00,3422,76.93,2.75,1.13
12-April-2022,321.70,324.75,319.90,322.82,322.420132871172732524,6924,214,2232437.00,5154,74.44,4.85,1.12
11-April-2022,322.00,325.00,320.55,321.66,322.402398948406178113,6086,378,1962141.00,5543,91.08,4.45,-0.34
8-April-2022,318.20,321.99,318.00,321.55,319.865216077364762768,3309,183,1058434.00,2791,84.35,3.99,3.35
7-April-2022,315.10,319.16,315.10,318.67,318.411072479272532762,3739,155,1190539.00,3397,90.85,4.06,3.57
6-April-2022,315.25,319.89,315.25,319.64,318.676297862344373972,4257,269,1356605.00,3591,84.36,4.64,4.39
5-April-2022,317.00,317.00,312.25,315.95,314.670433493886624675,5398,412,1698591.00,4155,76.97,4.75,-1.05
4-April-2022,321.90,321.90,313.08,314.32,318.124278059981908009,14371,341,4571764.00,12363,86.03,8.82,-7.58
1-April-2022,316.00,316.00,312.00,313.51,313.253297362110311750,3336,126,1045013.00,2925,87.68,4.00,-2.49
31-March-2022,309.95,316.00,309.95,312.60,312.920920026007802340,12304,800,3850179.00,10670,86.72,6.05,2.65
30-March-2022,308.00,315.05,308.00,312.80,312.994047619047619047,1176,178,368081.00,927,78.83,7.05,4.80
29-March-2022,312.80,313.67,305.25,312.53,310.266532331928924711,5459,280,1693745.00,4426,81.08,8.42,-0.27
28-March-2022,310.00,310.00,303.75,309.09,307.413652519339326782,9566,392,2940719.00,6653,69.55,6.25,-0.91
25-March-2022,304.10,308.00,304.00,304.31,305.545043590571520826,3097,187,946273.00,2428,78.40,4.00,0.21
24-March-2022,303.30,305.29,300.20,305.14,302.859586361095584125,8945,124,2709079.00,6543,73.15,5.09,1.84
23-March-2022,307.00,307.00,301.12,303.64,304.048246427908702913,5389,142,1638516.00,4756,88.25,5.88,-3.36
22-March-2022,299.72,304.12,299.72,302.90,303.151309846431797651,6642,348,2013531.00,5916,89.07,4.40,3.18
21-March-2022,305.81,305.81,299.30,302.48,302.173157798500639970,5469,337,1652585.00,5054,92.41,6.51,-3.33
17-March-2022,302.00,312.91,296.01,305.81,303.170118343195266272,31772,1283,9632321.00,18050,56.81,16.90,3.81
16-March-2022,299.80,300.38,297.10,297.99,298.359378195950092043,4889,281,1458679.00,4578,93.64,3.28,-1.81
15-March-2022,301.00,302.64,297.25,299.75,299.871662715184001649,9701,588,2909055.00,8785,90.56,5.39,-1.25
14-March-2022,303.90,303.90,298.50,299.24,301.678782230506368437,3219,214,971104.00,2707,84.09,5.40,-4.66
11-March-2022,293.10,304.00,292.25,301.01,297.138726873628096582,15945,442,4737877.00,10788,67.66,11.75,7.91
10-March-2022,299.75,304.85,289.19,292.28,296.123915822937903866,28939,835,8569530.00,20591,71.15,15.66,-7.47
9-March-2022,300.80,307.00,295.00,296.29,299.942664958360025624,12488,326,3745684.00,10289,82.39,12.00,-4.51
8-March-2022,301.00,302.89,295.25,300.28,299.363201391909525880,6897,191,2064708.00,5609,81.33,7.64,-0.72
7-March-2022,308.00,308.00,299.00,301.10,300.751645137704118937,12309,307,3701952.00,8572,69.64,9.00,-6.90
4-March-2022,303.00,303.89,299.00,299.72,300.754708858034657195,9291,519,2794312.00,8220,88.47,4.89,-3.28
3-March-2022,306.69,306.69,295.00,302.28,300.002240000000000000,3125,135,937507.00,2677,85.66,11.69,-4.41
2-March-2022,304.24,306.60,302.25,303.16,303.965552965552965552,3861,160,1173611.00,2503,64.83,4.35,-1.08
28-February-2022,303.00,307.00,302.00,303.71,304.396531402593029129,5939,249,1807811.00,5287,89.02,5.00,0.71
25-February-2022,302.00,304.00,301.10,302.62,302.579770261646458200,3134,175,948285.00,2985,95.25,2.90,0.62
24-February-2022,306.00,306.00,298.00,301.61,300.267065233842893900,13214,396,3967729.00,9869,74.69,8.00,-4.39
23-February-2022,303.85,304.38,301.10,303.71,303.244644562696138627,7329,405,2222480.00,5416,73.90,3.28,-0.14
22-February-2022,304.99,304.99,295.00,302.33,301.049437590711175616,11024,442,3318769.00,5761,52.26,9.99,-2.66
21-February-2022,310.40,310.40,299.06,303.41,303.474995846486127263,6019,460,1826616.00,4012,66.66,11.34,-6.99
18-February-2022,306.06,308.49,305.00,306.11,306.163530010172939979,3932,167,1203835.00,3139,79.83,3.49,0.05
17-February-2022,306.00,311.24,305.00,306.06,306.772757697456492637,8964,374,2749911.00,6041,67.39,6.24,0.06
16-February-2022,308.80,312.00,306.00,306.03,308.196404494382022471,4450,520,1371474.00,3671,82.49,6.00,-2.77
15-February-2022,308.00,308.00,303.31,306.04,305.839731643682445024,2683,219,820568.00,2274,84.76,4.69,-1.96
14-February-2022,310.65,312.00,304.96,306.47,308.659926635054129014,11177,500,3449892.00,7859,70.31,7.04,-4.18
11-February-2022,309.61,314.30,309.00,311.92,311.809728908031416265,3947,342,1230713.00,3320,84.11,5.30,2.31
10-February-2022,318.97,318.97,309.61,309.66,313.303125856868659171,58352,170,18281864.00,3578,6.13,9.36,-9.31
9-February-2022,318.00,319.53,312.00,312.73,314.999107342111135907,4481,156,1411511.00,3187,71.12,7.53,-5.27
8-February-2022,313.15,319.15,313.00,315.29,315.542565266742338251,1762,154,555986.00,1167,66.23,6.15,2.14
7-February-2022,316.70,316.70,312.55,313.49,313.677654109589041095,4672,205,1465502.00,3590,76.84,4.15,-3.21
4-February-2022,318.96,318.96,310.62,312.70,312.864293267536129714,2837,127,887596.00,2497,88.02,8.34,-6.26
3-February-2022,310.00,314.98,303.35,312.50,305.648954381011206211,113330,376,34639196.00,109430,96.56,11.63,2.50
2-February-2022,302.79,305.05,300.92,304.58,304.250400384368994234,12488,169,3799479.00,10062,80.57,4.13,1.79
1-February-2022,301.00,305.22,295.00,300.07,302.595475474023855273,27583,563,8346491.00,21393,77.56,10.22,-0.93
31-January-2022,300.99,301.80,296.30,300.34,299.794273594909862142,7544,193,2261648.00,5326,70.60,5.50,-0.65
28-January-2022,302.00,302.00,295.50,295.51,298.063739709917679341,12755,229,3801803.00,12402,97.23,6.50,-6.49
27-January-2022,294.10,300.19,294.10,297.44,296.855463410188644855,10973,351,3257395.00,7627,69.51,6.09,3.34
25-January-2022,299.00,299.04,293.81,297.26,295.912857753096967108,4682,145,1385464.00,3771,80.54,5.23,-1.74
24-January-2022,300.00,300.00,294.71,296.15,295.541780992766275879,8018,273,2369654.00,6373,79.48,5.29,-3.85
21-January-2022,291.20,299.57,291.20,297.11,297.211370930765703805,6543,253,1944654.00,5069,77.47,8.37,5.91
20-January-2022,296.50,303.78,296.50,298.48,300.565651438240270727,5910,167,1776343.00,3756,63.55,7.28,1.98
19-January-2022,303.30,303.30,297.74,298.28,299.563953488372093023,4300,219,1288125.00,3978,92.51,5.56,-5.02
18-January-2022,299.01,300.47,298.00,298.96,299.891637803067788223,10105,203,3030405.00,9352,92.55,2.47,-0.05
17-January-2022,300.00,305.00,297.25,299.39,301.132501625968190149,16913,290,5093054.00,14417,85.24,7.75,-0.61
14-January-2022,295.00,299.70,293.30,297.25,296.776880049720323182,3218,182,955028.00,2527,78.53,6.40,2.25
13-January-2022,297.50,297.50,293.00,295.79,294.378389653733833959,2397,98,705625.00,2276,94.95,4.50,-1.71
12-January-2022,293.30,295.00,291.13,294.45,293.619208494208494208,4144,217,1216758.00,3098,74.76,3.87,1.15
11-January-2022,290.10,294.74,290.10,292.94,292.311568938193343898,3155,111,922243.00,1849,58.61,4.64,2.84
10-January-2022,291.30,297.90,291.01,291.49,293.181783292823333759,7817,349,2291802.00,5855,74.90,6.89,0.19
7-January-2022,293.22,297.49,290.50,295.72,295.235165369649805447,4112,77,1214007.00,3747,91.12,6.99,2.50
6-January-2022,296.00,296.00,291.15,294.27,294.187710033605376860,2083,160,612793.00,1283,61.59,4.85,-1.73
5-January-2022,294.00,296.89,292.45,295.14,294.850097656250000000,4096,185,1207706.00,3036,74.12,4.44,1.14
4-January-2022,295.24,296.90,293.45,295.73,295.407601274465179790,4394,102,1298021.00,4234,96.36,3.45,0.49
3-January-2022,298.90,298.90,291.89,294.13,294.830598531020471948,6399,312,1886621.00,4843,75.68,7.01,-4.77
31-December-2021,294.00,299.28,290.24,297.74,295.477424749163879598,9568,206,2827128.00,9124,95.36,9.04,3.74
30-December-2021,289.29,290.89,285.01,288.82,289.665858187743964831,26387,279,7643413.00,25921,98.23,5.88,-0.47
29-December-2021,292.27,292.27,289.50,290.67,290.246058732612055641,6470,261,1877892.00,6346,98.08,2.77,-1.60
28-December-2021,293.09,294.42,288.00,292.01,291.393822393822393822,3885,134,1132065.00,3408,87.72,6.42,-1.08
27-December-2021,298.00,298.00,289.30,289.89,290.649706457925636007,4599,336,1336698.00,4318,93.89,8.70,-8.11
24-December-2021,296.00,296.00,291.00,291.09,292.501541271834684324,8759,260,2562021.00,6118,69.85,5.00,-4.91
23-December-2021,296.00,296.00,294.56,295.11,295.136474411047928513,3693,51,1089939.00,3645,98.70,1.44,-0.89
22-December-2021,295.65,296.00,293.59,295.32,294.516523463317911434,6052,121,1782414.00,4805,79.40,2.41,-0.33
21-December-2021,295.80,299.80,289.83,295.73,294.886619562817398984,18116,172,5342166.00,16967,93.66,9.97,-0.07
20-December-2021,301.98,301.98,290.00,291.41,294.871069482939883398,31389,526,9255708.00,29299,93.34,11.98,-10.57
17-December-2021,294.29,295.87,289.76,292.86,292.519603692099246337,11809,368,3454364.00,9446,79.99,6.11,-1.43
16-December-2021,296.99,299.05,293.00,294.27,296.874470787468247248,4724,157,1402435.00,4147,87.79,6.05,-2.72
15-December-2021,296.89,297.00,294.52,296.79,295.872558139534883720,1075,35,318063.00,839,78.05,2.48,-0.10
14-December-2021,298.00,299.98,291.63,295.73,295.950635208711433756,5510,192,1630688.00,4416,80.15,8.35,-2.27
13-December-2021,299.99,299.99,288.51,294.96,293.171457696228338430,9810,376,2876012.00,6461,65.86,11.48,-5.03
10-December-2021,297.75,297.75,292.93,296.24,294.993966817496229260,2652,152,782324.00,2299,86.69,4.82,-1.51
9-December-2021,301.00,301.00,293.50,297.21,297.620909816440542697,7518,103,2237514.00,7161,95.25,7.50,-3.79
8-December-2021,298.80,298.80,293.20,294.79,294.858588621444201312,7312,148,2156006.00,5999,82.04,5.60,-4.01
7-December-2021,295.40,296.00,292.00,292.46,293.975160256410256410,2496,144,733762.00,2175,87.14,4.00,-2.94
6-December-2021,297.80,297.80,291.94,294.47,295.677980523778008887,10577,248,3127386.00,9061,85.67,5.86,-3.33
3-December-2021,299.78,299.78,291.00,294.90,294.172661277016993895,36366,371,10697883.00,32776,90.13,8.78,-4.88
2-December-2021,290.27,294.20,288.20,293.41,292.207500876270592358,5706,228,1667336.00,4153,72.78,6.00,3.14
1-December-2021,286.24,292.00,283.70,288.22,287.474109131403118040,17960,469,5163035.00,12468,69.42,8.30,1.98
30-November-2021,296.99,296.99,280.00,284.92,286.241400996565236321,20671,483,5916896.00,16016,77.48,16.99,-12.07
29-November-2021,293.15,299.21,283.64,292.79,292.571779979501195763,14635,748,4281788.00,9649,65.93,15.57,-0.36
26-November-2021,297.00,300.58,292.55,293.77,296.136768036234228405,12364,613,3661435.00,7419,60.00,8.03,-3.23
25-November-2021,300.00,300.00,250.00,297.40,284.491374853113983548,21275,327,6052554.00,14429,67.82,50.00,-2.60
24-November-2021,299.00,300.43,293.93,295.18,298.233521770507577579,16628,669,4959027.00,13528,81.36,6.50,-3.82
23-November-2021,302.00,302.00,296.10,296.22,298.509602408387833489,19266,771,5751086.00,17276,89.67,5.90,-5.78
22-November-2021,297.00,302.77,293.21,296.34,296.376311767702496179,19630,311,5817867.00,14840,75.60,9.56,-0.66
18-November-2021,302.80,304.99,294.10,296.95,297.680135301353013530,16260,400,4840279.00,11655,71.68,10.89,-5.85
17-November-2021,308.00,308.00,295.00,301.58,300.863947421912053662,14759,619,4440451.00,10708,72.55,13.00,-6.42
16-November-2021,310.00,313.80,301.01,303.51,307.756010685663401602,8984,211,2764880.00,7750,86.26,12.79,-6.49
15-November-2021,303.00,313.20,302.78,309.37,307.910088717015468607,35168,813,10828582.00,31141,88.55,10.42,6.37
12-November-2021,300.00,303.00,299.37,301.72,301.289798106128283008,11194,268,3372638.00,8094,72.31,3.63,1.72
11-November-2021,298.00,303.00,295.00,300.00,299.713868343195266272,27040,499,8104263.00,19508,72.14,8.00,2.00
10-November-2021,298.40,299.84,292.37,297.81,296.899632052330335241,19568,428,5809732.00,13737,70.20,7.47,-0.59
9-November-2021,293.40,297.42,290.25,294.19,294.782527677299134056,18246,506,5378602.00,12689,69.54,7.17,0.79
8-November-2021,294.00,295.00,284.47,289.60,292.495296510519290662,31466,614,9203657.00,21751,69.13,10.53,-4.40
4-November-2021,294.00,294.00,289.20,292.23,292.301188299817184643,6564,144,1918665.00,5388,82.08,4.80,-1.77
3-November-2021,290.00,291.71,279.20,289.22,286.183347280334728033,23900,313,6839782.00,10087,42.20,12.51,-0.78
2-November-2021,290.78,291.52,289.91,290.17,290.674323361823361823,5616,148,1632427.00,4732,84.26,1.61,-0.61
1-November-2021,293.50,293.50,281.10,289.45,290.141572315558802045,21904,239,6355261.00,14201,64.83,12.40,-4.05
29-October-2021,290.63,291.98,283.00,286.39,287.954095409540954095,21109,353,6078423.00,14428,68.35,8.98,-4.24
28-October-2021,294.90,294.90,285.05,286.97,286.704584810752865506,24254,190,6953733.00,20977,86.49,9.85,-7.93
27-October-2021,284.00,289.80,283.26,288.37,286.910796528821447617,20627,370,5918109.00,13823,67.01,6.54,4.37
26-October-2021,279.00,289.00,279.00,285.45,282.727888277613203554,21267,361,6012774.00,17018,80.02,10.00,6.45
25-October-2021,277.00,279.00,274.25,278.05,275.838303567694173742,23909,239,6595018.00,19307,80.75,4.75,1.05
22-October-2021,274.95,275.00,273.01,274.75,274.691111111111111111,8100,115,2224998.00,6598,81.46,1.99,-0.20
21-October-2021,274.00,275.08,271.10,273.45,273.674782139969454676,22262,162,6092548.00,14188,63.73,3.98,-0.55
20-October-2021,272.00,275.00,270.12,271.70,274.230843662166520757,21703,213,5951632.00,16701,76.95,4.88,-0.30
19-October-2021,274.10,275.00,273.10,274.02,273.959437732555468785,21769,294,5963823.00,17267,79.32,1.90,-0.08
18-October-2021,273.99,274.15,270.98,272.35,273.046839241214463713,19663,342,5368920.00,15699,79.84,3.17,-1.64
14-October-2021,270.24,272.10,268.90,270.72,270.960505291085049293,33169,271,8987489.00,29242,88.16,3.20,0.48
13-October-2021,269.49,272.00,262.66,270.59,267.468722672418818865,17153,277,4587891.00,9331,54.40,9.34,1.10
12-October-2021,272.80,272.80,267.52,268.63,269.097796020344427589,11207,226,3015779.00,6584,58.75,5.28,-4.17
11-October-2021,268.01,272.00,265.00,268.71,270.373442288049029622,14685,208,3970434.00,9436,64.26,7.00,0.70
8-October-2021,273.99,273.99,268.60,269.79,269.577845571218177992,9506,187,2562607.00,5357,56.35,5.39,-4.20
7-October-2021,271.39,272.20,268.00,269.03,269.755617080183154083,9391,280,2533275.00,6777,72.16,4.20,-2.36
6-October-2021,275.90,275.90,269.58,270.67,271.159090909090909090,6468,117,1753857.00,5152,79.65,6.32,-5.23
5-October-2021,275.95,275.95,269.50,270.39,271.161307528192624199,13124,301,3558721.00,10449,79.62,6.45,-5.56
4-October-2021,272.80,274.87,268.10,272.89,272.446561096667454502,21155,407,5763607.00,16540,78.18,6.77,0.09
1-October-2021,266.00,272.29,266.00,270.00,270.600711020822752666,9845,289,2664064.00,7099,72.11,6.29,4.00
30-September-2021,271.00,271.00,264.21,265.88,266.297010896730980705,10003,331,2663769.00,5421,54.19,6.79,-5.12
29-September-2021,258.90,269.00,256.00,267.96,264.486411871279440945,23182,643,6131324.00,15630,67.42,13.00,9.06
28-September-2021,255.31,259.80,254.64,257.54,257.186788399570354457,9310,282,2394409.00,5795,62.24,5.16,2.23
27-September-2021,260.82,260.82,254.50,255.31,255.658643169281467153,13959,425,3568739.00,12315,88.22,6.32,-5.51
24-September-2021,259.00,261.08,255.00,257.21,257.594934692577253902,12556,146,3234362.00,11467,91.33,6.08,-1.79
23-September-2021,263.00,263.00,257.69,258.57,259.186392842130547048,16653,405,4316231.00,14906,89.51,5.31,-4.43
22-September-2021,258.99,260.00,257.72,259.37,259.407625649913344887,11540,190,2993564.00,8825,76.47,2.28,0.38
21-September-2021,258.80,260.18,256.00,259.57,258.429016189290161892,8030,145,2075185.00,5523,68.78,4.18,0.77
20-September-2021,255.00,262.19,255.00,255.67,256.791368377991409286,14667,338,3766359.00,12059,82.22,7.19,0.67
17-September-2021,266.80,267.85,241.00,250.09,258.347431318681318681,145600,1279,37615386.00,83021,57.02,26.85,-16.71
16-September-2021,271.03,271.80,262.00,266.80,266.876926488524226632,36076,591,9627852.00,29505,81.79,9.80,-4.23
15-September-2021,271.57,273.48,270.05,270.83,270.953715401401171471,17414,383,4718388.00,15234,87.48,3.43,-0.74
14-September-2021,277.44,277.44,273.31,274.48,275.083319141689373297,23488,182,6461157.00,18856,80.28,4.13,-2.96
13-September-2021,274.00,281.00,272.61,274.79,274.639911597769852830,19909,246,5467806.00,18865,94.76,8.39,0.79
9-September-2021,267.95,273.00,266.05,271.54,267.735790530061125809,10961,226,2934652.00,5910,53.92,6.95,3.59
8-September-2021,268.00,269.80,265.76,266.67,267.134130075228085151,37486,761,10013790.00,20641,55.06,4.04,-1.33
7-September-2021,264.00,269.00,264.00,266.42,266.388092269326683291,12832,211,3418292.00,4623,36.03,5.00,2.42
6-September-2021,266.80,267.00,262.10,263.34,264.248692620569436374,20652,542,5457264.00,14646,70.92,4.90,-3.46
3-September-2021,266.98,266.99,262.25,263.19,264.140662818841928877,10742,293,2837399.00,6789,63.20,4.74,-3.79
2-September-2021,266.90,267.89,264.12,265.78,266.922780705310093230,9868,111,2633994.00,9089,92.11,3.77,-1.12
1-September-2021,263.80,266.90,262.82,265.46,264.862611532188429434,10423,219,2760663.00,8736,83.81,4.08,1.66
31-August-2021,264.80,264.80,257.00,262.36,260.571767363071710897,17710,230,4614726.00,13864,78.28,7.80,-2.44
30-August-2021,263.65,264.14,256.22,258.88,261.957009904371584699,23424,287,6136081.00,16430,70.14,7.92,-4.77
27-August-2021,247.16,261.80,247.16,258.44,259.432579038983119459,24703,420,6408763.00,17264,69.89,14.64,11.28
26-August-2021,256.00,256.20,250.01,252.05,252.490768749348075518,19174,204,4841258.00,16438,85.73,6.19,-3.95
25-August-2021,257.00,257.00,254.50,255.07,255.367310760503456833,5641,66,1440527.00,5507,97.62,2.50,-1.93
24-August-2021,256.98,257.03,253.08,254.26,254.937845891868880374,18792,214,4790792.00,18059,96.10,3.95,-2.72
23-August-2021,256.00,262.00,254.00,255.00,258.122834645669291338,18415,123,4753332.00,15873,86.20,8.00,-1.00
20-August-2021,258.05,261.15,253.86,254.43,256.166370423035904728,16878,344,4323576.00,10026,59.40,7.29,-3.62
18-August-2021,258.24,260.95,256.41,258.05,258.152513337575253291,20431,334,5274314.00,15666,76.68,4.54,-0.19
17-August-2021,264.10,264.49,259.98,260.61,261.497073089145342030,11958,197,3126982.00,8095,67.70,4.51,-3.49
16-August-2021,267.00,267.30,264.45,264.81,265.707206490614062997,12572,732,3340471.00,11798,93.84,2.85,-2.19
13-August-2021,267.00,267.00,264.50,265.04,265.372253696282990189,14474,160,3840998.00,13122,90.66,2.50,-1.96
12-August-2021,270.00,270.00,264.10,265.08,266.081294326241134751,45120,404,12005588.00,40742,90.30,5.90,-4.92
11-August-2021,272.00,274.42,266.00,267.19,271.569234606613454960,84192,3082,22863957.00,78571,93.32,8.42,-4.81
10-August-2021,272.51,274.99,272.00,272.00,273.421185185185185185,27000,103,7382372.00,25800,95.56,2.99,-0.51
9-August-2021,274.71,275.24,272.56,274.00,274.470434782608695652,18400,81,5050256.00,16800,91.30,2.68,-0.71
6-August-2021,273.34,275.00,270.37,274.71,273.137894736842105263,11400,46,3113772.00,8200,71.93,4.63,1.37
5-August-2021,269.99,272.50,267.55,272.32,271.193904761904761904,21000,92,5695072.00,13800,65.71,4.95,2.33
4-August-2021,267.00,269.99,267.00,269.99,267.677735849056603773,10600,40,2837384.00,8600,81.13,2.99,2.99
3-August-2021,267.50,268.65,265.20,268.17,266.936000000000000000,4000,17,1067744.00,2800,70.00,3.45,0.67
2-August-2021,266.00,267.00,264.35,265.12,265.959230769230769230,15600,53,4148964.00,14000,89.74,2.65,-0.88
30-July-2021,268.00,268.00,263.52,263.91,264.977307692307692307,10400,38,2755764.00,9200,88.46,4.48,-4.09
29-July-2021,269.70,269.99,263.95,268.06,266.775405405405405405,7400,34,1974138.00,6200,83.78,6.04,-1.64
28-July-2021,264.02,266.34,262.20,265.39,263.984000000000000000,3000,15,791952.00,2400,80.00,4.14,1.37
27-July-2021,266.99,266.99,263.97,265.73,265.038571428571428571,2800,12,742108.00,2400,85.71,3.02,-1.26
26-July-2021,265.61,267.10,264.47,264.73,265.522244897959183673,9800,35,2602118.00,7800,79.59,2.63,-0.88
23-July-2021,269.75,269.75,266.15,266.64,267.702647058823529411,6800,28,1820378.00,5800,85.29,3.60,-3.11
22-July-2021,268.00,269.84,266.75,267.11,268.176875000000000000,3200,16,858166.00,2600,81.25,3.09,-0.89
20-July-2021,268.03,269.80,265.15,267.59,266.628723404255319148,9400,40,2506310.00,6000,63.83,4.65,-0.44
19-July-2021,267.00,271.65,267.00,270.50,269.773611111111111111,7200,31,1942370.00,6400,88.89,4.65,3.50
16-July-2021,264.55,267.39,264.55,265.38,265.746041666666666666,9600,43,2551162.00,6400,66.67,2.84,0.83
15-July-2021,263.52,267.19,263.52,265.27,265.025204081632653061,19600,63,5194494.00,17800,90.82,3.67,1.75
14-July-2021,266.90,267.03,265.00,266.48,266.029215686274509803,10200,31,2713498.00,8800,86.27,2.03,-0.42
13-July-2021,266.20,272.72,265.80,265.80,268.162142857142857142,5600,19,1501708.00,5400,96.43,6.92,-0.40
12-July-2021,266.00,267.39,265.00,266.29,266.291000000000000000,6000,28,1597746.00,3800,63.33,2.39,0.29
9-July-2021,267.10,269.96,264.25,265.33,267.636451612903225806,12400,46,3318692.00,10400,83.87,5.71,-1.77
8-July-2021,267.51,268.89,267.40,267.47,267.995000000000000000,7600,31,2036762.00,5400,71.05,1.49,-0.04
7-July-2021,267.87,269.45,267.08,268.65,268.102666666666666666,6000,27,1608616.00,4800,80.00,2.37,0.78
6-July-2021,269.00,270.49,266.90,268.00,268.945283018867924528,10600,42,2850820.00,7400,69.81,3.59,-1.00
5-July-2021,269.70,270.79,268.85,269.49,269.640645161290322580,12400,52,3343544.00,7200,58.06,1.94,-0.21
2-July-2021,270.14,271.34,266.80,269.72,269.127826086956521739,9200,41,2475976.00,6800,73.91,4.54,-0.42
1-July-2021,269.00,270.30,269.00,270.30,269.355185185185185185,5400,25,1454518.00,4200,77.78,1.30,1.30
30-June-2021,268.89,268.99,268.32,268.33,268.530000000000000000,2200,11,590766.00,1800,81.82,0.67,-0.56
29-June-2021,268.10,269.40,267.10,267.70,268.397083333333333333,4800,23,1288306.00,4000,83.33,2.30,-0.40
28-June-2021,270.15,270.15,268.35,269.00,268.947692307692307692,2600,13,699264.00,2000,76.92,1.80,-1.15
25-June-2021,267.85,270.00,267.85,269.00,268.729722222222222222,7200,29,1934854.00,4600,63.89,2.15,1.15
24-June-2021,267.20,269.15,267.20,268.01,268.435625000000000000,3200,15,858994.00,2800,87.50,1.95,0.81
23-June-2021,270.00,270.32,268.30,269.56,269.646600000000000000,10000,32,2696466.00,8800,88.00,2.02,-0.44
22-June-2021,268.00,270.20,268.00,269.59,269.629295774647887323,14200,42,3828736.00,12600,88.73,2.20,1.59
21-June-2021,268.00,270.14,268.00,270.09,269.465555555555555555,3600,17,970076.00,3000,83.33,2.14,2.09
18-June-2021,267.70,269.00,265.00,266.02,266.766304347826086956,9200,30,2454250.00,4200,45.65,4.00,-1.68
17-June-2021,265.01,274.79,264.35,265.00,269.082894736842105263,15200,55,4090060.00,11800,77.63,10.44,-0.01
16-June-2021,265.25,270.20,264.20,269.68,268.501029411764705882,13600,45,3651614.00,10600,77.94,6.00,4.43
15-June-2021,270.05,270.89,265.00,265.92,267.546483516483516483,18200,69,4869346.00,14200,78.02,5.89,-4.13
14-June-2021,271.00,271.00,268.01,268.66,269.270909090909090909,8800,40,2369584.00,6400,72.73,2.99,-2.34
11-June-2021,269.00,270.00,268.35,269.75,269.203714285714285714,14000,40,3768852.00,12200,87.14,1.65,0.75
10-June-2021,265.35,268.50,264.85,266.98,266.754296210363495746,517200,93,137965322.00,513600,99.30,3.65,1.63
9-June-2021,262.59,267.55,261.15,266.31,263.935727272727272727,22000,50,5806586.00,19800,90.00,6.40,3.72
8-June-2021,257.90,262.88,257.35,261.50,260.522619047619047619,16800,64,4376780.00,13600,80.95,5.53,3.60
7-June-2021,260.00,261.86,252.25,258.19,259.131340206185567010,38800,127,10054296.00,25600,65.98,9.61,-1.81
4-June-2021,259.30,259.50,255.47,258.70,257.573055555555555555,7200,33,1854526.00,4800,66.67,4.03,-0.60
3-June-2021,257.84,258.95,255.90,256.48,257.291470588235294117,6800,33,1749582.00,4400,64.71,3.05,-1.36
2-June-2021,254.90,259.40,254.54,258.11,256.728148148148148148,16200,70,4158996.00,12400,76.54,4.86,3.21
1-June-2021,252.40,259.50,245.00,253.51,252.041774193548387096,24800,83,6250636.00,17800,71.77,14.50,1.11
31-May-2021,251.60,252.15,250.00,251.65,251.132857142857142857,11200,43,2812688.00,8400,75.00,2.15,0.05
28-May-2021,250.50,255.80,250.25,251.15,251.373913043478260869,13800,49,3468960.00,13600,98.55,5.55,0.65
27-May-2021,251.06,252.74,249.81,249.81,250.883921568627450980,10200,36,2559016.00,8200,80.39,2.93,-1.25
26-May-2021,251.40,252.49,249.01,249.64,250.256206896551724137,5800,26,1451486.00,4400,75.86,3.48,-1.76
25-May-2021,249.80,253.20,249.80,251.83,251.760930232558139534,17200,69,4330288.00,11200,65.12,3.40,2.03
24-May-2021,250.00,250.88,245.52,248.01,248.408524590163934426,24400,85,6061168.00,17600,72.13,5.36,-1.99
21-May-2021,252.99,259.85,248.36,249.09,252.861153846153846153,26000,106,6574390.00,22400,86.15,11.49,-3.90
20-May-2021,250.45,255.90,250.00,252.14,253.490256410256410256,7800,37,1977224.00,6800,87.18,5.90,1.69
19-May-2021,247.00,256.80,247.00,254.43,254.161702127659574468,18800,81,4778240.00,17400,92.55,9.80,7.43
18-May-2021,251.00,253.20,244.79,247.35,248.378400000000000000,20000,96,4967568.00,14600,73.00,8.41,-3.65
17-May-2021,253.16,254.90,249.85,250.25,251.471724137931034482,11600,52,2917072.00,10200,87.93,5.05,-2.91
14-May-2021,259.25,259.25,251.00,254.02,254.480514705882352941,27200,109,6921870.00,19400,71.32,8.25,-5.23
12-May-2021,259.25,259.79,259.13,259.49,259.492444444444444444,117000,99,30360616.00,112400,96.07,0.66,0.24
11-May-2021,257.47,260.00,256.85,259.13,259.294383202099737532,76200,65,19758232.00,73600,96.59,3.15,1.66
10-May-2021,254.01,258.00,252.51,257.79,256.537833356555663926,1435400,127,368234406.00,1427200,99.43,5.49,3.78
7-May-2021,250.51,255.05,250.51,252.93,253.797333333333333333,18000,68,4568352.00,13800,76.67,4.54,2.42
6-May-2021,252.00,254.00,250.11,252.57,251.811914893617021276,9400,43,2367032.00,6800,72.34,3.89,0.57
5-May-2021,251.50,254.78,250.13,253.70,252.671071428571428571,11200,42,2829916.00,10000,89.29,4.65,2.20
4-May-2021,249.98,251.15,245.95,249.53,249.878157894736842105,22800,55,5697222.00,20200,88.60,5.20,-0.45
3-May-2021,245.00,249.49,244.00,247.78,246.726600000000000000,10000,34,2467266.00,8400,84.00,5.49,2.78
30-April-2021,244.65,249.00,244.65,245.19,245.780000000000000000,15600,64,3834168.00,12800,82.05,4.35,0.54
29-April-2021,242.05,243.08,241.80,241.80,242.461428571428571428,2800,13,678892.00,2400,85.71,1.28,-0.25
28-April-2021,243.40,247.00,242.13,243.31,243.884090909090909090,4400,17,1073090.00,4200,95.45,4.87,-0.09
27-April-2021,240.18,242.85,236.00,242.85,239.916250000000000000,4800,22,1151598.00,3400,70.83,6.85,2.67
26-April-2021,243.00,243.36,240.05,243.02,242.824042553191489361,18800,54,4565092.00,15600,82.98,3.31,0.02
23-April-2021,242.00,242.00,240.40,241.55,241.855555555555555555,10800,24,2612040.00,10600,98.15,1.60,-0.45
22-April-2021,239.60,241.17,237.90,241.09,239.490277777777777777,7200,27,1724330.00,5400,75.00,3.27,1.49
20-April-2021,239.50,242.00,237.00,237.56,239.289090909090909090,6600,22,1579308.00,5600,84.85,5.00,-1.94
19-April-2021,240.00,240.00,230.50,236.22,236.929673913043478260,18400,80,4359506.00,11000,59.78,9.50,-3.78
16-April-2021,241.50,242.00,238.45,241.21,240.552682926829268292,16400,62,3945064.00,14200,86.59,3.55,-0.29
15-April-2021,239.00,239.52,236.35,236.35,237.736721311475409836,12200,46,2900388.00,8600,70.49,3.17,-2.65
13-April-2021,235.49,242.89,233.89,239.13,237.712653061224489795,19600,63,4659168.00,14400,73.47,9.00,3.64
12-April-2021,239.28,239.28,230.02,234.33,233.769534883720930232,17200,71,4020836.00,9200,53.49,9.26,-4.95
9-April-2021,240.00,241.90,230.64,234.36,235.509345794392523364,42800,150,10079800.00,23200,54.21,11.26,-5.64
8-April-2021,241.00,244.15,241.00,241.57,241.795714285714285714,14000,44,3385140.00,13000,92.86,3.15,0.57
7-April-2021,235.34,243.75,235.20,242.00,241.778554216867469879,16600,65,4013524.00,12400,74.70,8.55,6.66
6-April-2021,235.00,241.70,233.90,241.43,238.910888888888888888,18000,69,4300396.00,13000,72.22,7.80,6.43
5-April-2021,230.00,234.00,230.00,231.77,231.046557377049180327,12200,41,2818768.00,8600,70.49,4.00,1.77
1-April-2021,222.41,236.50,222.41,232.19,230.266913580246913580,16200,66,3730324.00,12200,75.31,14.09,9.78
31-March-2021,225.00,225.00,220.81,223.20,222.257746478873239436,28400,88,6312120.00,21000,73.94,4.19,-1.80
30-March-2021,225.80,229.65,220.65,224.96,223.104979066985645933,668800,954,149212610.00,648200,96.92,9.00,-0.84
26-March-2021,218.00,223.90,215.50,221.87,221.523671630094043887,3062400,1561,678394092.00,2600000,84.90,8.40,3.87
25-March-2021,224.99,224.99,215.25,219.36,217.732012345679012345,162000,260,35272586.00,147800,91.23,9.74,-5.63
24-March-2021,227.10,230.00,225.00,225.34,228.673560767590618336,93800,222,21449580.00,71200,75.91,5.00,-1.76
23-March-2021,233.15,235.00,227.10,228.11,231.156027397260273972,29200,109,6749756.00,19800,67.81,7.90,-5.04
22-March-2021,227.00,234.10,227.00,230.80,230.657263157894736842,38000,108,8764976.00,30600,80.53,7.10,3.80
19-March-2021,226.00,227.19,222.11,226.94,224.203413461538461538,41600,132,9326862.00,30200,72.60,5.08,0.94
18-March-2021,233.99,233.99,222.21,224.01,225.387436440677966101,94400,303,21276574.00,74200,78.60,11.78,-9.98
17-March-2021,234.00,235.00,229.41,230.49,230.531974497681607418,517600,165,119323350.00,514400,99.38,5.59,-3.51
16-March-2021,236.00,241.70,234.00,234.38,235.795120772946859903,41400,149,9761918.00,36000,86.96,7.70,-1.62
15-March-2021,242.00,242.91,235.00,235.15,236.685747126436781609,52200,203,12354996.00,40000,76.63,7.91,-6.85
12-March-2021,245.00,245.70,239.90,241.39,241.918486352357320099,80600,204,19498630.00,67600,83.87,5.80,-3.61
10-March-2021,243.71,246.09,242.90,244.41,244.960945945945945945,29600,87,7250844.00,27000,91.22,3.19,0.70
9-March-2021,247.10,248.05,244.03,244.30,246.818849557522123893,45200,140,11156212.00,42200,93.36,4.02,-2.80
8-March-2021,247.55,248.35,246.57,248.00,247.877142857142857142,8400,22,2082168.00,7400,88.10,1.78,0.45
5-March-2021,250.50,250.50,245.86,246.48,247.226075949367088607,15800,73,3906172.00,10800,68.35,4.64,-4.02
4-March-2021,251.00,251.00,248.25,249.38,249.278432835820895522,53600,176,13361324.00,50400,94.03,2.75,-1.62
3-March-2021,251.00,251.00,249.12,249.46,250.401856287425149700,33400,76,8363422.00,28800,86.23,1.88,-1.54
2-March-2021,251.60,251.60,247.10,249.16,249.050551181102362204,25400,92,6325884.00,16800,66.14,4.50,-2.44
1-March-2021,250.39,250.39,245.51,246.54,246.967837837837837837,29600,111,7310248.00,20600,69.59,4.88,-3.85
26-February-2021,244.34,250.39,244.00,247.01,246.382096551724137931,145000,524,35725404.00,112600,77.66,6.39,2.67
25-February-2021,252.00,253.20,249.05,250.66,251.230422077922077922,61600,170,15475794.00,45600,74.03,4.15,-1.34
24-February-2021,250.00,252.50,248.48,250.93,250.797905056759545923,581400,229,145813902.00,569200,97.90,4.02,0.93
23-February-2021,249.55,251.00,244.79,247.72,249.645461975028376844,881000,270,219937652.00,857000,97.28,6.21,-1.83
22-February-2021,261.00,262.27,240.00,247.11,248.140662420382165605,314000,947,77916168.00,251600,80.13,22.27,-13.89
19-February-2021,267.00,268.10,253.00,258.96,262.802252906976744186,137600,497,36161590.00,106400,77.33,15.10,-8.04
18-February-2021,269.44,269.90,267.36,268.11,268.773750000000000000,94400,319,25372242.00,82400,87.29,2.54,-1.33
17-February-2021,271.00,271.80,268.01,268.37,269.587245119305856832,184400,538,49711888.00,164800,89.37,3.79,-2.63
16-February-2021,275.05,280.05,258.35,269.96,269.308394206549118387,1270400,3452,342129384.00,810800,63.82,21.70,-5.09
