Symbol,Series,Date,Prev Close,Open Price,High Price,Low Price,Last Price,Close Price,Average Price,Total Traded Quantity,Turnover ₹,No. of Trades,Deliverable Qty,% Dly Qt to Traded Qty
BIRET,RR,16-Feb-2021,275.00,281.70,281.70,258.00,269.20,268.93,269.56,"82,81,600","2,23,23,52,986.00","14,264","70,06,200",84.60
BIRET,RR,17-Feb-2021,268.93,271.95,271.95,268.00,268.05,268.06,269.19,"26,30,800","70,81,98,020.00","2,377","25,31,600",96.23
BIRET,RR,18-Feb-2021,268.06,271.90,271.90,267.50,267.50,267.52,268.56,"9,09,400","24,42,30,374.00","1,529","8,68,400",95.49
BIRET,RR,19-Feb-2021,267.52,267.50,268.95,252.25,261.00,259.01,263.56,"14,39,000","37,92,67,342.00","2,432","13,06,600",90.80
BIRET,RR,22-Feb-2021,259.01,257.80,264.70,239.25,246.90,247.29,246.04,"20,85,200","51,30,38,742.00","3,552","18,26,200",87.58
BIRET,RR,23-Feb-2021,247.29,248.80,251.59,241.00,247.15,247.90,249.13,"14,35,400","35,76,01,472.00","1,125","13,51,400",94.15
BIRET,RR,24-Feb-2021,247.90,250.50,252.95,248.25,250.50,250.91,250.40,"2,08,400","5,21,83,492.00",487,"1,62,200",77.83
BIRET,RR,25-Feb-2021,250.91,250.05,253.00,249.00,251.45,249.79,251.33,"6,58,800","16,55,75,470.00","1,478","5,79,800",88.01
BIRET,RR,26-Feb-2021,249.79,247.20,249.99,243.21,249.99,246.09,245.90,"8,57,200","21,07,82,438.00","2,248","6,42,800",74.99
BIRET,RR,01-Mar-2021,246.09,249.20,250.00,245.70,246.30,246.81,247.03,"1,77,800","4,39,22,800.00",461,"1,45,800",82.00
BIRET,RR,02-Mar-2021,246.81,247.59,250.20,247.21,249.66,249.48,249.54,"3,46,600","8,64,91,758.00",794,"2,82,400",81.48
BIRET,RR,03-Mar-2021,249.48,249.31,251.99,249.16,249.17,249.70,250.70,"1,37,200","3,43,96,122.00",316,"1,19,200",86.88
BIRET,RR,04-Mar-2021,249.70,249.70,250.74,247.76,249.00,249.14,249.13,"1,60,400","3,99,60,136.00",486,"1,42,600",88.90
BIRET,RR,05-Mar-2021,249.14,248.01,249.50,245.55,246.80,246.59,247.35,"1,50,800","3,73,01,128.00",348,"1,13,800",75.46
BIRET,RR,08-Mar-2021,246.59,249.50,250.05,246.75,247.40,247.08,247.78,"1,27,200","3,15,17,376.00",339,"1,08,600",85.38
BIRET,RR,09-Mar-2021,247.08,247.40,248.04,244.00,244.54,244.15,246.54,"1,83,000","4,51,16,036.00",565,"1,60,000",87.43
BIRET,RR,10-Mar-2021,244.15,244.15,245.90,243.04,244.50,244.25,244.58,"89,200","2,18,16,256.00",244,"76,600",85.87
BIRET,RR,12-Mar-2021,244.25,245.00,247.25,240.05,245.89,242.10,242.48,"3,31,600","8,04,04,912.00",643,"2,90,600",87.64
BIRET,RR,15-Mar-2021,242.10,242.00,242.85,235.00,235.25,235.10,236.74,"5,22,800","12,37,65,196.00","1,605","4,31,800",82.59
BIRET,RR,16-Mar-2021,235.10,235.00,236.95,233.59,234.88,234.34,234.98,"2,45,600","5,77,10,222.00",796,"2,02,600",82.49
BIRET,RR,17-Mar-2021,234.34,234.36,236.00,229.00,230.00,229.96,230.92,"9,08,000","20,96,78,588.00","1,347","8,83,200",97.27
BIRET,RR,18-Mar-2021,229.96,232.90,232.90,222.01,225.00,224.20,225.19,"9,33,800","21,02,86,452.00","1,657","8,35,200",89.44
BIRET,RR,19-Mar-2021,224.20,225.00,227.85,222.10,227.00,226.94,223.87,"11,49,800","25,74,09,738.00","1,354","9,91,400",86.22
BIRET,RR,22-Mar-2021,226.94,228.99,235.00,225.00,231.00,230.30,230.94,"4,38,600","10,12,90,314.00","1,098","3,65,200",83.26
BIRET,RR,23-Mar-2021,230.30,233.43,235.70,227.01,227.10,227.95,231.92,"7,26,600","16,85,12,784.00","1,059","6,36,400",87.59
BIRET,RR,24-Mar-2021,227.95,230.80,231.00,225.00,225.50,225.48,227.41,"6,67,800","15,18,61,840.00","1,083","5,87,600",87.99
BIRET,RR,25-Mar-2021,225.48,225.00,225.97,215.00,221.00,219.41,217.65,"20,42,000","44,44,36,156.00","3,979","18,74,400",91.79
BIRET,RR,26-Mar-2021,219.41,221.85,224.25,215.00,222.00,221.70,219.93,"39,78,600","87,50,00,084.00","4,383","25,72,000",64.65
BIRET,RR,30-Mar-2021,221.70,223.45,229.84,220.20,224.00,225.26,223.30,"9,35,200","20,88,26,514.00","1,842","7,88,200",84.28
BIRET,RR,31-Mar-2021,225.26,224.93,224.93,220.75,223.80,223.21,221.64,"8,83,400","19,57,96,026.00",802,"8,45,600",95.72
BIRET,RR,01-Apr-2021,223.21,222.10,236.00,222.10,231.00,232.14,230.88,"2,53,800","5,85,97,604.00",722,"2,10,800",83.06
BIRET,RR,05-Apr-2021,232.14,227.00,234.00,227.00,231.50,233.04,231.69,"1,04,200","2,41,42,570.00",220,"88,200",84.64
BIRET,RR,06-Apr-2021,233.04,235.80,241.89,234.10,241.60,241.28,238.29,"1,94,000","4,62,27,408.00",295,"1,72,800",89.07
BIRET,RR,07-Apr-2021,241.28,236.00,244.40,234.05,242.00,241.84,241.62,"1,33,200","3,21,83,600.00",405,"1,05,800",79.43
BIRET,RR,08-Apr-2021,241.84,241.00,243.99,241.00,242.00,241.89,241.82,"1,11,000","2,68,42,418.00",292,"99,000",89.19
BIRET,RR,09-Apr-2021,241.89,243.69,250.00,230.06,239.22,234.62,237.06,"1,98,600","4,70,80,066.00",564,"1,28,400",64.65
BIRET,RR,12-Apr-2021,234.62,238.78,238.78,230.00,234.00,234.38,233.38,"1,48,000","3,45,39,566.00",449,"1,02,400",69.19
BIRET,RR,13-Apr-2021,234.38,234.50,243.99,234.00,240.50,239.71,239.04,"1,05,800","2,52,90,048.00",333,"78,400",74.10
BIRET,RR,15-Apr-2021,239.71,243.49,243.49,236.01,236.20,236.99,237.71,"76,000","1,80,65,932.00",321,"55,400",72.89
BIRET,RR,16-Apr-2021,236.99,237.89,242.99,237.50,241.00,241.48,240.33,"1,58,200","3,80,19,608.00",380,"1,48,800",94.06
BIRET,RR,19-Apr-2021,241.48,235.05,242.80,230.01,238.01,236.64,235.79,"1,57,600","3,71,60,194.00",540,"1,10,800",70.30
BIRET,RR,20-Apr-2021,236.64,238.10,242.45,237.01,240.00,238.42,240.41,"1,03,000","2,47,62,138.00",359,"78,600",76.31
BIRET,RR,22-Apr-2021,238.42,238.00,242.00,237.14,242.00,241.35,239.82,"95,000","2,27,82,574.00",251,"79,200",83.37
BIRET,RR,23-Apr-2021,241.35,241.78,242.00,239.20,241.75,241.85,241.51,"43,200","1,04,33,426.00",103,"38,600",89.35
BIRET,RR,26-Apr-2021,241.85,243.95,244.50,240.20,243.49,243.24,242.97,"83,000","2,01,66,630.00",202,"70,200",84.58
BIRET,RR,27-Apr-2021,243.24,242.00,243.75,235.35,243.70,243.38,240.82,"1,04,200","2,50,93,564.00",296,"81,600",78.31
BIRET,RR,28-Apr-2021,243.38,242.00,244.00,242.00,243.50,243.38,243.20,"35,200","85,60,518.00",128,"31,200",88.64
BIRET,RR,29-Apr-2021,243.38,244.00,244.48,241.64,242.00,242.05,242.38,"3,66,000","8,87,11,206.00",801,"3,27,000",89.34
BIRET,RR,30-Apr-2021,242.05,244.80,249.00,243.28,246.50,245.44,245.54,"1,07,400","2,63,71,260.00",283,"93,000",86.59
BIRET,RR,03-May-2021,245.44,246.42,249.79,243.55,249.79,248.10,246.42,"1,15,600","2,84,86,118.00",293,"1,01,400",87.72
BIRET,RR,04-May-2021,248.10,250.00,250.96,246.11,250.60,250.22,249.86,"65,800","1,64,40,738.00",187,"54,800",83.28
BIRET,RR,05-May-2021,250.22,250.60,254.90,250.27,253.82,253.76,253.44,"61,800","1,56,62,322.00",202,"54,800",88.67
BIRET,RR,06-May-2021,253.76,254.00,254.60,250.50,254.00,251.96,252.23,"33,800","85,25,410.00",143,"25,600",75.74
BIRET,RR,07-May-2021,251.96,251.01,254.90,251.01,252.87,252.42,253.18,"1,13,600","2,87,61,150.00",463,"1,01,800",89.61
BIRET,RR,10-May-2021,252.42,254.80,258.00,252.79,257.80,257.80,256.73,"6,06,000","15,55,78,506.00",591,"5,90,400",97.43
BIRET,RR,11-May-2021,257.80,254.00,260.75,253.68,260.00,259.74,259.05,"1,91,800","4,96,86,146.00",580,"1,79,800",93.74
BIRET,RR,12-May-2021,259.74,260.00,260.00,259.25,259.50,259.52,259.51,"2,32,600","6,03,62,232.00",801,"2,23,400",96.04
BIRET,RR,14-May-2021,259.52,259.00,259.00,251.00,253.49,253.66,254.66,"2,29,000","5,83,18,138.00",298,"2,04,800",89.43
BIRET,RR,17-May-2021,253.66,253.66,254.47,250.00,250.00,250.06,252.13,"2,74,400","6,91,84,382.00",368,"2,48,800",90.67
BIRET,RR,18-May-2021,250.06,250.50,254.60,243.30,250.00,247.61,248.45,"1,85,400","4,60,62,058.00",496,"1,49,400",80.58
BIRET,RR,19-May-2021,247.61,247.11,256.30,247.11,255.00,254.23,253.93,"38,200","97,00,030.00",165,"31,000",81.15
BIRET,RR,20-May-2021,254.23,250.55,255.80,250.00,250.55,251.81,251.79,"10,34,400","26,04,56,542.00",294,"10,00,400",96.71
BIRET,RR,21-May-2021,251.81,253.00,259.40,248.00,248.93,249.68,250.12,"8,39,600","20,99,99,704.00","2,084","7,36,400",87.71
BIRET,RR,24-May-2021,249.68,249.51,252.00,245.40,247.16,247.88,248.43,"11,38,400","28,28,08,194.00",794,"11,01,400",96.75
BIRET,RR,25-May-2021,247.88,248.00,253.63,248.00,253.00,252.63,251.88,"73,000","1,83,87,438.00",230,"61,200",83.84
BIRET,RR,26-May-2021,252.63,250.00,252.60,249.00,249.35,249.48,251.04,"1,50,400","3,77,55,996.00",352,"1,34,600",89.49
BIRET,RR,27-May-2021,249.48,249.48,252.50,249.44,249.67,250.02,250.67,"35,800","89,74,080.00",159,"27,200",75.98
BIRET,RR,28-May-2021,250.02,251.00,252.70,250.07,251.00,251.13,250.96,"3,45,000","8,65,82,850.00",227,"3,40,200",98.61
BIRET,RR,31-May-2021,251.13,252.80,252.80,249.99,251.00,251.25,251.06,"4,71,600","11,83,97,896.00",349,"4,49,400",95.29
BIRET,RR,01-Jun-2021,251.25,251.00,255.50,250.40,252.01,253.17,252.99,"71,400","1,80,63,136.00",241,"47,800",66.95
BIRET,RR,02-Jun-2021,253.17,256.00,260.00,254.34,257.00,258.21,255.92,"1,96,200","5,02,10,898.00",541,"1,64,400",83.79
BIRET,RR,03-Jun-2021,258.21,254.00,259.00,253.11,256.60,256.47,257.33,"1,18,200","3,04,16,434.00",226,"97,600",82.57
BIRET,RR,04-Jun-2021,256.47,258.80,259.80,254.30,259.10,258.73,256.18,"4,63,400","11,87,13,938.00",213,"4,41,400",95.25
BIRET,RR,07-Jun-2021,258.73,260.00,262.00,256.60,257.90,257.85,259.07,"11,26,400","29,18,18,494.00",398,"10,81,800",96.04
BIRET,RR,08-Jun-2021,257.85,256.15,262.00,256.15,261.84,261.53,260.02,"1,03,000","2,67,81,890.00",266,"87,800",85.24
BIRET,RR,09-Jun-2021,261.53,262.44,268.01,261.30,268.00,266.13,263.47,"2,83,200","7,46,13,786.00",396,"2,58,800",91.38
BIRET,RR,10-Jun-2021,266.13,268.00,268.80,265.01,267.86,267.01,267.59,"2,17,400","5,81,73,068.00",402,"1,95,800",90.06
BIRET,RR,11-Jun-2021,267.01,269.00,270.00,267.25,270.00,269.75,269.00,"1,18,200","3,17,95,554.00",333,"1,04,200",88.16
BIRET,RR,14-Jun-2021,269.75,269.75,270.40,268.10,268.49,268.46,269.33,"1,07,200","2,88,71,708.00",224,"82,000",76.49
BIRET,RR,15-Jun-2021,268.46,269.90,271.50,265.01,265.04,265.99,268.25,"1,81,400","4,86,61,410.00",408,"1,37,800",75.96
BIRET,RR,16-Jun-2021,265.99,266.00,270.75,264.00,267.42,269.16,267.87,"1,62,600","4,35,55,234.00",372,"1,27,200",78.23
BIRET,RR,17-Jun-2021,269.16,268.90,269.00,263.12,265.99,265.32,267.27,"1,47,000","3,92,88,904.00",423,"99,800",67.89
BIRET,RR,18-Jun-2021,265.32,265.31,268.99,265.00,265.00,266.46,266.52,"4,51,600","12,03,58,186.00",308,"4,20,800",93.18
BIRET,RR,21-Jun-2021,266.46,266.66,270.93,266.11,269.00,269.73,269.59,"80,200","2,16,21,188.00",234,"64,000",79.80
BIRET,RR,22-Jun-2021,269.73,271.50,272.80,267.65,268.50,269.39,270.00,"1,20,400","3,25,08,534.00",301,"1,06,800",88.70
BIRET,RR,23-Jun-2021,269.39,270.00,270.55,267.60,268.89,268.86,269.51,"1,10,200","2,97,00,466.00",172,"1,04,400",94.74
BIRET,RR,24-Jun-2021,268.86,267.00,269.90,267.00,268.49,268.48,268.65,"84,400","2,26,74,356.00",164,"72,000",85.31
BIRET,RR,25-Jun-2021,268.48,268.00,270.50,268.00,268.50,269.97,269.79,"6,24,600","16,85,11,202.00",179,"6,08,400",97.41
BIRET,RR,28-Jun-2021,269.97,270.00,270.70,268.05,269.45,269.05,269.14,"41,000","1,10,34,864.00",78,"37,000",90.24
BIRET,RR,29-Jun-2021,269.05,267.31,269.00,266.05,268.00,268.72,268.27,"50,200","1,34,67,126.00",132,"37,200",74.10
BIRET,RR,30-Jun-2021,268.72,267.12,269.00,267.12,268.00,268.41,268.71,"1,22,400","3,28,90,214.00",245,"1,06,600",87.09
BIRET,RR,01-Jul-2021,268.41,268.41,271.00,268.10,271.00,269.50,269.24,"2,46,800","6,64,48,020.00",248,"2,33,400",94.57
BIRET,RR,02-Jul-2021,269.50,269.50,271.00,266.00,269.90,268.89,268.91,"6,07,600","16,33,87,496.00",407,"5,76,600",94.90
BIRET,RR,05-Jul-2021,268.89,268.89,270.60,268.15,269.00,269.79,269.70,"2,85,200","7,69,19,058.00",767,"2,29,400",80.43
BIRET,RR,06-Jul-2021,269.79,267.10,271.00,267.10,267.40,268.57,269.27,"1,93,000","5,19,69,846.00",355,"1,37,600",71.30
BIRET,RR,07-Jul-2021,268.57,268.02,269.30,267.11,268.01,268.39,268.57,"1,13,000","3,03,48,868.00",173,"1,03,600",91.68
BIRET,RR,08-Jul-2021,268.39,268.01,268.87,267.40,267.46,267.69,268.02,"54,600","1,46,33,874.00",136,"47,600",87.18
BIRET,RR,09-Jul-2021,267.69,267.45,269.00,264.00,264.39,265.13,266.85,"1,96,800","5,25,16,742.00",442,"1,62,200",82.42
BIRET,RR,12-Jul-2021,265.13,267.00,267.75,264.51,265.50,265.50,266.30,"61,000","1,62,44,486.00",184,"51,800",84.92
BIRET,RR,13-Jul-2021,265.50,267.49,267.65,265.44,266.30,266.21,266.58,"84,000","2,23,92,978.00",183,"74,000",88.10
BIRET,RR,14-Jul-2021,266.21,266.80,267.95,264.80,265.20,265.79,266.14,"97,800","2,60,28,422.00",203,"86,400",88.34
BIRET,RR,15-Jul-2021,265.79,264.50,266.88,264.26,264.26,264.93,265.05,"44,600","1,18,21,328.00",130,"38,000",85.20
BIRET,RR,16-Jul-2021,264.93,265.00,267.00,264.00,265.50,265.49,265.43,"73,200","1,94,29,126.00",156,"61,800",84.43
BIRET,RR,19-Jul-2021,265.49,265.60,271.02,265.49,270.00,270.43,269.07,"1,26,400","3,40,10,522.00",266,"1,03,200",81.65
BIRET,RR,20-Jul-2021,270.43,270.50,273.25,265.00,268.93,267.51,266.47,"4,15,000","11,05,86,986.00",656,"3,58,200",86.31
BIRET,RR,22-Jul-2021,267.51,269.65,269.65,266.00,267.00,266.92,267.81,"24,600","65,88,090.00",99,"18,400",74.80
BIRET,RR,23-Jul-2021,266.92,269.50,269.50,265.99,266.00,266.12,267.24,"72,600","1,94,01,286.00",191,"58,400",80.44
BIRET,RR,26-Jul-2021,266.12,268.80,268.80,264.15,264.67,264.85,265.54,"87,800","2,33,14,406.00",188,"74,000",84.28
BIRET,RR,27-Jul-2021,264.85,265.00,266.30,263.00,264.99,265.19,264.89,"1,59,800","4,23,29,916.00",271,"1,33,800",83.73
BIRET,RR,28-Jul-2021,265.19,266.00,266.00,262.70,264.60,264.66,264.19,"59,800","1,57,98,426.00",164,"48,600",81.27
BIRET,RR,29-Jul-2021,264.66,264.13,269.69,264.13,265.00,266.00,266.01,"53,600","1,42,58,238.00",170,"37,400",69.78
BIRET,RR,30-Jul-2021,266.00,267.00,267.20,264.00,264.00,264.18,265.49,"78,800","2,09,20,844.00",228,"65,200",82.74
BIRET,RR,02-Aug-2021,264.18,265.90,267.00,264.10,265.25,264.89,265.54,"1,01,400","2,69,25,424.00",211,"84,800",83.63
BIRET,RR,03-Aug-2021,264.89,266.00,269.00,264.50,268.00,267.70,266.56,"2,25,000","5,99,75,280.00",336,"2,05,000",91.11
BIRET,RR,04-Aug-2021,267.70,266.56,269.98,266.56,269.98,269.04,268.30,"57,000","1,52,92,982.00",187,"49,000",85.96
BIRET,RR,05-Aug-2021,269.04,268.01,273.00,268.00,271.60,272.15,271.09,"98,400","2,66,74,902.00",293,"75,800",77.03
BIRET,RR,06-Aug-2021,272.15,272.50,275.00,270.00,273.05,274.27,272.72,"3,19,400","8,71,06,484.00",986,"2,41,400",75.58
BIRET,RR,09-Aug-2021,274.27,274.90,275.50,272.50,272.65,272.65,273.94,"89,000","2,43,80,330.00",306,"71,000",79.78
BIRET,RR,10-Aug-2021,272.65,272.65,274.50,271.50,272.00,271.97,273.21,"65,400","1,78,67,878.00",227,"55,600",85.02
BIRET,RR,11-Aug-2021,271.97,274.00,274.99,266.00,267.00,267.00,269.80,"3,06,708","8,27,48,745.90","4,738","2,75,537",89.84
BIRET,RR,12-Aug-2021,267.00,269.50,269.50,262.20,265.00,264.99,265.36,"2,12,466","5,63,80,896.77","2,571","1,92,185",90.45
BIRET,RR,13-Aug-2021,264.99,267.50,267.50,264.50,265.00,264.99,265.21,"1,57,274","4,17,10,322.92","3,257","1,48,369",94.34
BIRET,RR,16-Aug-2021,264.99,267.50,267.50,264.54,265.00,264.95,265.41,"2,33,508","6,19,76,241.71","5,880","2,08,171",89.15
BIRET,RR,17-Aug-2021,264.95,263.91,264.50,259.20,259.65,259.96,261.54,"1,40,045","3,66,27,255.48","3,915","1,04,638",74.72
BIRET,RR,18-Aug-2021,259.96,261.00,261.00,256.00,256.00,257.53,258.20,"1,96,105","5,06,33,341.60","5,627","1,58,460",80.80
BIRET,RR,20-Aug-2021,257.53,259.40,260.50,254.22,254.85,254.57,256.88,"2,16,909","5,57,18,759.38","5,768","1,86,478",85.97
BIRET,RR,23-Aug-2021,254.57,255.00,260.50,253.75,254.50,254.14,254.87,"2,52,347","6,43,16,206.92","1,768","2,36,619",93.77
BIRET,RR,24-Aug-2021,254.14,254.95,257.74,253.20,254.98,254.47,255.05,"1,55,653","3,96,99,170.41","1,565","1,44,024",92.53
BIRET,RR,25-Aug-2021,254.47,255.75,256.74,254.21,254.48,254.90,255.09,"62,946","1,60,57,147.54",915,"60,364",95.90
BIRET,RR,26-Aug-2021,254.90,256.49,256.49,251.01,252.00,252.09,252.94,"95,562","2,41,71,845.64",817,"83,033",86.89
BIRET,RR,27-Aug-2021,252.09,252.20,262.00,252.20,258.00,258.10,259.72,"5,90,661","15,34,06,850.68","12,030","4,97,601",84.24
BIRET,RR,30-Aug-2021,258.10,261.50,264.37,257.30,258.50,258.57,261.53,"4,94,860","12,94,22,613.31","6,201","4,58,214",92.59
BIRET,RR,31-Aug-2021,258.57,261.00,262.95,259.50,262.65,262.31,261.46,"3,79,481","9,92,17,235.44","6,877","3,49,393",92.07
BIRET,RR,01-Sep-2021,262.31,263.50,266.90,262.94,266.30,265.57,265.40,"3,92,219","10,40,96,717.38","8,196","3,48,069",88.74
BIRET,RR,02-Sep-2021,265.57,267.00,267.75,264.36,264.77,265.54,266.84,"3,11,922","8,32,34,205.89","4,261","2,92,445",93.76
BIRET,RR,03-Sep-2021,265.54,267.75,267.75,262.88,263.00,263.07,264.01,"6,48,137","17,11,16,058.02","8,615","5,63,950",87.01
BIRET,RR,06-Sep-2021,263.07,264.00,267.22,262.50,263.75,263.47,263.90,"11,31,124","29,85,07,865.37","27,857","10,00,014",88.41
BIRET,RR,07-Sep-2021,263.47,264.48,269.50,264.00,265.35,265.74,265.85,"5,93,022","15,76,57,039.29","5,954","5,08,374",85.73
BIRET,RR,08-Sep-2021,265.74,266.95,270.00,265.50,266.90,266.71,266.74,"8,60,801","22,96,11,916.37","4,765","7,34,461",85.32
BIRET,RR,09-Sep-2021,266.71,267.00,275.60,266.00,271.45,271.41,268.04,"10,67,159","28,60,37,833.28","8,287","9,15,098",85.75
BIRET,RR,13-Sep-2021,271.41,274.40,275.00,273.00,274.95,274.87,273.63,"8,54,787","23,38,92,239.64","5,909","8,05,041",94.18
BIRET,RR,14-Sep-2021,274.87,276.89,276.89,273.00,274.00,274.07,274.95,"8,25,447","22,69,59,761.80","8,544","7,64,172",92.58
BIRET,RR,15-Sep-2021,274.07,274.00,274.00,270.00,270.70,270.64,271.13,"1,49,582","4,05,55,565.34","3,701","1,29,896",86.84
BIRET,RR,16-Sep-2021,270.64,270.20,271.74,261.50,265.70,266.12,266.66,"3,56,067","9,49,50,457.49","5,804","2,94,189",82.62
BIRET,RR,17-Sep-2021,266.12,267.80,267.80,220.00,256.49,255.53,259.01,"38,15,420","98,82,23,095.43","17,065","35,59,850",93.30
BIRET,RR,20-Sep-2021,255.53,255.20,261.70,253.20,255.10,257.18,258.32,"3,48,175","8,99,41,615.13","3,453","2,96,908",85.28
BIRET,RR,21-Sep-2021,257.18,255.06,261.22,255.06,259.10,259.75,259.45,"2,48,485","6,44,70,201.18","1,945","2,23,325",89.87
BIRET,RR,22-Sep-2021,259.75,259.75,261.20,257.25,259.45,258.91,259.17,"3,79,883","9,84,53,974.69","2,104","3,28,062",86.36
BIRET,RR,23-Sep-2021,258.91,261.45,261.45,257.11,258.52,258.86,259.69,"2,28,258","5,92,76,060.96","1,666","2,07,433",90.88
BIRET,RR,24-Sep-2021,258.86,258.01,261.30,254.00,259.20,257.62,258.88,"2,15,947","5,59,05,175.16","2,798","1,89,082",87.56
BIRET,RR,27-Sep-2021,257.62,259.90,259.90,254.00,255.01,255.02,255.30,"4,13,704","10,56,18,488.08","4,355","3,62,718",87.68
BIRET,RR,28-Sep-2021,255.02,255.89,260.00,254.50,257.00,257.02,256.63,"5,16,269","13,24,90,073.67","3,942","4,75,822",92.17
BIRET,RR,29-Sep-2021,257.02,257.02,269.55,256.07,266.15,267.48,265.94,"3,29,738","8,76,89,295.09","4,471","2,91,359",88.36
BIRET,RR,30-Sep-2021,267.48,270.00,270.00,263.51,266.68,266.38,265.75,"5,73,496","15,24,06,463.27","7,489","5,17,658",90.26
BIRET,RR,01-Oct-2021,266.38,267.50,272.00,266.38,270.00,269.97,270.59,"2,53,098","6,84,85,556.51","3,755","2,07,257",81.89
BIRET,RR,04-Oct-2021,269.97,272.00,274.70,270.06,273.00,272.63,272.42,"4,35,502","11,86,40,131.44","5,695","3,87,076",88.88
BIRET,RR,05-Oct-2021,272.63,274.00,274.00,269.00,269.70,271.39,271.28,"5,08,847","13,80,39,701.35","3,842","4,64,565",91.30
BIRET,RR,06-Oct-2021,271.39,271.89,273.35,269.80,270.00,269.99,270.77,"2,39,732","6,49,12,215.09","1,389","2,20,214",91.86
BIRET,RR,07-Oct-2021,269.99,272.95,272.95,268.55,269.00,268.96,269.59,"94,927","2,55,91,660.51","1,522","83,387",87.84
BIRET,RR,08-Oct-2021,268.96,272.00,272.50,267.56,269.95,269.72,269.56,"2,03,794","5,49,34,599.25","1,442","1,87,532",92.02
BIRET,RR,11-Oct-2021,269.72,271.88,272.00,268.24,269.69,268.50,269.70,"1,23,478","3,33,02,577.75","1,580","99,027",80.20
BIRET,RR,12-Oct-2021,268.50,268.15,270.75,267.80,269.29,268.91,268.97,"1,60,048","4,30,48,746.82","4,453","1,35,075",84.40
BIRET,RR,13-Oct-2021,268.91,271.50,272.00,260.50,272.00,270.58,268.92,"2,91,774","7,84,62,724.94","2,433","2,44,771",83.89
BIRET,RR,14-Oct-2021,270.58,271.90,272.00,270.20,270.90,270.65,271.18,"2,57,326","6,97,82,825.56","2,258","2,32,886",90.50
BIRET,RR,18-Oct-2021,270.65,272.99,274.00,271.05,272.83,272.66,273.25,"3,47,352","9,49,12,530.24","4,320","3,14,588",90.57
BIRET,RR,19-Oct-2021,272.66,273.95,275.00,272.99,273.95,273.92,274.01,"5,29,688","14,51,42,350.61","4,507","4,98,375",94.09
BIRET,RR,20-Oct-2021,273.92,274.40,275.05,270.21,272.00,271.98,274.07,"1,10,435","3,02,66,464.60",658,"92,262",83.54
BIRET,RR,21-Oct-2021,271.98,271.00,274.90,271.00,273.55,273.92,273.96,"3,07,233","8,41,68,216.04","1,760","2,79,349",90.92
BIRET,RR,22-Oct-2021,273.92,274.90,275.25,272.81,275.00,274.99,274.80,"1,16,152","3,19,18,516.32",631,"1,06,381",91.59
BIRET,RR,25-Oct-2021,274.99,275.99,279.70,274.00,279.70,277.92,275.61,"1,85,306","5,10,71,903.33","1,365","1,62,088",87.47
BIRET,RR,26-Oct-2021,277.92,279.70,286.80,278.10,286.79,285.77,282.43,"5,94,667","16,79,51,228.92","3,420","5,68,314",95.57
BIRET,RR,27-Oct-2021,285.77,286.79,288.75,282.50,288.71,288.42,287.36,"1,32,499","3,80,75,308.86","1,956","1,06,041",80.03
BIRET,RR,28-Oct-2021,288.42,288.99,289.00,285.00,286.80,286.95,286.58,"1,16,596","3,34,14,183.21","1,265","97,626",83.73
BIRET,RR,29-Oct-2021,286.95,289.80,291.85,283.00,287.50,286.72,288.32,"71,803","2,07,02,392.67","1,643","48,735",67.87
BIRET,RR,01-Nov-2021,286.72,290.00,293.00,286.75,290.00,289.55,291.52,"6,67,595","19,46,19,286.06","4,982","5,96,193",89.30
BIRET,RR,02-Nov-2021,289.55,290.00,291.89,289.55,290.79,290.73,290.74,"1,40,537","4,08,59,310.04","4,499","1,21,614",86.54
BIRET,RR,03-Nov-2021,290.73,292.70,292.80,278.65,290.00,289.06,285.59,"5,27,917","15,07,68,657.29","3,100","4,55,656",86.31
BIRET,RR,04-Nov-2021,289.06,289.00,292.90,288.80,292.65,292.13,292.03,"16,885","49,31,000.10",411,"12,840",76.04
BIRET,RR,08-Nov-2021,292.13,294.90,294.90,283.00,293.00,290.47,292.16,"3,99,659","11,67,65,432.49","4,967","3,59,846",90.04
BIRET,RR,09-Nov-2021,290.47,291.00,297.70,290.00,293.34,294.14,294.98,"1,52,702","4,50,44,417.49","3,055","1,19,731",78.41
BIRET,RR,10-Nov-2021,294.14,298.50,300.00,287.00,296.10,296.87,296.14,"2,47,820","7,33,89,553.27","4,103","2,05,533",82.94
BIRET,RR,11-Nov-2021,296.87,299.59,302.70,295.10,300.00,299.90,299.74,"3,57,256","10,70,83,677.59","4,179","3,17,253",88.80
BIRET,RR,12-Nov-2021,299.90,300.00,303.00,299.90,301.00,301.38,301.18,"5,48,578","16,52,21,116.63","8,991","5,02,523",91.60
BIRET,RR,15-Nov-2021,301.38,304.75,313.00,302.14,312.98,309.53,307.96,"2,90,495","8,94,59,866.65","4,201","2,50,565",86.25
BIRET,RR,16-Nov-2021,309.53,309.60,313.85,300.00,300.00,302.81,306.41,"3,67,854","11,27,14,704.51","5,807","3,32,060",90.27
BIRET,RR,17-Nov-2021,302.81,300.95,306.00,299.00,300.00,301.57,302.80,"1,33,386","4,03,89,679.35","5,954","1,09,987",82.46
BIRET,RR,18-Nov-2021,301.57,302.40,304.00,295.00,297.65,297.04,299.07,"1,29,340","3,86,82,042.89","3,055","1,11,607",86.29
BIRET,RR,22-Nov-2021,297.04,299.80,303.00,287.50,295.20,296.95,298.56,"1,68,523","5,03,14,622.80","3,726","1,37,164",81.39
BIRET,RR,23-Nov-2021,296.95,298.70,303.00,294.00,296.49,296.67,298.74,"8,76,057","26,17,17,241.76","11,070","8,14,145",92.93
BIRET,RR,24-Nov-2021,296.67,299.50,300.00,294.00,294.00,294.93,298.33,"2,33,769","6,97,39,943.39","8,584","1,63,540",69.96
BIRET,RR,25-Nov-2021,294.93,299.25,299.70,291.00,298.50,297.42,297.94,"1,46,466","4,36,37,548.72","4,975","97,286",66.42
BIRET,RR,26-Nov-2021,297.42,297.00,302.45,292.80,292.81,295.03,297.15,"1,64,397","4,88,49,814.84","6,101","1,12,557",68.47
BIRET,RR,29-Nov-2021,295.03,295.10,298.99,281.30,292.00,293.87,292.68,"1,86,639","5,46,24,957.78","5,758","1,31,743",70.59
BIRET,RR,30-Nov-2021,293.87,294.44,295.00,280.00,282.14,283.53,284.53,"15,94,996","45,38,22,640.59","16,529","15,27,199",95.75
BIRET,RR,01-Dec-2021,283.53,285.95,292.70,283.55,288.10,288.18,289.19,"1,12,471","3,25,25,555.02","2,611","77,929",69.29
BIRET,RR,02-Dec-2021,288.18,288.18,294.00,288.00,294.00,293.90,292.76,"1,28,132","3,75,11,499.12","1,725","1,13,353",88.47
BIRET,RR,03-Dec-2021,293.90,294.45,295.00,290.20,294.50,294.55,294.13,"1,17,139","3,44,54,099.00","1,886","1,05,812",90.33
BIRET,RR,06-Dec-2021,294.55,295.80,297.00,292.00,294.99,294.96,295.75,"2,25,228","6,66,10,946.54","2,116","2,08,916",92.76
BIRET,RR,07-Dec-2021,294.96,296.99,296.99,291.20,293.60,292.59,292.96,"1,07,817","3,15,86,503.72","1,935","81,124",75.24
BIRET,RR,08-Dec-2021,292.59,294.80,296.00,292.00,295.00,295.15,295.09,"79,719","2,35,24,470.73",976,"70,033",87.85
BIRET,RR,09-Dec-2021,295.15,298.35,298.35,293.00,297.30,297.70,297.30,"89,084","2,64,85,089.90","3,010","82,453",92.56
BIRET,RR,10-Dec-2021,297.70,297.70,297.90,293.20,295.98,295.30,295.35,"39,244","1,15,90,705.77",935,"30,571",77.90
BIRET,RR,13-Dec-2021,295.30,297.00,298.40,289.00,296.50,294.73,294.74,"84,088","2,47,84,186.71","2,107","63,562",75.59
BIRET,RR,14-Dec-2021,294.73,296.80,299.02,294.00,295.24,296.58,296.97,"36,223","1,07,57,276.40",766,"27,753",76.62
BIRET,RR,15-Dec-2021,296.58,294.20,297.00,294.20,296.40,296.70,296.54,"12,385","36,72,707.96",299,"10,017",80.88
BIRET,RR,16-Dec-2021,296.70,296.70,299.05,293.00,294.90,294.18,295.16,"1,98,443","5,85,73,105.89",736,"1,93,081",97.30
BIRET,RR,17-Dec-2021,294.18,293.00,296.00,289.00,296.00,294.44,292.35,"1,14,045","3,33,40,583.39","2,267","1,01,173",88.71
BIRET,RR,20-Dec-2021,294.44,294.80,295.80,290.00,291.84,292.81,294.18,"1,56,737","4,61,09,172.01","1,777","1,38,731",88.51
BIRET,RR,21-Dec-2021,292.81,292.81,296.80,290.10,294.17,295.38,295.30,"1,02,055","3,01,36,744.73",677,"93,873",91.98
BIRET,RR,22-Dec-2021,295.38,298.40,298.40,294.00,294.50,295.03,294.98,"68,032","2,00,68,402.89","2,777","64,534",94.86
BIRET,RR,23-Dec-2021,295.03,296.50,296.50,294.05,295.00,294.99,295.16,"28,713","84,74,890.08",472,"27,312",95.12
BIRET,RR,24-Dec-2021,294.99,298.30,298.30,290.30,292.00,291.79,293.04,"3,21,003","9,40,68,322.94","3,866","3,02,664",94.29
BIRET,RR,27-Dec-2021,291.79,294.70,294.70,289.01,289.89,289.42,290.36,"64,624","1,87,63,904.96","3,448","50,497",78.14
BIRET,RR,28-Dec-2021,289.42,292.99,293.80,285.10,291.55,291.81,290.35,"22,895","66,47,612.99",569,"18,701",81.68
BIRET,RR,29-Dec-2021,291.81,290.65,291.90,289.90,290.35,290.46,290.45,"1,19,805","3,47,96,868.57",721,"1,19,666",99.88
BIRET,RR,30-Dec-2021,290.46,289.00,291.90,286.99,288.99,288.86,289.08,"1,01,847","2,94,41,921.46","1,009","92,635",90.96
BIRET,RR,31-Dec-2021,288.86,291.90,298.70,289.91,294.63,296.93,295.93,"61,450","1,81,84,687.25",969,"46,384",75.48
BIRET,RR,03-Jan-2022,296.93,297.98,297.98,293.00,294.50,294.72,294.65,"34,981","1,03,07,318.97","1,011","27,724",79.25
BIRET,RR,04-Jan-2022,294.72,295.90,296.00,291.30,295.94,295.70,295.01,"1,21,984","3,59,86,096.99",757,"1,13,217",92.81
BIRET,RR,05-Jan-2022,295.70,295.00,296.50,292.00,296.15,295.82,295.32,"2,40,771","7,11,05,243.68","2,536","2,28,111",94.74
BIRET,RR,06-Jan-2022,295.82,294.85,296.80,290.00,293.53,294.72,294.81,"3,29,516","9,71,45,020.84","2,781","3,13,391",95.11
BIRET,RR,07-Jan-2022,294.72,291.20,295.99,291.01,294.50,295.02,294.56,"32,736","96,42,589.36",696,"27,322",83.46
BIRET,RR,10-Jan-2022,295.02,292.00,300.00,290.50,292.00,291.54,292.93,"97,753","2,86,34,681.88","2,264","77,966",79.76
BIRET,RR,11-Jan-2022,291.54,292.90,294.49,290.20,292.31,292.26,292.18,"1,16,398","3,40,09,574.73",699,"1,07,388",92.26
BIRET,RR,12-Jan-2022,292.26,291.11,295.25,291.11,295.15,294.06,293.28,"1,89,714","5,56,39,003.28","2,066","1,79,564",94.65
BIRET,RR,13-Jan-2022,294.06,294.06,296.90,292.30,295.51,295.67,294.03,"1,32,296","3,88,99,088.58","1,835","1,28,041",96.78
BIRET,RR,14-Jan-2022,295.67,296.94,303.00,293.56,297.00,296.79,296.34,"3,91,881","11,61,30,145.26","3,769","3,83,858",97.95
BIRET,RR,17-Jan-2022,296.79,298.00,302.90,296.80,299.99,299.63,298.70,"2,44,274","7,29,65,636.87","1,029","2,30,194",94.24
BIRET,RR,18-Jan-2022,299.63,302.80,302.80,298.11,299.00,298.97,299.50,"86,374","2,58,69,316.81","1,167","79,961",92.58
BIRET,RR,19-Jan-2022,298.97,302.00,302.00,297.85,298.10,298.06,299.07,"94,691","2,83,19,653.14",669,"85,655",90.46
BIRET,RR,20-Jan-2022,298.06,300.00,303.30,296.00,300.00,298.22,300.13,"1,54,574","4,63,91,827.19","1,954","1,41,293",91.41
BIRET,RR,21-Jan-2022,298.22,296.50,301.80,295.47,298.60,297.57,297.41,"1,59,857","4,75,43,452.79","2,374","1,42,865",89.37
BIRET,RR,24-Jan-2022,297.57,300.00,300.40,292.25,297.00,296.18,295.87,"1,38,274","4,09,11,708.36","1,467","1,17,332",84.85
BIRET,RR,25-Jan-2022,296.18,294.90,298.80,291.70,298.00,297.66,295.47,"1,51,350","4,47,19,475.62","1,442","1,35,958",89.83
BIRET,RR,27-Jan-2022,297.66,298.90,301.50,292.20,296.00,297.68,297.23,"1,57,092","4,66,93,007.08","2,352","1,37,455",87.50
BIRET,RR,28-Jan-2022,297.68,299.22,300.70,295.01,295.01,295.81,298.59,"1,95,461","5,83,62,826.60","2,194","1,75,679",89.88
BIRET,RR,31-Jan-2022,295.81,300.99,302.20,295.81,299.50,300.34,298.84,"1,26,512","3,78,06,959.55","1,287","1,06,146",83.90
BIRET,RR,01-Feb-2022,300.34,302.50,304.85,298.10,301.00,303.48,303.01,"55,355","1,67,73,331.57","1,143","42,640",77.03
BIRET,RR,02-Feb-2022,303.48,302.50,304.75,300.25,303.50,304.62,303.92,"46,222","1,40,47,966.02",539,"38,633",83.58
BIRET,RR,03-Feb-2022,304.62,306.80,314.85,303.51,311.11,313.16,310.30,"99,412","3,08,47,452.53","1,050","87,406",87.92
BIRET,RR,04-Feb-2022,313.16,312.95,314.00,311.00,312.50,312.33,313.07,"59,288","1,85,61,180.42","1,312","53,999",91.08
BIRET,RR,07-Feb-2022,312.33,312.50,315.85,312.50,313.50,313.97,314.04,"61,523","1,93,20,713.25",532,"57,560",93.56
BIRET,RR,08-Feb-2022,313.97,317.00,319.35,313.00,313.50,315.62,316.28,"55,599","1,75,84,985.24",579,"51,255",92.19
BIRET,RR,09-Feb-2022,315.62,318.00,319.35,312.00,313.70,312.83,314.71,"36,492","1,14,84,417.52","2,251","26,511",72.65
BIRET,RR,10-Feb-2022,312.83,316.87,316.87,309.50,310.90,309.69,311.21,"1,23,581","3,84,59,546.12","1,368","1,11,232",90.01
BIRET,RR,11-Feb-2022,309.69,309.69,314.00,308.00,312.00,311.49,312.08,"7,66,982","23,93,62,838.32","1,374","7,55,732",98.53
BIRET,RR,14-Feb-2022,311.49,312.85,312.87,304.00,307.00,306.90,307.50,"2,41,644","7,43,06,299.67","2,609","1,83,588",75.97
BIRET,RR,15-Feb-2022,306.90,305.48,308.00,304.00,305.30,305.88,305.78,"45,427","1,38,90,789.95",716,"41,896",92.23
BIRET,RR,16-Feb-2022,305.88,310.00,312.78,306.00,306.01,306.01,307.73,"67,023","2,06,25,236.74","1,030","51,949",77.51
BIRET,RR,17-Feb-2022,306.01,309.60,310.00,305.00,306.00,306.27,306.47,"1,14,915","3,52,17,459.11",968,"1,02,244",88.97
BIRET,RR,18-Feb-2022,306.27,304.00,309.80,303.25,306.32,306.15,306.71,"64,931","1,99,15,119.32",575,"59,713",91.96
BIRET,RR,21-Feb-2022,306.15,303.10,309.85,298.50,303.00,301.18,302.63,"56,067","1,69,67,578.96","1,730","44,687",79.70
BIRET,RR,22-Feb-2022,301.18,304.00,304.00,295.00,303.00,302.24,300.98,"77,762","2,34,04,796.35","1,154","63,242",81.33
BIRET,RR,23-Feb-2022,302.24,303.49,305.00,300.00,304.00,303.87,303.36,"1,23,340","3,74,16,834.36",672,"1,14,485",92.82
BIRET,RR,24-Feb-2022,303.87,300.00,305.40,298.00,302.00,301.77,300.52,"66,531","1,99,93,979.46","1,444","49,351",74.18
BIRET,RR,25-Feb-2022,301.77,299.22,304.75,299.22,303.26,302.98,302.93,"1,80,457","5,46,65,818.25",617,"1,75,275",97.13
BIRET,RR,28-Feb-2022,302.98,302.95,307.70,301.50,303.10,303.92,304.37,"90,634","2,75,86,242.29","2,460","78,326",86.42
BIRET,RR,02-Mar-2022,303.92,305.44,306.50,302.00,304.00,303.40,303.94,"80,087","2,43,41,539.16","4,070","69,841",87.21
BIRET,RR,03-Mar-2022,303.40,303.40,305.99,300.20,302.00,302.27,303.27,"58,721","1,78,08,395.32",750,"50,266",85.60
BIRET,RR,04-Mar-2022,302.27,304.00,304.00,299.00,299.50,299.68,300.85,"69,827","2,10,07,709.36","2,061","64,935",92.99
BIRET,RR,07-Mar-2022,299.68,302.75,303.75,299.00,301.50,301.55,301.08,"1,04,406","3,14,34,470.04","2,147","91,664",87.80
BIRET,RR,08-Mar-2022,301.55,304.50,304.50,291.30,299.75,300.51,300.35,"79,713","2,39,41,979.44","1,449","69,798",87.56
BIRET,RR,09-Mar-2022,300.51,297.10,303.80,294.00,294.99,296.33,297.50,"2,24,407","6,67,60,224.49","3,475","2,13,413",95.10
BIRET,RR,10-Mar-2022,296.33,296.00,298.89,289.45,291.99,292.02,294.55,"2,92,892","8,62,70,610.84","5,372","2,55,820",87.34
BIRET,RR,11-Mar-2022,292.02,293.00,302.60,292.50,300.00,301.10,296.84,"4,06,715","12,07,28,500.74","3,394","3,78,652",93.10
BIRET,RR,14-Mar-2022,301.10,302.85,304.49,297.53,299.00,299.56,301.17,"41,007","1,23,49,905.09","2,621","31,222",76.14
BIRET,RR,15-Mar-2022,299.56,301.90,302.39,298.10,299.00,299.88,300.00,"45,373","1,36,11,962.80","1,889","40,143",88.47
BIRET,RR,16-Mar-2022,299.88,297.52,300.00,297.00,298.00,297.98,299.51,"1,09,752","3,28,72,055.36",859,"1,05,772",96.37
BIRET,RR,17-Mar-2022,297.98,302.00,313.00,296.55,302.00,307.21,304.82,"8,24,109","25,12,01,388.29","8,694","6,72,406",81.59
BIRET,RR,21-Mar-2022,307.21,305.45,305.45,299.10,301.00,302.42,301.61,"41,838","1,26,18,686.17","3,107","30,824",73.67
BIRET,RR,22-Mar-2022,302.42,299.06,304.00,299.06,303.00,303.51,303.19,"50,929","1,54,41,191.49","1,285","46,726",91.75
BIRET,RR,23-Mar-2022,303.51,303.51,305.00,300.21,302.28,303.76,303.60,"2,65,890","8,07,22,969.28","1,767","2,61,037",98.17
BIRET,RR,24-Mar-2022,303.76,303.90,305.00,299.07,304.99,304.97,303.34,"59,353","1,80,04,194.47","1,655","50,914",85.78
BIRET,RR,25-Mar-2022,304.97,308.30,308.30,302.01,306.00,305.23,306.06,"29,308","89,70,050.40","2,163","23,946",81.70
BIRET,RR,28-Mar-2022,305.23,305.00,311.00,303.00,309.49,308.00,307.69,"4,59,097","14,12,58,179.92","1,268","4,47,402",97.45
BIRET,RR,29-Mar-2022,308.00,310.00,315.00,307.20,313.00,312.86,310.00,"1,80,645","5,60,00,632.38","1,704","1,73,408",95.99
BIRET,RR,30-Mar-2022,312.86,313.00,315.00,311.12,313.50,313.48,313.75,"55,746","1,74,90,160.43",756,"49,054",88.00
BIRET,RR,31-Mar-2022,313.48,315.30,316.00,307.25,310.21,313.14,313.40,"41,298","1,29,42,710.87","1,862","32,146",77.84
BIRET,RR,01-Apr-2022,313.14,315.90,316.00,312.00,313.95,313.39,313.31,"49,144","1,53,97,339.56","1,125","37,235",75.77
BIRET,RR,04-Apr-2022,313.39,318.00,318.45,313.18,314.60,314.24,315.24,"56,422","1,77,86,340.54","1,957","45,466",80.58
BIRET,RR,05-Apr-2022,314.24,316.50,317.00,312.33,316.00,315.97,314.26,"3,06,093","9,61,93,817.13","4,910","2,88,445",94.23
BIRET,RR,06-Apr-2022,315.97,317.90,319.80,316.00,319.45,319.35,318.07,"1,10,886","3,52,69,418.08","2,375","1,01,104",91.18
BIRET,RR,07-Apr-2022,319.35,319.00,319.00,314.00,318.00,318.42,318.35,"47,038","1,49,74,666.86","2,307","41,674",88.60
BIRET,RR,08-Apr-2022,318.42,320.80,321.90,318.00,321.50,321.26,319.26,"1,20,448","3,84,54,540.11","1,893","1,14,455",95.02
BIRET,RR,11-Apr-2022,321.26,325.45,325.45,320.50,320.50,321.39,322.63,"68,819","2,22,03,060.43","2,692","63,875",92.82
BIRET,RR,12-Apr-2022,321.39,324.40,324.87,320.20,320.22,321.48,322.86,"41,762","1,34,83,103.52",825,"36,488",87.37
BIRET,RR,13-Apr-2022,321.48,323.90,324.00,321.00,322.16,323.45,322.07,"2,26,148","7,28,35,807.20",866,"2,21,956",98.15
BIRET,RR,18-Apr-2022,323.45,324.00,327.75,321.56,324.80,324.88,325.01,"47,537","1,54,50,129.52",802,"43,520",91.55
BIRET,RR,19-Apr-2022,324.88,326.80,326.80,324.00,325.48,324.88,324.99,"2,37,581","7,72,12,425.39",423,"2,34,940",98.89
BIRET,RR,20-Apr-2022,324.88,326.90,327.85,323.17,324.40,324.79,325.40,"1,09,340","3,55,79,361.65",518,"1,02,269",93.53
BIRET,RR,21-Apr-2022,324.79,326.00,326.00,324.00,325.00,325.00,325.00,"2,52,115","8,19,38,448.71",920,"2,48,591",98.60
BIRET,RR,22-Apr-2022,325.00,325.00,328.00,325.00,327.99,327.97,327.83,"3,17,749","10,41,66,762.77",449,"3,13,031",98.52
BIRET,RR,25-Apr-2022,327.97,329.70,330.00,327.75,329.70,328.00,328.10,"2,29,103","7,51,69,572.96","1,603","2,21,622",96.73
BIRET,RR,26-Apr-2022,328.00,331.90,331.95,328.60,328.60,329.92,330.40,"1,59,012","5,25,38,137.03","1,903","1,43,253",90.09
BIRET,RR,27-Apr-2022,329.92,331.70,333.00,328.40,329.95,330.22,330.65,"47,863","1,58,25,769.29",645,"42,450",88.69
BIRET,RR,28-Apr-2022,330.22,331.98,335.00,330.50,331.99,331.98,332.09,"93,721","3,11,24,030.27","1,025","89,455",95.45
BIRET,RR,29-Apr-2022,331.98,334.90,336.00,331.31,332.00,331.94,333.10,"25,242","84,08,180.13",455,"21,695",85.95
BIRET,RR,02-May-2022,331.94,338.00,339.00,331.50,332.40,332.28,333.53,"31,461","1,04,93,269.64",765,"28,717",91.28
BIRET,RR,04-May-2022,332.28,338.40,338.40,326.00,332.99,331.26,333.29,"2,10,855","7,02,75,626.12","2,791","1,94,669",92.32
BIRET,RR,05-May-2022,331.26,330.00,334.50,328.00,329.00,329.11,332.32,"56,010","1,86,13,116.49","1,053","51,247",91.50
BIRET,RR,06-May-2022,329.11,327.99,330.00,321.30,329.74,329.90,328.13,"19,257","63,18,771.19",516,"17,165",89.14
BIRET,RR,09-May-2022,329.90,330.00,332.80,321.00,326.89,326.84,328.64,"98,905","3,25,04,580.13","1,379","80,657",81.55
BIRET,RR,10-May-2022,326.84,324.45,329.40,324.45,327.99,327.86,325.91,"1,27,612","4,15,89,424.96","1,115","1,16,384",91.20
BIRET,RR,11-May-2022,327.86,331.26,331.26,321.00,321.00,321.76,324.13,"70,477","2,28,43,492.92","1,755","57,719",81.90
BIRET,RR,12-May-2022,321.76,320.98,320.98,311.20,313.00,312.97,315.12,"67,365","2,12,27,797.22","1,420","55,499",82.39
BIRET,RR,13-May-2022,312.97,313.15,315.95,303.00,312.99,310.82,311.73,"48,297","1,50,55,633.96","1,529","45,006",93.19
BIRET,RR,16-May-2022,310.82,311.00,317.56,305.00,307.80,306.64,308.52,"1,26,613","3,90,62,648.19","2,159","1,08,399",85.61
BIRET,RR,17-May-2022,306.64,306.99,321.94,306.99,320.01,319.10,315.08,"36,808","1,15,97,495.10","1,126","31,456",85.46
BIRET,RR,18-May-2022,319.10,320.00,323.99,320.00,323.60,323.61,323.09,"30,045","97,07,353.04","1,015","26,411",87.90
BIRET,RR,19-May-2022,323.61,323.90,328.00,321.00,323.82,324.73,324.85,"37,869","1,23,01,703.07","1,399","31,476",83.12
BIRET,RR,20-May-2022,324.73,327.89,328.00,325.00,326.98,327.84,327.81,"48,418","1,58,71,859.97","1,129","45,986",94.98
BIRET,RR,23-May-2022,327.84,329.45,332.85,326.00,330.01,331.26,329.75,"55,792","1,83,97,627.16","2,112","52,355",93.84
BIRET,RR,24-May-2022,331.26,332.85,332.85,326.00,331.95,329.36,327.96,"67,081","2,19,99,844.79","2,600","56,297",83.92
BIRET,RR,25-May-2022,329.36,330.00,334.80,327.14,330.99,332.38,331.85,"1,25,561","4,16,66,859.32","2,906","1,08,888",86.72
BIRET,RR,26-May-2022,332.38,334.99,340.00,327.30,336.00,334.82,334.67,"1,36,420","4,56,55,564.87","4,540","1,00,256",73.49
BIRET,RR,27-May-2022,334.82,337.80,337.90,330.00,331.90,331.97,332.73,"43,572","1,44,97,550.11","1,697","35,265",80.94
BIRET,RR,30-May-2022,331.97,335.39,336.98,332.00,334.50,334.37,334.94,"2,10,882","7,06,33,276.65","1,551","1,95,530",92.72
BIRET,RR,31-May-2022,334.37,336.40,336.40,318.00,322.65,321.75,324.33,"2,37,369","7,69,86,158.99","3,895","1,99,857",84.20
BIRET,RR,01-Jun-2022,321.75,325.92,335.00,324.80,334.99,334.14,332.74,"42,498","1,41,40,615.28","1,760","30,492",71.75
BIRET,RR,02-Jun-2022,334.14,338.40,338.40,336.00,338.21,336.52,336.59,"1,30,454","4,39,09,176.23","4,035","1,23,777",94.88
BIRET,RR,03-Jun-2022,336.52,338.69,340.00,333.80,333.80,334.62,337.18,"68,835","2,32,09,501.05","1,665","59,359",86.23
BIRET,RR,06-Jun-2022,334.62,336.00,338.90,333.20,334.70,334.60,335.06,"27,376","91,72,473.12","1,109","21,737",79.40
BIRET,RR,07-Jun-2022,334.60,334.99,336.45,333.20,334.10,334.93,334.79,"54,447","1,82,28,081.01","1,081","44,657",82.02
BIRET,RR,08-Jun-2022,334.93,337.29,338.00,334.21,335.93,335.98,336.06,"53,777","1,80,72,318.61","1,128","50,381",93.69
BIRET,RR,09-Jun-2022,335.98,338.45,339.00,335.01,339.00,337.04,337.05,"1,13,000","3,80,86,617.64","8,280","1,07,165",94.84
BIRET,RR,10-Jun-2022,337.04,336.80,339.80,333.00,333.50,333.84,336.03,"60,851","2,04,48,047.23",902,"57,510",94.51
BIRET,RR,13-Jun-2022,333.84,333.00,336.60,330.00,335.71,335.88,334.77,"48,673","1,62,94,351.49","1,364","35,920",73.80
BIRET,RR,14-Jun-2022,335.88,335.88,338.70,333.31,333.99,333.55,335.10,"69,551","2,33,06,624.11","1,691","62,787",90.27
BIRET,RR,15-Jun-2022,333.55,334.50,335.67,327.30,327.50,328.03,332.61,"1,10,231","3,66,63,805.67","2,003","1,00,531",91.20
BIRET,RR,16-Jun-2022,328.03,329.99,332.00,322.00,324.10,326.18,325.84,"64,501","2,10,16,898.79","3,411","52,519",81.42
BIRET,RR,17-Jun-2022,326.18,328.99,328.99,322.30,325.00,323.91,323.65,"64,126","2,07,54,117.78","1,846","52,171",81.36
BIRET,RR,20-Jun-2022,323.91,325.00,327.00,323.91,324.00,324.54,325.04,"57,849","1,88,03,377.39","1,333","53,443",92.38
BIRET,RR,21-Jun-2022,324.54,322.50,326.95,319.25,321.64,320.44,323.69,"71,934","2,32,84,197.63","1,739","60,547",84.17
BIRET,RR,22-Jun-2022,320.44,320.90,326.00,319.01,320.65,320.25,323.43,"61,376","1,98,50,805.51","1,107","50,034",81.52
BIRET,RR,23-Jun-2022,320.25,321.80,324.80,319.25,321.37,321.92,322.89,"2,17,385","7,01,92,060.06","1,440","2,06,036",94.78
BIRET,RR,24-Jun-2022,321.92,326.70,326.70,322.00,325.00,324.99,324.04,"49,705","1,61,06,166.77",772,"44,474",89.48
BIRET,RR,27-Jun-2022,324.99,329.90,336.80,323.50,326.00,324.80,329.53,"66,704","2,19,80,878.64","1,959","44,399",66.56
BIRET,RR,28-Jun-2022,324.80,324.85,333.00,322.06,332.75,330.30,326.30,"47,605","1,55,33,453.17","1,636","40,724",85.55
BIRET,RR,29-Jun-2022,330.30,332.70,332.85,327.22,330.99,329.71,330.42,"3,08,922","10,20,72,994.52","1,182","3,05,872",99.01
BIRET,RR,30-Jun-2022,329.71,332.00,335.00,323.22,324.01,327.81,332.36,"5,29,162","17,58,72,574.24","1,841","5,13,947",97.12
BIRET,RR,01-Jul-2022,327.81,327.89,332.00,323.00,325.72,325.03,327.80,"37,938","1,24,36,062.56","1,284","27,564",72.66
BIRET,RR,04-Jul-2022,325.03,327.70,331.00,318.90,323.00,322.91,323.64,"1,07,495","3,47,89,346.68","2,362","83,113",77.32
BIRET,RR,05-Jul-2022,322.91,324.70,329.00,321.26,326.95,326.35,326.96,"33,437","1,09,32,616.34",751,"22,817",68.24
BIRET,RR,06-Jul-2022,326.35,327.95,330.00,326.25,327.26,327.36,327.97,"1,71,286","5,61,76,891.82",616,"1,64,350",95.95
BIRET,RR,07-Jul-2022,327.36,331.90,331.90,321.60,325.35,325.57,324.95,"44,430","1,44,37,412.01","1,175","34,826",78.38
BIRET,RR,08-Jul-2022,325.57,325.89,327.70,323.51,324.92,324.53,325.07,"65,186","2,11,90,118.96","1,146","58,084",89.11
BIRET,RR,11-Jul-2022,324.53,324.53,328.00,324.53,327.65,327.94,326.80,"30,531","99,77,418.95","1,034","24,446",80.07
BIRET,RR,12-Jul-2022,327.94,329.70,330.00,323.00,323.50,323.90,326.36,"71,491","2,33,31,665.43","1,502","58,093",81.26
BIRET,RR,13-Jul-2022,323.90,324.90,326.80,321.25,325.00,324.89,324.29,"26,795","86,89,289.67",555,"23,077",86.12
BIRET,RR,14-Jul-2022,324.89,327.00,330.00,322.30,330.00,328.14,324.88,"44,340","1,44,05,036.79","1,313","36,051",81.31
BIRET,RR,15-Jul-2022,328.14,330.00,330.00,320.50,324.00,323.75,323.30,"63,052","2,03,84,477.67","2,198","48,574",77.04
BIRET,RR,18-Jul-2022,323.75,326.90,327.70,322.10,327.00,326.52,324.22,"48,311","1,56,63,234.39","1,629","35,955",74.42
BIRET,RR,19-Jul-2022,326.52,329.69,329.69,323.42,324.99,324.99,325.20,"45,236","1,47,10,592.03",683,"41,945",92.72
BIRET,RR,20-Jul-2022,324.99,327.87,330.00,323.25,325.79,325.75,326.44,"26,124","85,27,813.49",748,"18,124",69.38
BIRET,RR,21-Jul-2022,325.75,327.79,329.00,324.12,328.00,325.99,326.61,"27,837","90,91,712.90",643,"23,042",82.77
BIRET,RR,22-Jul-2022,325.99,328.90,328.90,324.01,325.00,324.87,325.22,"31,031","1,00,91,900.37",980,"28,184",90.83
BIRET,RR,25-Jul-2022,324.87,325.80,327.85,324.50,325.69,324.94,325.04,"56,643","1,84,11,203.21","1,059","50,620",89.37
BIRET,RR,26-Jul-2022,324.94,326.95,327.00,324.01,324.99,324.93,325.18,"1,06,661","3,46,84,358.69",629,"1,00,053",93.80
BIRET,RR,27-Jul-2022,324.93,326.30,326.35,321.95,322.00,323.13,323.98,"27,712","89,78,075.98",695,"26,627",96.08
BIRET,RR,28-Jul-2022,323.13,324.69,328.45,320.00,324.25,324.76,324.44,"74,687","2,42,31,435.55",980,"61,797",82.74
BIRET,RR,29-Jul-2022,324.76,326.80,326.80,322.50,323.94,323.77,324.11,"19,064","61,78,830.08",729,"15,519",81.40
BIRET,RR,01-Aug-2022,323.77,325.88,327.30,323.06,323.71,323.58,325.05,"1,76,827","5,74,77,410.85","4,573","1,09,255",61.79
BIRET,RR,02-Aug-2022,323.58,323.90,325.77,322.25,325.00,324.43,323.75,"57,475","1,86,07,404.62","1,159","42,844",74.54
BIRET,RR,03-Aug-2022,324.43,327.50,334.15,324.01,329.95,328.51,330.79,"44,733","1,47,97,379.58","1,397","35,923",80.31
BIRET,RR,04-Aug-2022,328.51,330.90,336.45,329.00,329.90,329.96,330.53,"41,743","1,37,97,409.57","1,276","33,767",80.89
BIRET,RR,05-Aug-2022,329.96,331.37,333.00,325.25,330.00,329.40,329.81,"44,878","1,48,01,412.76","1,281","34,733",77.39
BIRET,RR,08-Aug-2022,329.40,332.00,336.96,330.00,336.30,335.71,334.87,"26,161","87,60,636.71","1,176","18,664",71.34
BIRET,RR,10-Aug-2022,335.71,336.00,343.70,334.00,342.46,340.40,337.93,"52,955","1,78,95,289.18","1,623","40,923",77.28
BIRET,RR,11-Aug-2022,340.40,344.69,344.69,335.05,341.90,340.73,339.06,"45,627","1,54,70,233.03","1,024","35,798",78.46
BIRET,RR,12-Aug-2022,340.73,343.50,343.50,335.50,338.20,337.72,339.18,"44,316","1,50,30,939.32","1,233","30,821",69.55
BIRET,RR,16-Aug-2022,337.72,341.00,341.00,338.44,340.00,339.64,339.84,"20,299","68,98,437.64","1,105","15,121",74.49
BIRET,RR,17-Aug-2022,339.64,339.64,343.00,338.50,340.00,339.99,339.89,"44,227","1,50,32,280.90",710,"41,703",94.29
BIRET,RR,18-Aug-2022,339.99,341.30,345.00,318.00,337.00,337.20,336.71,"81,937","2,75,88,951.60","1,738","57,041",69.62
BIRET,RR,19-Aug-2022,337.20,338.90,342.00,336.05,337.00,336.98,337.84,"74,578","2,51,95,656.77","1,413","65,216",87.45
BIRET,RR,22-Aug-2022,336.98,340.80,340.80,330.50,330.51,330.89,336.52,"1,07,432","3,61,53,501.08","2,141","1,00,513",93.56
BIRET,RR,23-Aug-2022,330.89,331.50,333.89,325.01,327.51,327.17,330.54,"72,040","2,38,12,179.77","3,540","60,092",83.41
BIRET,RR,24-Aug-2022,327.17,327.00,334.78,326.90,332.00,331.44,330.66,"19,079","63,08,645.61","2,172","15,657",82.06
BIRET,RR,25-Aug-2022,331.44,332.90,335.70,330.00,330.50,330.16,330.46,"1,03,447","3,41,85,233.14","1,119","98,028",94.76
BIRET,RR,26-Aug-2022,330.16,331.80,333.99,329.00,331.50,330.56,331.48,"26,170","86,74,949.71",893,"21,719",82.99
BIRET,RR,29-Aug-2022,330.56,330.50,335.00,329.00,334.99,333.21,332.57,"85,708","2,85,03,613.64","1,222","80,659",94.11
BIRET,RR,30-Aug-2022,333.21,335.00,337.89,334.01,334.10,334.95,335.35,"1,56,330","5,24,25,289.40","4,076","1,38,242",88.43
BIRET,RR,01-Sep-2022,334.95,337.94,337.94,328.05,329.05,329.72,329.84,"2,33,748","7,71,00,224.36","4,693","2,14,431",91.74
BIRET,RR,02-Sep-2022,329.72,331.50,332.95,328.00,330.25,330.03,330.23,"44,880","1,48,20,803.70","1,454","39,525",88.07
BIRET,RR,05-Sep-2022,330.03,333.45,334.45,329.10,329.50,329.20,330.60,"41,802","1,38,19,799.40","1,671","35,909",85.90
BIRET,RR,06-Sep-2022,329.20,332.65,332.65,328.80,330.00,329.93,329.27,"71,568","2,35,64,868.16","1,146","65,641",91.72
BIRET,RR,07-Sep-2022,329.93,331.00,331.00,325.90,327.90,327.13,327.13,"3,72,637","12,18,99,958.33","4,448","3,56,257",95.60
BIRET,RR,08-Sep-2022,327.13,326.55,330.40,326.55,329.50,329.62,329.37,"37,423","1,23,26,070.36","1,826","33,754",90.20
BIRET,RR,09-Sep-2022,329.62,330.00,333.00,328.11,329.40,329.01,329.33,"53,184","1,75,15,026.04","1,870","40,760",76.64
BIRET,RR,12-Sep-2022,329.01,331.73,332.96,329.05,330.00,330.59,330.74,"1,23,719","4,09,18,875.68","2,368","1,09,398",88.42
BIRET,RR,13-Sep-2022,330.59,331.90,331.98,329.10,330.03,329.96,330.41,"50,439","1,66,65,414.76","2,308","45,996",91.19
BIRET,RR,14-Sep-2022,329.96,328.21,331.90,327.50,330.89,330.15,329.87,"1,08,994","3,59,54,270.07","1,340","1,05,474",96.77
BIRET,RR,15-Sep-2022,330.15,331.40,332.40,328.12,330.04,330.50,330.82,"47,299","1,56,47,378.73",930,"40,775",86.21
BIRET,RR,16-Sep-2022,330.50,332.90,334.70,321.01,330.00,329.28,329.43,"3,12,057","10,28,00,994.44","4,378","2,14,325",68.68
BIRET,RR,19-Sep-2022,329.28,329.28,331.00,326.46,327.00,326.75,328.41,"40,898","1,34,31,243.21",813,"35,840",87.63
BIRET,RR,20-Sep-2022,326.75,329.40,329.40,326.01,328.00,327.88,327.49,"70,928","2,32,28,200.96",782,"67,773",95.55
BIRET,RR,21-Sep-2022,327.88,324.00,329.65,324.00,328.00,327.50,327.10,"15,965","52,22,085.96",739,"13,051",81.75
BIRET,RR,22-Sep-2022,327.50,329.85,337.00,325.21,326.00,327.06,329.23,"86,149","2,83,62,416.50","1,743","69,516",80.69
BIRET,RR,23-Sep-2022,327.06,327.39,329.90,325.00,326.10,325.75,325.90,"33,787","1,10,11,299.51","1,266","27,113",80.25
BIRET,RR,26-Sep-2022,325.75,325.00,326.49,318.93,324.06,324.55,323.08,"75,206","2,42,97,624.01","3,704","55,289",73.52
BIRET,RR,27-Sep-2022,324.55,324.80,329.45,320.22,324.00,323.88,325.34,"18,781","61,10,293.67",844,"14,472",77.06
BIRET,RR,28-Sep-2022,323.88,327.80,327.80,321.14,323.01,323.75,323.49,"51,221","1,65,69,332.16","1,208","38,797",75.74
BIRET,RR,29-Sep-2022,323.75,325.75,326.15,319.70,319.95,321.25,322.13,"1,93,740","6,24,09,635.98","2,575","1,64,423",84.87
BIRET,RR,30-Sep-2022,321.25,321.90,328.00,319.00,324.00,324.80,320.70,"1,74,711","5,60,29,396.78","2,804","1,53,295",87.74
BIRET,RR,03-Oct-2022,324.80,327.40,330.95,320.31,321.70,321.64,324.89,"93,993","3,05,37,476.11","3,988","67,548",71.86
BIRET,RR,04-Oct-2022,321.64,324.00,325.00,319.00,320.50,321.21,320.64,"1,40,225","4,49,61,336.47","4,737","1,05,870",75.50
BIRET,RR,06-Oct-2022,321.21,322.80,324.99,318.00,322.00,321.86,321.82,"58,299","1,87,61,903.34","4,609","33,855",58.07
BIRET,RR,07-Oct-2022,321.86,323.98,323.98,318.00,323.14,320.63,320.72,"94,135","3,01,90,958.99","2,225","76,057",80.80
BIRET,RR,10-Oct-2022,320.63,320.65,338.35,317.20,319.49,319.82,320.70,"1,60,158","5,13,62,346.57","13,665","1,29,487",80.85
BIRET,RR,11-Oct-2022,319.82,321.70,321.70,318.00,319.90,319.64,319.63,"33,380","1,06,69,240.34","1,311","27,613",82.72
BIRET,RR,12-Oct-2022,319.64,321.00,322.00,318.11,319.99,319.72,319.21,"31,358","1,00,09,635.67",998,"25,054",79.90
BIRET,RR,13-Oct-2022,319.72,320.70,321.00,317.00,319.20,318.97,317.90,"98,245","3,12,31,875.24",876,"92,906",94.57
BIRET,RR,14-Oct-2022,318.97,320.45,320.99,317.00,318.10,318.66,319.08,"36,643","1,16,92,040.97",993,"30,780",84.00
BIRET,RR,17-Oct-2022,318.66,320.00,321.90,317.20,318.99,317.93,317.94,"37,743","1,20,00,078.38","2,561","34,190",90.59
BIRET,RR,18-Oct-2022,317.93,319.80,324.80,315.40,317.00,317.77,318.74,"73,578","2,34,52,564.74","1,552","60,894",82.76
BIRET,RR,19-Oct-2022,317.77,319.45,319.88,314.00,316.60,316.11,316.28,"43,178","1,36,56,165.56",986,"35,647",82.56
BIRET,RR,20-Oct-2022,316.11,314.26,318.80,314.00,315.01,314.74,315.66,"25,992","82,04,607.82",982,"22,652",87.15
BIRET,RR,21-Oct-2022,314.74,316.45,322.00,313.00,314.99,313.86,315.22,"48,074","1,51,53,666.27","1,239","36,636",76.21
BIRET,RR,24-Oct-2022,313.86,318.90,323.30,315.10,320.10,320.26,319.95,"11,424","36,55,066.92",697,"8,416",73.67
BIRET,RR,25-Oct-2022,320.26,321.70,321.70,317.00,318.18,317.95,317.94,"10,082","32,05,505.54",800,"7,034",69.77
BIRET,RR,27-Oct-2022,317.95,318.00,319.99,313.26,317.50,318.68,316.81,"34,137","1,08,14,788.59","1,899","24,908",72.96
BIRET,RR,28-Oct-2022,318.68,316.01,323.00,316.00,320.00,320.64,318.74,"18,780","59,85,962.09","1,155","14,556",77.51
BIRET,RR,31-Oct-2022,320.64,321.00,322.99,314.14,316.00,316.22,317.77,"67,120","2,13,28,448.28","1,700","56,278",83.85
BIRET,RR,01-Nov-2022,316.22,316.25,316.80,312.00,315.01,314.69,314.11,"54,285","1,70,51,477.78","1,668","42,021",77.41
BIRET,RR,02-Nov-2022,314.69,313.05,316.95,309.01,311.06,310.70,311.90,"59,337","1,85,07,213.21","1,607","43,766",73.76
BIRET,RR,03-Nov-2022,310.70,312.70,314.00,296.97,305.10,302.55,306.38,"1,02,939","3,15,38,399.91","2,900","81,206",78.89
BIRET,RR,04-Nov-2022,302.55,305.00,307.95,297.50,299.90,299.90,300.70,"1,19,335","3,58,83,722.03","5,285","1,02,892",86.22
BIRET,RR,07-Nov-2022,299.90,300.00,304.95,291.20,295.00,294.53,295.70,"1,52,455","4,50,81,589.30","6,965","1,34,898",88.48
BIRET,RR,09-Nov-2022,294.53,295.03,302.80,295.03,299.95,299.90,299.76,"67,342","2,01,86,224.04","1,911","56,647",84.12
BIRET,RR,10-Nov-2022,299.90,302.90,303.95,293.48,294.95,294.80,298.01,"2,19,013","6,52,68,653.84","6,532","1,86,238",85.04
BIRET,RR,11-Nov-2022,294.80,296.00,300.00,295.00,299.60,298.31,297.25,"63,921","1,90,00,380.19","3,922","52,312",81.84
BIRET,RR,14-Nov-2022,298.31,302.60,302.60,296.85,298.45,298.02,298.39,"79,238","2,36,43,431.20","3,409","66,418",83.82
BIRET,RR,15-Nov-2022,298.02,299.60,299.60,295.00,295.72,295.87,295.81,"1,26,915","3,75,42,962.19","3,808","1,08,042",85.13
BIRET,RR,16-Nov-2022,295.87,295.10,297.80,294.50,294.97,294.78,295.15,"48,544","1,43,27,542.53","2,055","42,874",88.32
BIRET,RR,17-Nov-2022,294.78,297.90,297.90,294.00,294.89,294.77,295.38,"1,12,584","3,32,54,506.65","1,559","1,02,902",91.40
BIRET,RR,18-Nov-2022,294.77,296.00,296.00,292.00,294.00,293.52,293.87,"51,658","1,51,80,580.90",998,"37,441",72.48
BIRET,RR,21-Nov-2022,293.52,292.25,294.00,291.00,291.95,292.00,292.07,"57,569","1,68,14,127.19","1,432","46,633",81.00
BIRET,RR,22-Nov-2022,292.00,292.99,293.25,291.09,292.87,292.39,292.10,"62,619","1,82,91,155.07","1,894","51,466",82.19
BIRET,RR,23-Nov-2022,292.39,292.39,293.50,288.84,290.00,289.99,290.65,"3,13,583","9,11,41,939.65","12,936","2,41,141",76.90
BIRET,RR,24-Nov-2022,289.99,292.00,292.25,288.00,290.00,289.98,290.07,"82,112","2,38,18,593.89","1,635","69,550",84.70
BIRET,RR,25-Nov-2022,289.98,290.00,290.99,288.00,289.69,289.51,289.98,"1,93,343","5,60,65,111.41","1,188","1,86,214",96.31
BIRET,RR,28-Nov-2022,289.51,289.69,290.00,287.51,289.99,289.77,289.01,"60,711","1,75,45,941.80","1,632","53,601",88.29
BIRET,RR,29-Nov-2022,289.77,290.00,292.50,289.24,290.00,289.99,290.02,"1,83,285","5,31,57,001.56","1,680","1,72,370",94.04
BIRET,RR,30-Nov-2022,289.99,291.75,295.00,289.24,289.99,291.39,290.86,"3,33,375","9,69,64,241.25","2,728","2,82,909",84.86
BIRET,RR,01-Dec-2022,291.39,291.39,292.60,289.50,289.60,289.65,289.92,"81,602","2,36,58,014.90","2,532","77,196",94.60
BIRET,RR,02-Dec-2022,289.65,290.45,290.50,288.00,288.99,288.80,288.93,"1,23,564","3,57,01,174.31","1,319","1,12,495",91.04
BIRET,RR,05-Dec-2022,288.80,288.95,289.95,287.35,289.00,288.96,288.37,"46,919","1,35,29,861.88","1,482","35,773",76.24
BIRET,RR,06-Dec-2022,288.96,290.00,290.72,287.20,289.17,289.02,288.90,"45,536","1,31,55,262.55","1,066","36,312",79.74
BIRET,RR,07-Dec-2022,289.02,289.50,291.27,288.00,289.60,289.61,289.44,"82,185","2,37,87,375.30","3,673","70,919",86.29
BIRET,RR,08-Dec-2022,289.61,290.00,290.00,280.00,289.49,289.57,288.30,"95,177","2,74,39,282.96","1,626","79,978",84.03
BIRET,RR,09-Dec-2022,289.57,289.80,290.00,288.51,289.75,289.26,289.42,"49,012","1,41,85,113.21","2,324","40,083",81.78
BIRET,RR,12-Dec-2022,289.26,290.41,293.53,290.00,292.05,292.14,292.17,"48,483","1,41,65,432.06","3,760","34,238",70.62
BIRET,RR,13-Dec-2022,292.14,292.50,294.49,290.60,291.66,292.16,292.52,"1,11,797","3,27,02,648.65","2,375","94,103",84.17
BIRET,RR,14-Dec-2022,292.16,292.16,293.74,288.76,289.46,289.62,290.67,"1,40,024","4,07,00,444.89","4,527","1,16,015",82.85
BIRET,RR,15-Dec-2022,289.62,291.79,291.79,288.15,289.05,289.28,289.22,"26,118","75,53,872.60","2,330","19,571",74.93
BIRET,RR,16-Dec-2022,289.28,289.25,291.35,288.50,289.00,288.99,289.92,"4,66,857","13,53,51,550.10","2,047","4,53,530",97.15
BIRET,RR,19-Dec-2022,288.99,291.39,291.39,287.70,289.10,289.48,289.76,"89,549","2,59,47,987.39","2,353","82,812",92.48
BIRET,RR,20-Dec-2022,289.48,289.85,291.80,288.95,289.20,289.18,289.66,"55,468","1,60,66,770.40","3,181","40,814",73.58
BIRET,RR,21-Dec-2022,289.18,290.00,290.79,287.99,288.75,288.85,288.95,"1,17,961","3,40,84,957.17","1,447","1,02,592",86.97
BIRET,RR,22-Dec-2022,288.85,288.85,289.89,286.32,287.55,287.22,287.32,"78,160","2,24,56,603.32","1,519","70,884",90.69
BIRET,RR,23-Dec-2022,287.22,288.50,288.50,283.80,284.00,284.17,285.01,"1,04,791","2,98,66,580.80","1,818","99,888",95.32
BIRET,RR,26-Dec-2022,284.17,285.87,287.93,282.80,285.00,284.96,285.36,"1,35,574","3,86,86,991.33","3,256","1,14,892",84.74
BIRET,RR,27-Dec-2022,284.96,286.00,286.60,280.50,284.00,283.62,282.50,"91,413","2,58,24,596.21","1,556","77,561",84.85
BIRET,RR,28-Dec-2022,283.62,284.88,284.88,278.13,283.42,283.75,282.79,"3,71,254","10,49,87,273.66","2,733","3,29,871",88.85
BIRET,RR,29-Dec-2022,283.75,283.45,286.50,280.03,283.90,284.01,283.77,"1,73,711","4,92,93,726.02","3,974","1,36,936",78.83
BIRET,RR,30-Dec-2022,284.01,286.00,288.79,283.95,288.00,288.09,285.86,"50,142","1,43,33,805.15","2,052","41,105",81.98
BIRET,RR,02-Jan-2023,288.09,289.30,294.80,288.22,294.10,294.29,292.19,"51,688","1,51,02,806.64","1,192","32,594",63.06
BIRET,RR,03-Jan-2023,294.29,294.79,297.85,290.66,291.85,292.16,294.57,"32,474","95,65,905.55","1,199","21,153",65.14
BIRET,RR,04-Jan-2023,292.16,293.80,294.70,289.60,292.87,292.13,291.65,"25,704","74,96,458.27","1,353","17,184",66.85
BIRET,RR,05-Jan-2023,292.13,293.30,297.00,289.63,296.00,295.97,294.72,"35,869","1,05,71,215.08",775,"25,254",70.41
BIRET,RR,06-Jan-2023,295.97,298.20,303.30,294.00,294.55,294.65,297.02,"54,194","1,60,96,630.00",855,"41,841",77.21
BIRET,RR,09-Jan-2023,294.65,295.50,297.00,292.50,294.90,294.19,294.55,"20,669","60,88,080.36",777,"15,546",75.21
BIRET,RR,10-Jan-2023,294.19,294.19,296.79,294.00,295.00,295.19,294.81,"37,533","1,10,65,235.09",682,"29,149",77.66
BIRET,RR,11-Jan-2023,295.19,295.99,297.99,292.62,296.00,296.04,295.08,"28,430","83,89,019.90","1,401","24,175",85.03
BIRET,RR,12-Jan-2023,296.04,297.95,299.95,296.04,299.00,299.07,298.46,"47,401","1,41,47,431.60",638,"43,055",90.83
BIRET,RR,13-Jan-2023,299.07,300.80,300.80,295.89,299.40,298.71,298.11,"41,793","1,24,58,753.48","1,207","33,069",79.13
BIRET,RR,16-Jan-2023,298.71,298.80,300.00,296.50,298.96,299.36,298.58,"18,959","56,60,774.17",783,"14,774",77.93
BIRET,RR,17-Jan-2023,299.36,299.99,302.78,296.10,296.50,296.90,299.55,"53,419","1,60,01,804.04","1,282","44,606",83.50
BIRET,RR,18-Jan-2023,296.90,298.89,298.89,291.00,291.50,291.67,293.92,"41,193","1,21,07,636.72","1,549","33,384",81.04
BIRET,RR,19-Jan-2023,291.67,291.68,291.80,288.75,289.98,289.61,289.99,"49,353","1,43,11,827.22","1,693","43,061",87.25
BIRET,RR,20-Jan-2023,289.61,291.70,291.70,288.75,290.00,289.93,289.37,"42,214","1,22,15,423.16",641,"36,518",86.51
BIRET,RR,23-Jan-2023,289.93,290.00,290.99,289.00,289.55,289.70,289.81,"25,685","74,43,779.64","1,839","24,227",94.32
BIRET,RR,24-Jan-2023,289.70,290.00,291.00,287.30,288.94,288.40,288.48,"1,24,321","3,58,64,249.64","2,788","1,06,535",85.69
BIRET,RR,25-Jan-2023,288.40,288.60,292.70,288.18,288.74,288.83,288.87,"1,01,346","2,92,76,314.94","2,082","87,238",86.08
BIRET,RR,27-Jan-2023,288.83,290.80,292.38,287.23,287.60,287.95,288.31,"41,543","1,19,77,318.75","1,585","33,356",80.29
BIRET,RR,30-Jan-2023,287.95,290.50,290.50,287.00,287.99,287.49,288.14,"36,887","1,06,28,660.02","1,282","29,572",80.17
BIRET,RR,31-Jan-2023,287.49,290.98,296.00,287.00,290.69,291.90,291.32,"1,19,003","3,46,68,010.03","2,854","80,551",67.69
BIRET,RR,01-Feb-2023,291.90,289.84,292.60,284.80,284.90,285.76,288.08,"1,08,092","3,11,39,472.86","2,214","87,934",81.35
BIRET,RR,02-Feb-2023,285.76,284.14,288.37,275.50,279.00,278.48,278.69,"2,50,167","6,97,18,754.25","2,441","2,14,368",85.69
BIRET,RR,03-Feb-2023,278.48,279.00,279.00,274.51,278.00,277.75,276.71,"1,08,465","3,00,13,340.45","1,763","92,481",85.26
BIRET,RR,06-Feb-2023,277.75,277.75,278.99,271.00,275.00,273.11,273.36,"1,16,649","3,18,86,817.52","1,968","1,05,346",90.31
BIRET,RR,07-Feb-2023,273.11,276.79,276.79,271.00,271.76,271.62,272.00,"1,17,215","3,18,82,769.91","1,301","1,09,361",93.30
BIRET,RR,08-Feb-2023,271.62,273.00,273.50,270.99,272.70,272.67,272.59,"69,890","1,90,51,556.23","1,382","63,932",91.48
BIRET,RR,09-Feb-2023,272.67,275.00,279.00,271.00,272.48,271.77,273.62,"79,766","2,18,25,535.83","1,620","66,297",83.11
BIRET,RR,10-Feb-2023,271.77,273.50,273.70,271.10,272.85,272.23,272.50,"88,145","2,40,19,550.29","1,009","75,586",85.75
BIRET,RR,13-Feb-2023,272.23,274.40,276.83,271.35,273.30,273.33,273.66,"33,178","90,79,430.53",891,"24,735",74.55
BIRET,RR,14-Feb-2023,273.33,273.90,279.50,273.30,276.11,276.42,274.59,"55,552","1,52,54,215.03","1,383","45,314",81.57
BIRET,RR,15-Feb-2023,276.42,277.70,286.90,273.00,286.80,282.27,277.77,"57,366","1,59,34,297.17","2,516","43,410",75.67
BIRET,RR,16-Feb-2023,282.27,284.00,284.00,277.50,279.89,279.58,280.61,"40,424","1,13,43,282.14","1,458","25,989",64.29
BIRET,RR,17-Feb-2023,279.58,278.95,281.00,276.55,277.00,276.99,278.31,"16,640","46,31,154.92",536,"13,008",78.17
BIRET,RR,20-Feb-2023,276.99,276.10,281.98,273.10,273.10,273.86,274.29,"83,959","2,30,29,368.09","1,098","79,717",94.95
BIRET,RR,21-Feb-2023,273.86,274.00,276.00,267.00,272.00,272.10,270.64,"1,10,192","2,98,21,965.75","2,077","89,526",81.25
BIRET,RR,22-Feb-2023,272.10,272.00,275.55,269.30,273.99,273.75,272.88,"63,831","1,74,18,103.15","1,518","57,078",89.42
BIRET,RR,23-Feb-2023,273.75,275.70,275.70,270.80,271.83,271.77,273.64,"2,40,228","6,57,35,844.78","2,883","2,26,345",94.22
BIRET,RR,24-Feb-2023,271.77,273.80,273.80,269.60,271.65,270.67,270.84,"49,635","1,34,43,369.87",948,"46,215",93.11
BIRET,RR,27-Feb-2023,270.67,274.40,274.40,268.10,269.00,269.04,271.00,"32,646","88,47,186.19","1,569","23,417",71.73
BIRET,RR,28-Feb-2023,269.04,271.50,271.90,265.00,266.50,266.40,267.33,"88,092","2,35,49,278.41","2,591","75,965",86.23
BIRET,RR,01-Mar-2023,266.40,266.50,270.15,263.26,269.00,269.18,265.76,"1,06,049","2,81,83,686.31","4,414","84,085",79.29
BIRET,RR,02-Mar-2023,269.18,271.70,271.70,260.10,264.60,262.23,264.60,"3,33,284","8,81,86,081.14","22,995","3,15,732",94.73
BIRET,RR,03-Mar-2023,262.23,263.30,266.72,263.30,266.00,264.62,264.66,"50,862","1,34,61,075.90","1,598","40,850",80.32
BIRET,RR,06-Mar-2023,264.62,268.25,269.00,266.50,267.80,268.10,268.44,"1,73,876","4,66,74,608.97","2,320","1,66,441",95.72
BIRET,RR,08-Mar-2023,268.10,269.80,269.80,266.00,267.76,266.97,267.34,"1,39,482","3,72,88,573.01","2,139","1,28,324",92.00
BIRET,RR,09-Mar-2023,266.97,269.00,269.00,262.31,268.00,266.41,266.63,"1,28,627","3,42,96,445.38","2,428","91,332",71.01
BIRET,RR,10-Mar-2023,266.41,262.40,268.27,262.40,264.50,264.24,264.58,"72,068","1,90,67,559.87","1,947","58,856",81.67
BIRET,RR,13-Mar-2023,264.24,266.00,266.00,259.85,260.00,260.01,261.08,"1,60,416","4,18,82,069.99","14,113","1,50,462",93.79
BIRET,RR,14-Mar-2023,260.01,261.77,261.77,252.10,255.20,255.18,255.54,"1,55,518","3,97,40,923.73","6,217","1,32,391",85.13
BIRET,RR,15-Mar-2023,255.18,255.18,259.00,251.00,252.50,254.26,254.21,"1,86,149","4,73,21,611.43","4,138","1,57,580",84.65
BIRET,RR,16-Mar-2023,254.26,253.76,264.00,253.00,263.90,262.28,257.91,"2,35,865","6,08,32,872.22","4,057","2,10,665",89.32
BIRET,RR,17-Mar-2023,262.28,263.99,264.80,257.09,263.00,261.99,260.70,"79,119","2,06,26,437.57","3,399","66,110",83.56
BIRET,RR,20-Mar-2023,261.99,262.00,269.00,259.00,262.00,260.74,260.44,"1,68,612","4,39,13,148.03","2,201","1,53,427",90.99
BIRET,RR,21-Mar-2023,260.74,260.00,263.70,259.00,261.20,261.33,260.47,"42,719","1,11,26,929.93",987,"34,797",81.46
BIRET,RR,22-Mar-2023,261.33,272.00,272.00,259.01,262.50,262.78,261.26,"44,614","1,16,55,803.25",793,"36,954",82.83
BIRET,RR,23-Mar-2023,262.78,265.00,268.50,259.00,263.10,263.01,262.50,"55,421","1,45,48,061.99",880,"48,946",88.32
BIRET,RR,24-Mar-2023,263.01,265.00,276.00,264.01,274.50,274.90,270.98,"1,69,778","4,60,06,414.26","2,518","1,46,649",86.38
BIRET,RR,27-Mar-2023,274.90,274.90,279.80,263.00,269.50,267.34,268.14,"5,38,570","14,44,10,164.10","2,245","5,13,233",95.30
BIRET,RR,28-Mar-2023,267.34,270.00,272.35,256.15,269.97,268.88,269.47,"5,28,193","14,23,29,653.43","1,345","4,89,004",92.58
BIRET,RR,29-Mar-2023,268.88,269.35,282.90,258.05,280.00,279.48,275.02,"2,40,722","6,62,04,014.74","3,003","1,53,871",63.92
BIRET,RR,31-Mar-2023,279.48,280.85,281.00,272.30,279.90,279.83,279.36,"1,35,278","3,77,91,675.65","3,338","1,14,360",84.54
BIRET,RR,03-Apr-2023,279.83,281.35,281.35,276.00,279.98,279.00,279.44,"1,39,005","3,88,43,209.39","1,516","1,26,772",91.20
BIRET,RR,05-Apr-2023,279.00,278.80,281.35,274.50,280.00,279.22,279.76,"1,21,842","3,40,87,036.52","1,318","1,12,381",92.24
BIRET,RR,06-Apr-2023,279.22,281.00,281.00,277.00,278.00,277.68,279.17,"19,838","55,38,223.29",741,"16,302",82.18
BIRET,RR,10-Apr-2023,277.68,280.00,281.10,274.50,276.50,276.49,276.37,"25,581","70,69,909.40",928,"22,068",86.27
BIRET,RR,11-Apr-2023,276.49,278.50,279.00,271.50,272.25,272.72,273.35,"38,958","1,06,49,310.92","1,111","28,817",73.97
BIRET,RR,12-Apr-2023,272.72,275.95,278.50,271.00,277.85,277.23,276.18,"20,555","56,76,889.04",807,"14,415",70.13
BIRET,RR,13-Apr-2023,277.23,279.80,279.80,273.50,275.49,275.91,275.99,"21,155","58,38,528.79",527,"19,232",90.91
BIRET,RR,17-Apr-2023,275.91,275.10,279.90,273.10,275.00,274.98,276.22,"46,467","1,28,35,295.05","1,339","36,863",79.33
BIRET,RR,18-Apr-2023,274.98,271.55,279.70,271.12,278.15,277.45,277.76,"2,17,400","6,03,84,504.19","1,043","2,06,478",94.98
BIRET,RR,19-Apr-2023,277.45,278.95,280.00,276.25,278.70,278.69,278.14,"13,962","38,83,377.27",407,"11,661",83.52
BIRET,RR,20-Apr-2023,278.69,280.00,280.00,275.52,279.50,279.48,277.53,"55,603","1,54,31,598.31",626,"50,973",91.67
BIRET,RR,21-Apr-2023,279.48,279.95,282.00,276.00,277.05,277.27,278.58,"44,024","1,22,64,372.41",606,"38,752",88.02
BIRET,RR,24-Apr-2023,277.27,277.10,279.00,276.00,276.31,276.97,277.16,"27,332","75,75,314.66",589,"24,551",89.83
BIRET,RR,25-Apr-2023,276.97,278.00,278.00,275.00,276.00,275.82,276.39,"28,769","79,51,330.34",626,"25,738",89.46
BIRET,RR,26-Apr-2023,275.82,276.15,277.80,274.00,275.00,275.05,275.25,"40,585","1,11,71,027.60",680,"37,430",92.23
BIRET,RR,27-Apr-2023,275.05,275.99,275.99,273.10,274.80,274.79,274.81,"33,199","91,23,465.17",501,"30,712",92.51
BIRET,RR,28-Apr-2023,274.79,278.00,278.00,274.00,276.00,275.99,277.22,"1,27,567","3,53,63,992.74",696,"1,23,742",97.00
BIRET,RR,02-May-2023,275.99,277.97,279.95,273.75,275.00,275.40,275.52,"77,875","2,14,55,847.70","1,721","65,500",84.11
BIRET,RR,03-May-2023,275.40,277.99,277.99,273.81,274.17,274.09,274.70,"48,338","1,32,78,476.44","1,315","43,202",89.37
BIRET,RR,04-May-2023,274.09,276.22,276.22,273.76,274.10,274.04,274.85,"1,03,850","2,85,43,033.44",710,"98,034",94.40
BIRET,RR,05-May-2023,274.04,275.00,275.00,273.19,274.00,273.69,274.30,"21,005","57,61,655.88",638,"18,216",86.72
BIRET,RR,08-May-2023,273.69,273.69,277.18,273.50,274.43,274.26,274.72,"94,805","2,60,45,126.61","1,054","86,843",91.60
BIRET,RR,09-May-2023,274.26,275.90,276.00,271.50,272.00,272.04,273.08,"32,277","88,14,285.79",912,"30,494",94.48
BIRET,RR,10-May-2023,272.04,274.80,274.80,270.95,272.95,272.89,272.34,"1,50,146","4,08,91,224.07","1,934","1,43,858",95.81
BIRET,RR,11-May-2023,272.89,274.50,274.99,270.50,271.00,271.09,271.73,"56,051","1,52,30,903.87","1,167","48,698",86.88
BIRET,RR,12-May-2023,271.09,272.90,272.90,269.90,270.40,270.08,270.56,"45,836","1,24,01,535.53","1,261","39,142",85.40
BIRET,RR,15-May-2023,270.08,270.00,273.08,270.00,270.21,270.73,270.77,"68,343","1,85,05,047.29","2,026","46,110",67.47
BIRET,RR,16-May-2023,270.73,271.70,274.40,266.20,268.70,268.10,269.67,"66,729","1,79,94,517.71","1,862","58,227",87.26
BIRET,RR,17-May-2023,268.10,270.00,274.45,269.00,273.01,273.92,272.29,"41,676","1,13,48,077.73",874,"31,944",76.65
BIRET,RR,18-May-2023,273.92,275.50,278.70,271.11,272.05,273.03,273.61,"40,979","1,12,12,360.53",784,"31,780",77.55
BIRET,RR,19-May-2023,273.03,273.80,274.95,271.10,273.50,272.91,273.07,"26,351","71,95,634.15",737,"18,432",69.95
BIRET,RR,22-May-2023,272.91,274.90,275.00,273.51,274.71,274.99,274.67,"33,795","92,82,428.26",822,"25,280",74.80
BIRET,RR,23-May-2023,274.99,275.00,275.00,274.00,275.00,274.99,274.90,"37,772","1,03,83,440.86",507,"32,960",87.26
BIRET,RR,24-May-2023,274.99,275.00,275.00,273.05,273.75,273.84,274.09,"36,199","99,21,789.48",584,"32,597",90.05
BIRET,RR,25-May-2023,273.84,275.00,275.00,273.57,274.95,274.81,274.10,"84,563","2,31,79,036.82",489,"78,330",92.63
BIRET,RR,26-May-2023,274.81,273.98,273.98,270.00,272.30,270.83,271.48,"28,768","78,10,028.53",835,"23,028",80.05
BIRET,RR,29-May-2023,270.83,273.00,273.60,268.82,270.00,269.69,270.24,"25,333","68,46,027.88",922,"19,857",78.38
BIRET,RR,30-May-2023,269.69,271.50,272.10,269.54,270.20,271.01,270.95,"25,676","69,56,924.95",794,"19,665",76.59
BIRET,RR,31-May-2023,271.01,271.90,275.00,270.00,275.00,274.96,273.41,"48,221","1,31,83,866.09","1,825","40,083",83.12
BIRET,RR,01-Jun-2023,274.96,275.00,275.00,272.10,273.10,273.25,273.79,"18,754","51,34,580.53",817,"13,867",73.94
BIRET,RR,02-Jun-2023,273.25,274.69,274.69,271.00,271.90,271.92,273.14,"1,43,346","3,91,53,288.62","1,542","1,34,700",93.97
BIRET,RR,05-Jun-2023,271.92,274.21,274.21,269.50,271.35,271.67,271.47,"55,877","1,51,69,008.81","1,551","48,402",86.62
BIRET,RR,06-Jun-2023,271.67,270.10,272.90,270.10,272.71,272.53,272.14,"23,586","64,18,663.54",791,"16,348",69.31
BIRET,RR,07-Jun-2023,272.53,274.69,274.69,269.50,270.99,270.94,271.12,"99,173","2,68,87,616.65","2,310","79,303",79.96
BIRET,RR,08-Jun-2023,270.94,270.10,271.95,268.75,269.01,269.01,269.91,"63,936","1,72,56,692.02","3,642","54,766",85.66
BIRET,RR,09-Jun-2023,269.01,269.00,271.49,268.00,268.98,268.48,268.57,"47,709","1,28,13,427.64","1,065","39,228",82.22
BIRET,RR,12-Jun-2023,268.48,270.00,270.89,268.40,269.05,270.03,269.94,"41,376","1,11,69,013.10","1,089","33,115",80.03
BIRET,RR,13-Jun-2023,270.03,270.20,271.30,268.00,269.50,268.97,269.94,"47,848","1,29,15,972.45","1,228","37,779",78.96
BIRET,RR,14-Jun-2023,268.97,268.97,269.95,266.50,267.99,267.91,268.12,"62,179","1,66,71,301.96","1,436","53,637",86.26
BIRET,RR,15-Jun-2023,267.91,269.00,269.90,266.00,266.53,266.62,266.96,"60,783","1,62,26,883.07","1,055","50,788",83.56
BIRET,RR,16-Jun-2023,266.62,269.99,269.99,265.23,267.07,266.51,266.39,"1,73,185","4,61,35,032.76","2,413","1,39,615",80.62
BIRET,RR,19-Jun-2023,266.51,268.70,268.70,263.00,263.50,263.33,266.25,"1,74,440","4,64,45,022.90","1,784","1,64,254",94.16
BIRET,RR,20-Jun-2023,263.33,264.80,266.72,262.49,264.50,263.52,263.76,"47,337","1,24,85,392.47","1,025","41,428",87.52
BIRET,RR,21-Jun-2023,263.52,263.52,263.95,260.30,262.99,261.98,262.21,"86,897","2,27,85,684.62","1,468","68,078",78.34
BIRET,RR,22-Jun-2023,261.98,261.95,264.54,261.90,264.00,263.87,263.89,"2,20,332","5,81,44,318.85","1,368","2,05,046",93.06
BIRET,RR,23-Jun-2023,263.87,264.90,264.90,261.90,263.50,263.18,263.37,"31,391","82,67,295.15","1,179","26,171",83.37
BIRET,RR,26-Jun-2023,263.18,264.20,267.00,262.56,263.54,263.48,263.73,"21,122","55,70,442.47",931,"15,584",73.78
BIRET,RR,27-Jun-2023,263.48,264.98,265.99,262.00,262.85,263.13,263.65,"89,640","2,36,33,441.89","1,418","82,632",92.18
BIRET,RR,28-Jun-2023,263.13,264.90,264.90,260.99,261.80,261.93,262.29,"65,105","1,70,76,633.50","1,688","56,502",86.79
BIRET,RR,30-Jun-2023,261.93,263.70,272.00,261.55,270.50,267.28,265.86,"1,17,233","3,11,67,647.62","1,419","98,537",84.05
BIRET,RR,03-Jul-2023,267.28,270.70,270.70,263.25,266.00,266.68,267.65,"41,730","1,11,69,086.55","1,369","31,158",74.67
BIRET,RR,04-Jul-2023,266.68,265.80,268.00,263.10,266.50,266.63,265.77,"23,948","63,64,637.53",696,"18,091",75.54
BIRET,RR,05-Jul-2023,266.63,268.80,268.80,265.00,267.79,268.32,268.25,"2,30,995","6,19,63,882.45","1,056","2,22,918",96.50
BIRET,RR,06-Jul-2023,268.32,271.00,271.00,265.54,270.00,270.04,268.99,"45,802","1,23,20,130.19","1,099","39,986",87.30
BIRET,RR,07-Jul-2023,270.04,270.04,271.35,267.54,270.25,270.03,269.93,"93,943","2,53,58,064.40","1,024","86,623",92.21
BIRET,RR,10-Jul-2023,270.03,270.03,271.36,268.11,269.93,269.79,269.84,"46,425","1,25,27,259.11",761,"38,188",82.26
BIRET,RR,11-Jul-2023,269.79,271.00,271.00,266.60,266.90,267.03,269.14,"52,665","1,41,74,404.48",891,"47,685",90.54
BIRET,RR,12-Jul-2023,267.03,267.35,268.98,264.81,265.50,265.25,265.62,"64,950","1,72,52,101.51",769,"57,234",88.12
BIRET,RR,13-Jul-2023,265.25,267.19,267.19,264.15,264.80,264.60,264.84,"49,990","1,32,39,385.13",841,"44,619",89.26
BIRET,RR,14-Jul-2023,264.60,265.99,265.99,263.80,264.80,264.66,264.61,"57,279","1,51,56,723.22",792,"47,612",83.12
BIRET,RR,17-Jul-2023,264.66,265.00,267.54,263.21,266.80,267.01,266.60,"1,50,128","4,00,24,635.30","1,130","1,36,085",90.65
BIRET,RR,18-Jul-2023,267.01,267.99,270.24,265.54,269.47,269.17,269.10,"87,977","2,36,74,739.64","1,137","77,130",87.67
BIRET,RR,19-Jul-2023,269.17,267.50,270.00,265.35,265.52,266.04,268.38,"83,583","2,24,32,201.15","1,612","69,997",83.75
BIRET,RR,20-Jul-2023,266.04,266.99,266.99,258.00,264.00,264.22,263.80,"98,349","2,59,44,017.64","1,374","79,887",81.23
BIRET,RR,21-Jul-2023,264.22,264.60,265.50,262.38,265.00,264.99,264.40,"54,077","1,42,98,128.82",970,"44,638",82.55
BIRET,RR,24-Jul-2023,264.99,264.99,265.94,263.54,265.00,264.98,264.96,"85,582","2,26,75,469.95","1,013","81,273",94.97
BIRET,RR,25-Jul-2023,264.98,266.69,266.69,263.00,263.56,264.44,264.07,"89,282","2,35,77,084.96","1,726","77,243",86.52
BIRET,RR,26-Jul-2023,264.44,266.99,266.99,264.01,264.97,265.15,265.13,"92,252","2,44,58,977.44","1,444","79,207",85.86
BIRET,RR,27-Jul-2023,265.15,266.00,266.00,260.25,263.95,263.25,263.09,"71,956","1,89,30,973.17","1,786","53,698",74.63
BIRET,RR,28-Jul-2023,263.25,265.10,265.10,262.50,264.68,264.11,263.82,"62,712","1,65,44,677.00","1,248","57,382",91.50
BIRET,RR,31-Jul-2023,264.11,266.00,266.00,263.71,264.00,264.12,265.00,"4,68,163","12,40,63,680.59","2,708","4,54,920",97.17
BIRET,RR,01-Aug-2023,264.12,264.00,264.00,261.90,263.00,262.92,262.73,"1,08,472","2,84,98,837.14","2,233","99,091",91.35
BIRET,RR,02-Aug-2023,262.92,262.55,263.54,260.70,262.00,262.12,262.37,"1,57,490","4,13,21,098.97","2,232","1,24,872",79.29
BIRET,RR,03-Aug-2023,262.12,260.95,260.95,250.10,250.51,253.28,253.22,"29,50,270","74,70,77,900.75","26,814","27,61,508",93.60
BIRET,RR,04-Aug-2023,253.28,252.55,252.75,245.20,247.50,246.99,248.05,"9,13,717","22,66,47,466.20","15,260","8,67,896",94.99
BIRET,RR,07-Aug-2023,246.99,248.99,252.30,246.50,247.45,248.42,248.76,"13,08,710","32,55,60,296.86","13,121","8,71,572",66.60
BIRET,RR,08-Aug-2023,248.42,249.00,255.05,247.00,249.90,249.97,250.77,"7,06,322","17,71,24,597.79","8,268","6,42,232",90.93
BIRET,RR,09-Aug-2023,249.97,249.97,252.34,249.20,250.15,250.39,250.67,"85,057","2,13,21,095.81","4,080","72,307",85.01
BIRET,RR,10-Aug-2023,250.39,250.95,252.89,249.40,250.36,251.22,251.09,"1,47,802","3,71,12,233.32","4,360","1,27,420",86.21
BIRET,RR,11-Aug-2023,251.22,252.50,252.50,249.61,250.00,250.08,250.32,"1,43,429","3,59,03,383.06","4,164","1,23,925",86.40
BIRET,RR,14-Aug-2023,250.08,252.90,253.20,248.00,249.10,248.74,250.84,"2,95,982","7,42,42,987.97","5,003","2,60,877",88.14
BIRET,RR,16-Aug-2023,248.74,250.80,251.44,248.05,251.00,250.43,250.69,"10,59,997","26,57,29,977.01","4,508","6,89,544",65.05
BIRET,RR,17-Aug-2023,250.43,250.31,251.40,250.11,250.95,250.45,250.49,"2,54,212","6,36,77,409.27","2,896","2,47,805",97.48
BIRET,RR,18-Aug-2023,250.45,257.00,259.88,249.10,258.75,257.52,255.38,"10,48,997","26,78,91,450.66","7,548","9,82,608",93.67
BIRET,RR,21-Aug-2023,257.52,258.99,258.99,244.10,245.00,245.42,247.20,"10,53,843","26,05,10,268.42","10,132","9,71,678",92.20
BIRET,RR,22-Aug-2023,245.42,245.50,250.85,245.50,250.00,249.95,248.18,"4,89,610","12,15,12,087.46","4,392","4,56,123",93.16
BIRET,RR,23-Aug-2023,249.95,248.95,250.39,248.00,248.14,248.60,249.70,"1,83,068","4,57,12,403.95","2,774","1,41,442",77.26
BIRET,RR,24-Aug-2023,248.60,248.00,249.90,247.00,248.00,248.62,248.60,"1,11,228","2,76,51,192.26","2,135","1,01,772",91.50
BIRET,RR,25-Aug-2023,248.62,248.00,248.49,247.26,247.70,247.81,247.98,"3,23,494","8,02,18,555.24","4,664","3,15,628",97.57
BIRET,RR,28-Aug-2023,247.81,248.69,250.20,247.00,247.81,247.82,247.94,"2,13,064","5,28,27,913.91","2,642","2,03,548",95.53
BIRET,RR,29-Aug-2023,247.82,248.89,250.85,247.60,248.88,249.55,249.11,"2,55,085","6,35,44,272.66","4,750","2,20,463",86.43
BIRET,RR,30-Aug-2023,249.55,249.78,250.00,247.00,247.41,247.72,247.94,"2,10,477","5,21,84,972.39","4,123","1,87,526",89.10
BIRET,RR,31-Aug-2023,247.72,249.70,249.70,247.00,247.50,247.90,247.90,"4,94,743","12,26,49,063.84","7,144","4,52,508",91.46
BIRET,RR,01-Sep-2023,247.90,247.95,249.00,247.00,247.12,247.32,247.63,"1,56,174","3,86,73,640.63","4,007","1,38,840",88.90
BIRET,RR,04-Sep-2023,247.32,247.00,248.87,246.60,247.10,247.25,247.38,"1,70,786","4,22,49,171.43","2,253","1,55,717",91.18
BIRET,RR,05-Sep-2023,247.25,246.80,250.49,246.00,247.98,247.94,247.91,"2,94,967","7,31,25,818.76","3,167","2,64,067",89.52
BIRET,RR,06-Sep-2023,247.94,247.94,249.20,247.05,247.50,247.52,247.86,"62,036","1,53,76,456.40","1,245","53,581",86.37
BIRET,RR,07-Sep-2023,247.52,247.00,248.00,244.51,245.00,245.35,246.38,"1,31,649","3,24,36,311.58","2,651","1,20,859",91.80
BIRET,RR,08-Sep-2023,245.35,246.00,248.00,243.89,245.50,245.17,245.02,"2,40,804","5,90,01,288.51","2,772","2,21,607",92.03
BIRET,RR,11-Sep-2023,245.17,246.80,247.77,245.00,246.50,246.76,246.55,"91,291","2,25,07,569.84","1,686","76,138",83.40
BIRET,RR,12-Sep-2023,246.76,247.49,247.49,244.10,245.13,245.50,245.03,"1,24,992","3,06,26,813.65","3,900","1,13,493",90.80
BIRET,RR,13-Sep-2023,245.50,245.80,246.40,243.01,244.21,244.02,243.99,"5,30,727","12,94,93,196.23","12,014","4,99,309",94.08
BIRET,RR,14-Sep-2023,244.02,245.40,245.40,243.00,243.15,243.05,243.34,"2,19,071","5,33,08,886.09","9,553","2,03,391",92.84
BIRET,RR,15-Sep-2023,243.05,242.86,244.50,236.00,238.60,238.99,238.65,"64,31,635","1,53,49,35,504.97","60,752","56,13,283",87.28
BIRET,RR,18-Sep-2023,238.99,240.00,245.30,240.00,244.60,244.40,244.69,"4,31,018","10,54,66,998.37","13,938","3,79,768",88.11
BIRET,RR,20-Sep-2023,244.40,240.20,242.99,238.00,238.50,238.63,238.74,"6,03,835","14,41,60,282.36","15,941","5,30,173",87.80
BIRET,RR,21-Sep-2023,238.63,238.65,239.00,237.05,237.60,237.30,237.98,"3,16,721","7,53,74,392.40","8,906","2,80,947",88.70
BIRET,RR,22-Sep-2023,237.30,238.74,244.80,237.51,244.20,243.61,242.19,"2,10,351","5,09,45,530.37","6,189","1,88,263",89.50
BIRET,RR,25-Sep-2023,243.61,244.80,244.80,240.10,241.00,241.05,241.69,"83,454","2,01,69,607.69","5,239","71,105",85.20
BIRET,RR,26-Sep-2023,241.05,241.05,244.89,238.50,241.50,240.83,240.83,"1,96,286","4,72,70,588.20","6,182","1,69,368",86.29
BIRET,RR,27-Sep-2023,240.83,239.51,243.65,238.54,242.00,241.43,240.68,"67,628","1,62,76,474.04","3,878","52,425",77.52
BIRET,RR,28-Sep-2023,241.43,243.40,243.40,240.11,241.13,241.12,241.38,"84,896","2,04,92,246.96","3,791","73,287",86.33
BIRET,RR,29-Sep-2023,241.12,241.15,242.97,238.54,239.70,240.92,240.96,"1,96,367","4,73,15,921.58","3,609","1,73,513",88.36
BIRET,RR,03-Oct-2023,240.92,241.80,246.85,239.00,239.90,240.03,241.26,"1,32,411","3,19,45,615.12","4,629","1,05,560",79.72
BIRET,RR,04-Oct-2023,240.03,239.77,242.00,239.00,239.90,239.78,240.33,"90,913","2,18,49,547.19","4,593","73,235",80.56
BIRET,RR,05-Oct-2023,239.78,240.88,241.90,239.22,239.50,239.70,240.15,"95,709","2,29,84,391.24","3,694","76,659",80.10
BIRET,RR,06-Oct-2023,239.70,240.01,241.11,238.80,239.10,239.04,239.83,"1,17,139","2,80,94,014.74","4,159","1,00,779",86.03
BIRET,RR,09-Oct-2023,239.04,239.00,240.01,238.00,238.99,238.95,238.82,"81,137","1,93,77,450.92","4,389","69,422",85.56
BIRET,RR,10-Oct-2023,238.95,238.50,243.70,238.50,239.50,239.50,239.66,"93,305","2,23,61,128.28","10,226","70,683",75.75
BIRET,RR,11-Oct-2023,239.50,240.80,240.80,235.05,239.00,238.15,238.07,"1,28,484","3,05,88,678.83","4,820","1,10,681",86.14
BIRET,RR,12-Oct-2023,238.15,237.95,239.50,237.55,238.50,238.37,238.13,"2,18,602","5,20,55,372.44","3,645","2,02,727",92.74
BIRET,RR,13-Oct-2023,238.37,238.73,242.80,237.60,242.00,240.90,240.86,"82,312","1,98,25,802.18","4,978","61,826",75.11
BIRET,RR,16-Oct-2023,240.90,242.20,242.22,238.10,241.52,241.49,241.49,"2,66,991","6,44,75,297.11","9,785","2,55,647",95.75
BIRET,RR,17-Oct-2023,241.49,244.20,244.20,240.00,243.00,242.95,242.02,"1,96,966","4,76,70,325.17","7,748","1,71,401",87.02
BIRET,RR,18-Oct-2023,242.95,242.95,242.95,239.25,241.55,241.82,240.90,"1,80,044","4,33,72,697.25","17,311","1,51,883",84.36
BIRET,RR,19-Oct-2023,241.82,242.00,242.59,239.30,239.70,239.67,240.19,"44,347","1,06,51,799.75","1,469","38,931",87.79
BIRET,RR,20-Oct-2023,239.67,240.00,241.89,239.20,239.99,239.88,240.00,"46,420","1,11,40,676.83","2,976","35,840",77.21
BIRET,RR,23-Oct-2023,239.88,241.40,241.40,238.60,239.02,239.00,239.58,"60,484","1,44,90,519.20","1,499","50,225",83.04
BIRET,RR,25-Oct-2023,239.00,239.00,240.69,238.00,239.65,238.57,239.24,"53,061","1,26,94,304.24","2,450","43,708",82.37
BIRET,RR,26-Oct-2023,238.57,239.50,239.99,235.98,237.50,237.47,237.05,"86,783","2,05,72,018.92","3,458","74,184",85.48
BIRET,RR,27-Oct-2023,237.47,237.00,241.39,237.00,240.72,240.34,240.39,"43,672","1,04,98,474.31","1,355","35,310",80.85
BIRET,RR,30-Oct-2023,240.34,240.30,240.99,238.25,238.76,238.94,239.01,"64,680","1,54,59,087.02","1,626","56,863",87.91
BIRET,RR,31-Oct-2023,238.94,239.98,243.65,238.11,243.49,243.33,242.62,"96,938","2,35,19,147.77","2,667","78,939",81.43
BIRET,RR,01-Nov-2023,243.33,243.33,244.94,240.05,242.88,241.30,243.52,"1,54,390","3,75,97,000.46","3,090","1,24,612",80.71
BIRET,RR,02-Nov-2023,241.30,244.40,244.72,242.50,242.80,242.87,243.36,"2,19,547","5,34,29,038.62","1,434","2,09,775",95.55
BIRET,RR,03-Nov-2023,242.87,243.99,244.70,241.10,242.50,242.36,242.77,"1,16,184","2,82,06,333.59","2,293","99,813",85.91
BIRET,RR,06-Nov-2023,242.36,244.38,245.45,243.01,244.51,244.95,244.56,"58,718","1,43,59,821.24","1,681","47,978",81.71
BIRET,RR,07-Nov-2023,244.95,244.95,244.95,241.75,242.10,242.03,242.73,"1,30,629","3,17,08,150.28","2,207","1,16,193",88.95
BIRET,RR,08-Nov-2023,242.03,243.90,246.25,242.20,246.10,245.79,244.45,"1,59,831","3,90,70,847.97","4,106","1,39,484",87.27
BIRET,RR,09-Nov-2023,245.79,245.79,249.50,245.79,248.00,247.86,247.72,"80,690","1,99,88,747.48","1,879","71,822",89.01
BIRET,RR,10-Nov-2023,247.86,248.75,249.63,247.86,249.00,248.89,249.02,"94,265","2,34,73,716.68","2,001","83,622",88.71
BIRET,RR,12-Nov-2023,248.89,250.00,250.33,245.22,248.50,248.64,248.80,"34,818","86,62,840.89","1,151","27,497",78.97
BIRET,RR,13-Nov-2023,248.64,248.08,248.08,241.50,241.81,241.80,242.94,"3,62,063","8,79,60,577.11","4,218","3,49,877",96.63
BIRET,RR,15-Nov-2023,241.80,241.80,244.50,239.20,242.90,243.07,242.97,"2,09,563","5,09,17,765.39","4,552","1,84,644",88.11
BIRET,RR,16-Nov-2023,243.07,243.00,246.35,239.00,240.35,239.22,242.02,"1,73,183","4,19,13,675.25","3,901","1,42,863",82.49
BIRET,RR,17-Nov-2023,239.22,240.00,243.89,240.00,243.45,243.44,242.88,"1,22,185","2,96,76,388.54","2,992","98,828",80.88
BIRET,RR,20-Nov-2023,243.44,243.45,244.63,242.00,243.85,243.63,243.80,"1,33,261","3,24,88,747.15","2,811","1,05,950",79.51
BIRET,RR,21-Nov-2023,243.63,244.60,244.60,243.51,243.67,243.80,244.09,"86,045","2,10,02,991.32","2,491","69,266",80.50
BIRET,RR,22-Nov-2023,243.80,243.10,243.67,239.05,240.00,239.98,241.49,"2,24,942","5,43,21,567.69","4,626","2,17,324",96.61
BIRET,RR,23-Nov-2023,239.98,240.00,241.79,237.89,238.04,237.99,238.89,"1,64,014","3,91,81,402.74","3,921","1,53,319",93.48
BIRET,RR,24-Nov-2023,237.99,239.50,242.36,238.25,239.30,239.16,239.16,"43,526","1,04,09,745.96","1,971","32,443",74.54
BIRET,RR,28-Nov-2023,239.16,240.88,242.01,239.31,240.35,240.35,240.27,"91,224","2,19,18,037.02","3,025","76,485",83.84
BIRET,RR,29-Nov-2023,240.35,240.00,240.95,239.10,239.56,239.61,239.77,"96,523","2,31,43,588.39","4,985","83,974",87.00
BIRET,RR,30-Nov-2023,239.61,240.00,240.95,238.00,239.10,239.42,239.64,"1,90,675","4,56,93,431.25","6,703","1,73,717",91.11
BIRET,RR,01-Dec-2023,239.42,240.40,241.65,239.45,241.00,240.72,240.79,"84,117","2,02,54,502.32","5,177","74,459",88.52
BIRET,RR,04-Dec-2023,240.72,242.70,242.70,238.17,238.60,238.80,239.36,"2,78,820","6,67,38,130.00","10,974","2,48,113",88.99
BIRET,RR,05-Dec-2023,238.80,239.80,239.80,235.50,236.95,236.34,237.53,"3,17,415","7,53,94,489.16","11,201","2,82,095",88.87
BIRET,RR,06-Dec-2023,236.34,238.50,239.00,234.76,235.85,236.51,236.15,"3,56,526","8,41,95,140.03","9,626","3,26,426",91.56
BIRET,RR,07-Dec-2023,236.51,239.00,250.79,238.09,245.80,246.83,246.08,"10,58,927","26,05,82,893.37","11,619","9,43,086",89.06
BIRET,RR,08-Dec-2023,246.83,248.45,264.00,247.41,261.80,261.48,251.63,"24,72,564","62,21,67,942.14","16,355","23,54,135",95.21
BIRET,RR,11-Dec-2023,261.48,261.48,261.50,252.40,256.88,256.89,255.20,"2,33,558","5,96,03,428.63","7,208","2,00,391",85.80
BIRET,RR,12-Dec-2023,256.89,257.80,259.79,246.50,246.55,247.67,249.59,"4,92,019","12,28,03,400.57","11,312","4,37,977",89.02
BIRET,RR,13-Dec-2023,247.67,248.95,254.00,247.01,251.30,252.93,249.37,"5,10,900","12,74,04,401.67","5,626","4,75,803",93.13
BIRET,RR,14-Dec-2023,252.93,254.80,255.50,248.15,252.10,252.02,250.93,"12,08,771","30,33,12,750.01","20,729","11,43,572",94.61
BIRET,RR,15-Dec-2023,252.02,248.55,256.00,248.10,252.05,250.71,252.41,"3,29,349","8,31,29,899.01","3,522","2,78,975",84.70
BIRET,RR,18-Dec-2023,250.71,252.05,253.90,248.00,251.60,251.50,251.12,"9,24,137","23,20,68,002.49","7,165","8,78,285",95.04
BIRET,RR,19-Dec-2023,251.50,253.69,253.69,250.00,250.26,250.40,251.71,"5,57,320","14,02,82,069.49","4,030","5,27,702",94.69
BIRET,RR,20-Dec-2023,250.40,249.95,251.64,247.05,247.53,247.79,249.42,"3,18,209","7,93,69,097.32","3,611","2,93,429",92.21
BIRET,RR,21-Dec-2023,247.79,247.05,249.85,243.00,246.15,246.59,246.07,"1,88,206","4,63,12,149.49","4,343","1,21,846",64.74
BIRET,RR,22-Dec-2023,246.59,247.80,249.48,241.14,242.10,242.22,244.41,"3,78,645","9,25,46,349.62","5,124","3,31,498",87.55
BIRET,RR,26-Dec-2023,242.22,242.22,244.01,241.36,243.00,242.31,242.22,"1,89,440","4,58,85,230.97","2,709","1,72,751",91.19
BIRET,RR,27-Dec-2023,242.31,242.31,245.07,242.00,242.18,242.15,242.40,"1,62,449","3,93,77,526.07","2,135","1,42,097",87.47
BIRET,RR,28-Dec-2023,242.15,242.75,242.75,236.00,236.29,236.08,237.81,"10,68,370","25,40,67,612.90","12,290","9,91,481",92.80
BIRET,RR,29-Dec-2023,236.08,237.40,238.00,232.10,233.99,235.43,236.22,"12,88,464","30,43,62,091.81","23,262","10,93,900",84.90
BIRET,RR,01-Jan-2024,235.43,234.40,239.80,234.00,239.31,239.60,238.26,"96,245","2,29,31,119.87","1,506","81,051",84.21
BIRET,RR,02-Jan-2024,239.60,239.60,243.35,238.55,241.53,242.06,241.12,"1,30,752","3,15,26,919.42","1,463","93,508",71.52
BIRET,RR,03-Jan-2024,242.06,243.25,243.25,241.09,242.53,242.91,242.48,"68,736","1,66,67,128.37","1,635","59,253",86.20
BIRET,RR,04-Jan-2024,242.91,243.34,244.34,242.00,244.34,243.92,243.66,"67,611","1,64,73,900.53","1,436","59,718",88.33
BIRET,RR,05-Jan-2024,243.92,245.00,246.00,241.01,245.15,245.38,245.20,"1,17,531","2,88,18,932.60","1,688","97,203",82.70
BIRET,RR,08-Jan-2024,245.38,247.00,247.00,244.05,245.25,244.96,245.79,"72,638","1,78,53,766.64","1,554","56,142",77.29
BIRET,RR,09-Jan-2024,244.96,246.37,246.37,244.00,244.70,244.66,245.26,"50,538","1,23,94,833.25","1,713","45,974",90.97
BIRET,RR,10-Jan-2024,244.66,244.60,246.89,244.00,246.02,246.03,245.84,"1,14,747","2,82,09,198.58","2,408","1,02,006",88.90
BIRET,RR,11-Jan-2024,246.03,246.03,250.85,246.03,250.00,249.99,249.78,"4,62,958","11,56,37,426.36","3,479","4,40,526",95.15
BIRET,RR,12-Jan-2024,249.99,249.99,253.90,249.01,252.00,251.95,251.83,"2,36,506","5,95,60,075.08","3,338","2,03,202",85.92
BIRET,RR,15-Jan-2024,251.95,251.95,253.90,249.00,250.49,250.38,251.25,"1,39,929","3,51,56,506.80","2,147","1,12,288",80.25
BIRET,RR,16-Jan-2024,250.38,251.80,253.49,251.10,253.02,252.67,252.44,"8,77,979","22,16,40,986.67","1,892","8,61,760",98.15
BIRET,RR,17-Jan-2024,252.67,251.10,254.90,249.51,254.46,253.90,251.98,"4,14,572","10,44,62,395.60","5,329","3,59,803",86.79
BIRET,RR,18-Jan-2024,253.90,253.00,255.00,249.80,250.70,252.05,253.00,"6,12,330","15,49,21,922.44","4,249","5,33,908",87.19
BIRET,RR,19-Jan-2024,252.05,250.55,253.79,249.84,250.41,250.11,250.67,"1,64,302","4,11,85,868.85","2,160","1,48,217",90.21
BIRET,RR,20-Jan-2024,250.11,251.80,252.00,248.10,250.00,249.96,249.68,"74,190","1,85,23,404.55","1,206","61,983",83.55
BIRET,RR,23-Jan-2024,249.96,252.80,253.18,242.00,246.11,245.25,245.07,"12,68,495","31,08,68,763.00","5,543","12,14,395",95.74
BIRET,RR,24-Jan-2024,245.25,248.80,251.79,245.00,249.32,250.78,249.67,"4,36,424","10,89,62,287.92","2,962","4,16,607",95.46
BIRET,RR,25-Jan-2024,250.78,251.80,252.00,248.35,250.00,250.08,250.03,"4,28,553","10,71,51,737.79","1,938","4,14,620",96.75
BIRET,RR,29-Jan-2024,250.08,252.60,252.60,245.00,246.75,247.05,247.14,"1,10,176","2,72,28,479.38","1,948","77,893",70.70
BIRET,RR,30-Jan-2024,247.05,247.99,250.49,246.60,246.62,247.63,249.76,"7,90,446","19,74,21,792.40","1,862","7,67,765",97.13
BIRET,RR,31-Jan-2024,247.63,250.30,254.24,247.66,253.93,253.64,250.31,"7,64,030","19,12,46,094.07","2,872","7,38,755",96.69
BIRET,RR,01-Feb-2024,253.64,253.64,253.64,250.51,250.75,251.28,251.73,"43,793","1,10,24,130.13","1,977","37,586",85.83
BIRET,RR,02-Feb-2024,251.28,252.20,253.20,249.36,250.57,251.52,250.94,"1,23,550","3,10,03,658.58","2,209","1,10,268",89.25
BIRET,RR,05-Feb-2024,251.52,250.05,254.80,246.62,248.00,247.48,247.67,"21,45,739","53,14,30,777.32","2,109","21,13,220",98.48
BIRET,RR,06-Feb-2024,247.48,246.00,252.89,246.00,252.86,252.73,251.07,"2,84,201","7,13,53,871.98","2,242","2,66,065",93.62
BIRET,RR,07-Feb-2024,252.73,253.50,254.44,252.00,253.50,252.97,253.39,"94,460","2,39,35,103.73","1,709","86,030",91.08
BIRET,RR,08-Feb-2024,252.97,254.00,254.00,250.05,252.50,252.58,252.26,"58,351","1,47,19,600.71",722,"51,602",88.43
BIRET,RR,09-Feb-2024,252.58,252.58,254.40,252.00,253.10,253.08,253.08,"1,90,728","4,82,69,455.00","1,291","1,68,348",88.27
BIRET,RR,12-Feb-2024,253.08,250.10,253.98,250.01,252.00,252.34,252.26,"1,95,532","4,93,24,223.12","2,107","1,66,398",85.10
BIRET,RR,13-Feb-2024,252.34,253.80,255.49,250.18,253.60,253.50,253.70,"4,32,405","10,97,00,347.07","2,020","4,11,583",95.18
BIRET,RR,14-Feb-2024,253.50,255.40,255.50,250.00,255.25,255.01,253.80,"1,29,972","3,29,87,037.51","2,334","1,12,560",86.60
BIRET,RR,15-Feb-2024,255.01,252.55,255.50,252.55,254.96,254.97,254.63,"78,424","1,99,68,910.28","1,746","66,628",84.96
BIRET,RR,16-Feb-2024,254.97,255.85,256.45,252.54,256.41,255.22,254.40,"1,48,382","3,77,48,630.87","1,903","1,33,666",90.08
BIRET,RR,19-Feb-2024,255.22,257.40,257.40,255.22,255.53,255.82,256.39,"74,376","1,90,69,109.89","1,175","61,510",82.70
BIRET,RR,20-Feb-2024,255.82,253.53,254.50,251.25,253.00,253.75,253.19,"88,945","2,25,20,187.90","1,331","79,600",89.49
BIRET,RR,21-Feb-2024,253.75,254.00,254.00,250.00,252.47,252.07,252.19,"3,43,642","8,66,63,973.21","2,841","3,19,264",92.91
BIRET,RR,22-Feb-2024,252.07,252.00,252.81,251.60,252.48,251.85,252.22,"40,730","1,02,73,084.73",633,"39,127",96.06
BIRET,RR,23-Feb-2024,251.85,253.40,253.88,252.00,252.06,252.29,252.74,"43,825","1,10,76,444.32","1,140","38,787",88.50
BIRET,RR,26-Feb-2024,252.29,252.00,254.49,252.00,253.11,253.60,253.77,"79,734","2,02,34,144.76","1,156","75,756",95.01
BIRET,RR,27-Feb-2024,253.60,253.59,254.00,251.51,252.01,252.01,252.51,"78,717","1,98,76,748.85","2,245","69,016",87.68
BIRET,RR,28-Feb-2024,252.01,252.00,255.40,251.54,253.44,253.07,253.99,"1,37,361","3,48,87,994.49","1,297","1,25,862",91.63
BIRET,RR,29-Feb-2024,253.07,251.51,254.49,251.51,253.25,253.25,253.31,"12,63,541","32,00,72,315.18","1,399","12,52,819",99.15
BIRET,RR,01-Mar-2024,253.25,253.98,253.98,252.00,253.90,253.14,253.07,"1,46,956","3,71,90,240.25","2,013","1,42,539",96.99
BIRET,RR,02-Mar-2024,253.14,255.00,255.40,250.35,253.06,253.40,253.42,"5,975","15,14,187.33",192,"4,358",72.94
BIRET,RR,04-Mar-2024,253.40,253.99,255.00,253.25,254.00,254.07,254.30,"70,397","1,79,02,249.30","1,282","60,477",85.91
BIRET,RR,05-Mar-2024,254.07,254.89,254.89,252.50,253.49,253.38,253.17,"61,241","1,55,04,647.02","1,383","56,627",92.47
BIRET,RR,06-Mar-2024,253.38,254.50,255.55,251.95,252.80,252.51,253.12,"1,00,317","2,53,92,726.84","2,194","88,396",88.12
BIRET,RR,07-Mar-2024,252.51,253.95,254.50,251.00,251.96,251.82,252.60,"1,54,005","3,89,02,115.74","4,168","1,46,140",94.89
BIRET,RR,11-Mar-2024,251.82,253.95,254.00,251.10,251.99,251.78,253.27,"1,37,012","3,47,00,941.85","1,751","1,13,703",82.99
BIRET,RR,12-Mar-2024,251.78,253.00,253.00,250.10,250.10,250.54,251.35,"70,741","1,77,80,949.51","1,711","65,700",92.87
BIRET,RR,13-Mar-2024,250.54,251.20,252.00,241.10,244.00,244.18,245.91,"1,93,263","4,75,24,570.89","2,589","1,79,528",92.89
BIRET,RR,14-Mar-2024,244.18,244.50,247.44,242.10,243.90,243.87,243.78,"2,69,280","6,56,45,011.17","1,990","2,54,240",94.41
BIRET,RR,15-Mar-2024,243.87,244.45,248.45,242.99,247.50,245.25,245.81,"1,22,923","3,02,15,216.59","2,189","1,01,616",82.67
BIRET,RR,18-Mar-2024,245.25,247.00,250.00,245.01,248.01,248.45,247.77,"2,03,864","5,05,11,579.61","2,361","1,69,964",83.37
BIRET,RR,19-Mar-2024,248.45,251.40,251.85,247.21,250.15,250.12,250.11,"9,11,156","22,78,90,472.46","4,626","6,86,361",75.33
BIRET,RR,20-Mar-2024,250.12,250.50,251.25,247.00,251.25,250.34,250.06,"12,01,887","30,05,45,977.95","5,442","7,45,911",62.06
BIRET,RR,21-Mar-2024,250.34,251.00,254.48,250.05,252.00,251.84,251.88,"24,68,356","62,17,38,526.66","2,426","23,02,732",93.29
BIRET,RR,22-Mar-2024,251.84,250.00,253.79,249.50,251.00,252.08,251.77,"3,89,948","9,81,76,929.92","1,725","3,68,783",94.57
BIRET,RR,26-Mar-2024,252.08,252.05,252.05,249.20,250.15,249.82,250.26,"2,88,117","7,21,05,018.90","2,393","2,66,852",92.62
BIRET,RR,27-Mar-2024,249.82,251.00,251.49,249.51,250.50,250.56,250.19,"8,97,724","22,45,97,111.14","2,719","8,52,936",95.01
BIRET,RR,28-Mar-2024,250.56,250.56,255.40,248.60,253.25,254.70,252.78,"3,36,849","8,51,47,265.74","3,329","2,94,609",87.46
BIRET,RR,01-Apr-2024,254.70,254.80,260.62,252.50,259.55,259.97,258.03,"1,62,186","4,18,49,620.60","2,812","1,24,051",76.49
BIRET,RR,02-Apr-2024,259.97,260.60,264.30,254.25,262.00,261.97,262.06,"1,65,789","4,34,46,174.15","4,748","1,37,131",82.71
BIRET,RR,03-Apr-2024,261.97,263.89,263.89,260.01,262.00,261.99,262.08,"2,03,706","5,33,87,260.60","2,584","1,95,983",96.21
BIRET,RR,04-Apr-2024,261.99,263.50,263.58,260.00,262.00,261.98,261.85,"2,26,620","5,93,40,331.62","5,568","2,02,197",89.22
BIRET,RR,05-Apr-2024,261.98,261.75,262.50,260.00,260.51,260.99,260.99,"2,11,232","5,51,30,247.75","3,358","2,01,332",95.31
BIRET,RR,08-Apr-2024,260.99,261.00,261.99,257.50,259.00,258.95,259.75,"1,50,895","3,91,94,243.97","8,853","1,33,501",88.47
BIRET,RR,09-Apr-2024,258.95,259.72,260.50,256.00,257.68,257.83,258.44,"54,948","1,42,00,590.20","4,256","41,791",76.06
BIRET,RR,10-Apr-2024,257.83,259.00,259.99,256.50,258.25,258.15,257.40,"77,708","2,00,01,780.15","2,408","64,975",83.61
BIRET,RR,12-Apr-2024,258.15,258.15,258.15,255.20,257.00,256.08,256.14,"1,24,581","3,19,09,573.89","2,709","1,15,834",92.98
BIRET,RR,15-Apr-2024,256.08,255.10,256.08,253.00,253.15,254.62,254.44,"1,19,112","3,03,06,473.88","2,759","1,01,032",84.82
BIRET,RR,16-Apr-2024,254.62,254.00,254.18,252.20,253.40,252.74,253.08,"80,658","2,04,12,531.40","2,951","68,702",85.18
BIRET,RR,18-Apr-2024,252.74,252.74,255.50,252.00,254.69,254.81,254.15,"2,52,973","6,42,91,866.89","5,117","2,21,989",87.75
BIRET,RR,19-Apr-2024,254.81,254.00,262.95,253.11,255.00,255.11,256.77,"2,13,496","5,48,18,918.76","2,613","1,77,982",83.37
BIRET,RR,22-Apr-2024,255.11,256.90,256.95,253.15,254.57,254.92,254.82,"1,31,520","3,35,14,425.01","1,960","1,21,867",92.66
BIRET,RR,23-Apr-2024,254.92,254.99,255.37,253.50,253.95,254.06,254.35,"80,656","2,05,14,715.68","1,881","73,050",90.57
BIRET,RR,24-Apr-2024,254.06,255.00,256.00,254.00,254.50,254.28,254.87,"1,04,064","2,65,23,039.23","1,109","99,390",95.51
BIRET,RR,25-Apr-2024,254.28,254.80,255.00,253.10,254.26,254.03,254.73,"2,31,210","5,88,95,094.13","1,407","2,18,709",94.59
BIRET,RR,26-Apr-2024,254.03,256.30,256.30,253.84,254.50,254.46,254.36,"98,493","2,50,53,156.97","1,418","91,978",93.39
BIRET,RR,29-Apr-2024,254.46,255.99,255.99,252.75,252.80,252.96,253.11,"1,71,144","4,33,18,138.45","1,806","1,68,672",98.56
BIRET,RR,30-Apr-2024,252.96,252.51,254.00,252.00,252.56,252.80,252.73,"90,747","2,29,34,677.82","1,491","84,475",93.09
BIRET,RR,02-May-2024,252.80,252.80,254.68,252.15,252.35,252.51,252.59,"63,021","1,59,18,545.43","1,862","55,384",87.88
BIRET,RR,03-May-2024,252.51,254.70,255.00,253.00,254.40,254.49,254.11,"44,012","1,11,84,004.29","1,224","36,815",83.65
BIRET,RR,06-May-2024,254.49,255.75,255.75,250.00,253.45,250.92,253.55,"2,62,068","6,64,46,590.67","1,553","2,37,862",90.76
BIRET,RR,07-May-2024,250.92,253.60,254.00,248.20,253.26,253.29,252.70,"50,016","1,26,39,056.72",821,"43,471",86.91
BIRET,RR,08-May-2024,253.29,254.90,254.90,252.02,252.51,252.91,253.43,"59,032","1,49,60,770.12","1,338","51,496",87.23
BIRET,RR,09-May-2024,252.91,253.85,254.00,252.18,252.21,252.79,253.36,"60,516","1,53,32,051.60","1,280","52,483",86.73
BIRET,RR,10-May-2024,252.79,253.89,254.00,250.50,253.00,253.29,252.39,"51,914","1,31,02,721.19","1,321","44,208",85.16
BIRET,RR,13-May-2024,253.29,251.25,253.50,251.25,252.16,252.99,252.37,"59,778","1,50,86,111.36","1,835","48,513",81.16
BIRET,RR,14-May-2024,252.99,253.55,254.00,251.51,254.00,253.95,253.43,"53,503","1,35,59,035.52","1,124","48,199",90.09
BIRET,RR,15-May-2024,253.95,254.90,256.00,253.31,255.03,255.84,254.87,"41,532","1,05,85,190.29",895,"36,416",87.68
BIRET,RR,16-May-2024,255.84,255.84,258.65,255.01,257.55,257.68,257.33,"79,616","2,04,87,607.51","1,305","70,981",89.15
BIRET,RR,17-May-2024,257.68,258.39,260.85,255.00,257.89,257.73,258.54,"3,86,900","10,00,31,058.62","2,689","3,60,432",93.16
BIRET,RR,18-May-2024,257.73,256.10,259.97,256.10,257.50,257.13,257.68,"28,198","72,65,924.97",238,"26,150",92.74
BIRET,RR,21-May-2024,257.13,257.00,260.75,255.10,258.47,258.49,258.48,"1,67,403","4,32,71,025.53","2,298","1,59,100",95.04
BIRET,RR,22-May-2024,258.49,258.49,259.80,252.90,259.38,258.38,258.16,"2,69,301","6,95,23,769.01","2,621","2,46,916",91.69
BIRET,RR,23-May-2024,258.38,258.00,259.72,258.00,258.75,258.68,258.65,"2,45,898","6,36,00,561.46","3,630","2,33,278",94.87
BIRET,RR,24-May-2024,258.68,256.30,261.85,253.20,260.20,260.79,258.58,"1,78,003","4,60,28,356.22","3,299","1,55,009",87.08
BIRET,RR,27-May-2024,260.79,261.00,261.00,257.35,258.00,258.52,258.94,"3,53,022","9,14,10,891.99","2,571","3,21,516",91.08
BIRET,RR,28-May-2024,258.52,258.52,259.51,257.00,258.50,258.99,258.91,"2,77,790","7,19,22,637.12","3,973","2,70,292",97.30
BIRET,RR,29-May-2024,258.99,259.99,260.01,257.00,258.70,259.01,259.48,"2,63,069","6,82,62,308.81","1,696","2,40,628",91.47
BIRET,RR,30-May-2024,259.01,259.05,260.90,258.00,259.49,259.94,259.94,"1,69,554","4,40,73,743.24","1,638","1,53,293",90.41
BIRET,RR,31-May-2024,259.94,259.94,262.85,258.00,260.00,260.32,260.12,"2,75,282","7,16,05,532.86","4,505","2,62,159",95.23
BIRET,RR,03-Jun-2024,260.32,261.94,269.00,259.00,259.50,259.73,261.04,"1,88,265","4,91,43,802.48","4,890","1,67,976",89.22
BIRET,RR,04-Jun-2024,259.73,260.00,260.00,251.85,252.00,253.65,254.29,"5,63,783","14,33,67,119.20","4,083","5,16,653",91.64
BIRET,RR,05-Jun-2024,253.65,255.90,257.80,252.00,253.75,254.24,253.42,"2,13,242","5,40,39,264.92","1,508","2,03,418",95.39
BIRET,RR,06-Jun-2024,254.24,256.88,260.50,251.00,258.00,258.99,258.41,"1,04,899","2,71,06,454.08","2,089","91,333",87.07
BIRET,RR,07-Jun-2024,258.99,257.80,260.50,256.00,260.50,259.10,259.30,"1,12,953","2,92,88,845.44","2,082","99,131",87.76
BIRET,RR,10-Jun-2024,259.10,260.50,260.99,256.50,258.65,258.57,258.91,"54,055","1,39,95,242.62","2,266","43,285",80.08
BIRET,RR,11-Jun-2024,258.57,261.00,261.00,257.01,260.10,260.25,259.78,"67,810","1,76,15,406.26","1,166","60,669",89.47
BIRET,RR,12-Jun-2024,260.25,260.01,263.25,259.51,261.54,261.60,261.17,"48,059","1,25,51,604.24","1,974","40,303",83.86
BIRET,RR,13-Jun-2024,261.60,263.90,269.95,260.56,266.53,266.90,267.24,"4,67,632","12,49,72,085.12","4,140","4,34,739",92.97
BIRET,RR,14-Jun-2024,266.90,266.90,267.99,265.00,265.46,265.83,266.80,"66,965","1,78,66,265.92","1,132","62,226",92.92
BIRET,RR,18-Jun-2024,265.83,265.00,269.80,262.00,266.26,268.27,266.47,"1,08,049","2,87,91,656.04","2,747","92,433",85.55
BIRET,RR,19-Jun-2024,268.27,269.50,270.59,265.55,267.01,268.06,268.08,"85,266","2,28,58,079.17","2,059","70,168",82.29
BIRET,RR,20-Jun-2024,268.06,268.06,268.06,265.20,267.15,267.41,267.33,"61,362","1,64,04,135.84","1,169","57,976",94.48
BIRET,RR,21-Jun-2024,267.41,265.30,270.00,264.99,268.29,266.82,267.17,"80,841","2,15,98,075.94","1,287","67,627",83.65
BIRET,RR,24-Jun-2024,266.82,264.50,268.50,262.00,263.00,263.09,263.88,"2,58,398","6,81,86,267.10","2,200","2,51,293",97.25
BIRET,RR,25-Jun-2024,263.09,263.95,268.90,262.09,267.50,266.43,266.61,"3,00,117","8,00,14,724.00","1,326","2,80,996",93.63
BIRET,RR,26-Jun-2024,266.43,268.65,268.65,263.00,263.15,263.77,266.97,"3,16,848","8,45,89,899.96","2,059","2,50,014",78.91
BIRET,RR,27-Jun-2024,263.77,264.00,266.25,262.10,262.98,263.04,264.82,"99,690","2,63,99,516.38",930,"91,571",91.86
BIRET,RR,28-Jun-2024,263.04,263.04,267.87,263.04,265.98,265.01,265.68,"1,88,156","4,99,89,582.29","2,724","1,33,222",70.80
BIRET,RR,01-Jul-2024,265.01,264.98,268.00,264.98,268.00,267.43,266.91,"1,75,946","4,69,61,588.35","1,705","1,54,419",87.76
BIRET,RR,02-Jul-2024,267.43,266.00,267.39,265.00,265.36,266.09,266.18,"1,26,745","3,37,37,423.02","1,424","1,18,835",93.76
BIRET,RR,03-Jul-2024,266.09,267.40,271.00,265.15,268.90,269.49,268.05,"3,16,261","8,47,73,291.81","1,783","3,03,313",95.91
BIRET,RR,04-Jul-2024,269.49,270.95,271.00,265.50,269.25,268.75,269.39,"1,27,409","3,43,22,442.60","1,337","1,14,388",89.78
BIRET,RR,05-Jul-2024,268.75,270.90,270.90,265.00,267.25,267.62,267.59,"1,48,543","3,97,48,931.88","1,518","1,33,647",89.97
BIRET,RR,08-Jul-2024,267.62,268.50,269.00,264.74,266.95,266.85,265.47,"1,09,079","2,89,57,078.69","1,123","98,007",89.85
BIRET,RR,09-Jul-2024,266.85,265.16,268.50,265.16,266.99,267.00,267.28,"96,093","2,56,83,346.63",962,"89,478",93.12
BIRET,RR,10-Jul-2024,267.00,268.00,269.00,266.70,266.70,267.28,267.59,"1,44,813","3,87,51,025.93","1,522","1,30,246",89.94
BIRET,RR,11-Jul-2024,267.28,268.00,269.40,265.50,265.61,266.54,267.95,"2,32,432","6,22,79,360.61","1,283","2,20,420",94.83
BIRET,RR,12-Jul-2024,266.54,267.43,269.80,265.20,266.88,267.42,267.79,"2,09,548","5,61,15,191.90","1,378","1,87,756",89.60
BIRET,RR,15-Jul-2024,267.42,266.20,268.50,264.10,266.06,266.87,266.88,"2,74,481","7,32,52,987.96","2,382","2,47,262",90.08
BIRET,RR,16-Jul-2024,266.87,266.00,268.04,264.05,268.04,267.13,266.55,"1,50,753","4,01,82,660.32","3,063","1,25,664",83.36
BIRET,RR,18-Jul-2024,267.13,267.15,271.05,265.20,270.00,270.65,267.35,"4,23,649","11,32,61,573.38","2,544","4,03,179",95.17
BIRET,RR,19-Jul-2024,270.65,270.00,275.06,266.99,269.00,270.08,269.25,"5,75,603","15,49,79,802.02","3,898","5,03,642",87.50
BIRET,RR,22-Jul-2024,270.08,270.50,271.70,259.51,260.00,262.38,267.61,"5,34,583","14,30,57,867.53","4,056","5,08,577",95.14
BIRET,RR,23-Jul-2024,262.38,262.40,264.75,260.33,263.31,263.49,263.33,"1,71,521","4,51,66,075.70","2,489","1,54,007",89.79
BIRET,RR,24-Jul-2024,263.49,266.80,269.26,264.99,267.90,267.50,267.41,"1,13,689","3,04,01,095.78","1,644","96,783",85.13
BIRET,RR,25-Jul-2024,267.50,268.76,270.20,267.26,268.26,269.91,269.53,"4,14,602","11,17,47,182.34","2,089","4,02,666",97.12
BIRET,RR,26-Jul-2024,269.91,270.00,270.99,269.00,270.50,270.00,269.99,"2,12,846","5,74,67,101.28","1,414","2,08,867",98.13
BIRET,RR,29-Jul-2024,270.00,270.00,271.80,267.55,269.10,269.85,269.76,"93,707","2,52,78,584.53","2,000","78,048",83.29
BIRET,RR,30-Jul-2024,269.85,269.00,271.80,268.01,270.00,269.62,269.96,"2,24,753","6,06,75,384.68","1,087","2,04,639",91.05
BIRET,RR,31-Jul-2024,269.62,271.45,271.45,267.11,268.95,268.44,268.50,"1,25,626","3,37,30,954.34","3,328","1,11,731",88.94
BIRET,RR,01-Aug-2024,268.44,268.44,270.50,267.15,269.98,269.96,269.84,"1,70,081","4,58,95,482.87","1,895","1,57,136",92.39
BIRET,RR,02-Aug-2024,269.96,270.00,272.00,268.15,271.00,271.44,270.56,"1,07,053","2,89,64,437.23","2,105","87,452",81.69
BIRET,RR,05-Aug-2024,271.44,271.90,271.90,265.50,269.00,269.08,268.52,"97,622","2,62,13,181.96","3,898","77,522",79.41
BIRET,RR,06-Aug-2024,269.08,268.10,271.00,266.00,268.01,268.22,268.88,"67,043","1,80,26,728.90","1,651","58,548",87.33
BIRET,RR,07-Aug-2024,268.22,270.00,270.00,267.57,269.00,268.97,268.94,"87,049","2,34,11,011.71",918,"84,461",97.03
BIRET,RR,08-Aug-2024,268.97,269.80,270.00,268.26,268.65,269.07,269.28,"1,72,604","4,64,78,924.73","1,513","1,62,310",94.04
BIRET,RR,09-Aug-2024,269.07,271.00,271.00,268.45,270.00,269.64,269.88,"3,90,438","10,53,72,552.87","3,581","3,65,871",93.71
BIRET,RR,12-Aug-2024,269.64,268.10,270.90,268.00,270.00,269.99,269.27,"1,51,493","4,07,91,979.61","2,204","1,33,992",88.45
BIRET,RR,13-Aug-2024,269.99,271.00,272.00,268.51,269.92,269.97,269.81,"2,46,755","6,65,76,174.33","2,118","2,33,202",94.51
BIRET,RR,14-Aug-2024,269.97,267.10,270.00,265.81,269.40,269.23,268.87,"1,08,391","2,91,43,386.87","2,161","91,345",84.27
BIRET,RR,16-Aug-2024,269.23,269.70,269.70,265.90,267.70,267.74,268.39,"1,38,656","3,72,14,350.31","2,121","1,22,253",88.17
BIRET,RR,19-Aug-2024,267.74,267.00,268.88,265.20,268.00,267.99,267.86,"1,13,795","3,04,80,614.55","1,633","1,02,822",90.36
BIRET,RR,20-Aug-2024,267.99,269.00,269.44,265.25,265.95,265.90,267.47,"1,89,630","5,07,21,025.87","1,929","1,74,210",91.87
BIRET,RR,21-Aug-2024,265.90,265.90,268.99,265.90,266.90,267.28,268.03,"7,94,149","21,28,52,155.61","1,775","7,84,546",98.79
BIRET,RR,22-Aug-2024,267.28,268.70,269.85,261.28,266.50,266.49,267.20,"2,06,253","5,51,11,338.23","3,581","1,80,859",87.69
BIRET,RR,23-Aug-2024,266.49,268.25,268.44,266.01,267.55,267.93,267.98,"3,67,592","9,85,07,888.32","1,740","3,58,913",97.64
BIRET,RR,26-Aug-2024,267.93,268.90,268.90,263.00,266.70,266.82,266.79,"3,96,400","10,57,56,195.05","2,519","3,72,979",94.09
BIRET,RR,27-Aug-2024,266.82,266.80,268.05,266.50,266.68,267.83,267.70,"4,49,349","12,02,89,137.95","2,451","4,41,844",98.33
BIRET,RR,28-Aug-2024,267.83,268.80,268.80,265.10,268.00,267.98,267.87,"2,73,672","7,33,07,848.78","2,454","2,60,552",95.21
BIRET,RR,29-Aug-2024,267.98,267.98,268.80,265.51,268.00,267.46,267.85,"1,93,704","5,18,82,888.18","1,280","1,82,447",94.19
BIRET,RR,30-Aug-2024,267.46,268.32,270.00,265.05,266.65,266.16,267.42,"2,74,583","7,34,29,089.06","4,177","2,49,815",90.98
BIRET,RR,02-Sep-2024,266.16,266.03,267.88,263.05,265.01,265.55,266.20,"1,41,768","3,77,37,970.98","1,989","1,19,803",84.51
BIRET,RR,03-Sep-2024,265.55,267.28,267.94,265.01,266.05,265.90,266.95,"1,68,076","4,48,68,216.05","2,664","1,56,937",93.37
BIRET,RR,04-Sep-2024,265.90,267.90,271.00,265.20,269.05,270.02,268.35,"4,98,105","13,36,66,591.66","3,134","4,83,208",97.01
BIRET,RR,05-Sep-2024,270.02,269.97,270.00,267.02,267.52,269.10,269.60,"1,72,570","4,65,25,332.65","2,323","1,53,439",88.91
BIRET,RR,06-Sep-2024,269.10,268.00,269.98,267.06,268.47,268.03,268.04,"2,69,455","7,22,24,991.83","1,818","2,52,512",93.71
BIRET,RR,09-Sep-2024,268.03,268.88,271.90,267.00,269.95,269.76,269.28,"1,63,237","4,39,57,264.79","4,928","1,39,847",85.67
BIRET,RR,10-Sep-2024,269.76,269.76,274.50,267.50,273.05,273.38,272.37,"2,09,542","5,70,73,783.54","3,592","1,80,489",86.13
BIRET,RR,11-Sep-2024,273.38,274.60,275.00,272.00,274.50,274.31,274.43,"2,45,347","6,73,30,624.05","2,792","2,16,658",88.31
BIRET,RR,12-Sep-2024,274.31,275.25,280.00,275.00,279.96,279.70,277.64,"3,10,567","8,62,27,211.50","4,678","2,82,196",90.86
BIRET,RR,13-Sep-2024,279.70,280.00,282.00,279.00,281.50,281.86,280.80,"1,85,641","5,21,28,118.81","4,262","1,67,233",90.08
BIRET,RR,16-Sep-2024,281.86,281.00,282.00,278.00,280.32,281.05,280.95,"96,216","2,70,31,544.13","1,705","84,402",87.72
BIRET,RR,17-Sep-2024,281.05,282.80,285.00,281.00,284.00,283.84,283.69,"2,31,099","6,55,60,766.24","4,257","2,15,661",93.32
BIRET,RR,18-Sep-2024,283.84,284.00,284.00,279.20,281.00,281.15,281.88,"1,52,583","4,30,09,627.35","6,028","1,34,083",87.88
BIRET,RR,19-Sep-2024,281.15,282.00,283.01,279.00,283.00,282.99,282.12,"2,61,525","7,37,80,449.75","3,953","2,25,801",86.34
BIRET,RR,20-Sep-2024,282.99,283.00,283.95,275.26,277.60,281.10,282.06,"3,33,669","9,41,14,293.84","3,626","3,18,777",95.54
BIRET,RR,23-Sep-2024,281.10,279.05,282.50,277.60,279.77,281.36,280.45,"2,36,086","6,62,10,849.83","6,479","2,16,639",91.76
BIRET,RR,24-Sep-2024,281.36,280.50,282.00,276.90,281.30,281.51,278.75,"1,70,539","4,75,37,489.47","3,795","1,42,857",83.77
BIRET,RR,25-Sep-2024,281.51,285.00,285.00,281.00,282.45,282.78,282.29,"3,54,616","10,01,04,176.44","8,113","3,27,270",92.29
BIRET,RR,26-Sep-2024,282.78,282.78,284.50,281.75,282.90,282.83,283.35,"1,51,297","4,28,70,172.26","5,618","1,37,271",90.73
BIRET,RR,27-Sep-2024,282.83,282.95,285.00,281.75,284.90,283.98,284.00,"2,07,830","5,90,22,957.31","8,916","1,75,570",84.48
BIRET,RR,30-Sep-2024,283.98,284.98,286.50,281.05,284.38,285.16,285.11,"1,67,483","4,77,51,685.78","1,726","1,47,417",88.02
BIRET,RR,01-Oct-2024,285.16,285.16,287.50,282.00,286.55,286.88,286.55,"2,11,782","6,06,85,227.27","2,431","1,90,729",90.06
BIRET,RR,03-Oct-2024,286.88,287.90,290.50,285.00,285.50,285.37,288.46,"2,11,786","6,10,92,529.33","3,033","1,73,215",81.79
BIRET,RR,04-Oct-2024,285.37,285.37,290.35,285.37,287.10,286.85,288.94,"1,57,316","4,54,54,118.41","2,780","1,36,181",86.57
BIRET,RR,07-Oct-2024,286.85,289.40,290.05,285.00,286.00,285.69,287.98,"2,85,610","8,22,49,801.91","4,376","2,60,738",91.29
BIRET,RR,08-Oct-2024,285.69,286.00,290.60,285.00,288.40,288.81,289.43,"2,34,579","6,78,94,359.66","2,732","2,05,252",87.50
BIRET,RR,09-Oct-2024,288.81,287.20,291.50,287.15,289.30,288.91,290.24,"2,53,961","7,37,10,342.53","4,213","2,12,913",83.84
BIRET,RR,10-Oct-2024,288.91,290.00,292.90,288.58,289.00,289.40,290.91,"2,09,822","6,10,38,419.11","2,836","1,87,399",89.31
BIRET,RR,11-Oct-2024,289.40,289.50,292.90,288.90,292.00,291.99,292.00,"3,53,990","10,33,64,096.37","3,902","3,14,139",88.74
BIRET,RR,14-Oct-2024,291.99,292.90,293.15,289.50,290.40,292.08,292.29,"1,79,160","5,23,66,441.76","2,934","1,53,074",85.44
BIRET,RR,15-Oct-2024,292.08,290.00,293.85,290.00,292.25,292.97,293.09,"3,52,683","10,33,68,749.26","12,576","3,30,699",93.77
BIRET,RR,16-Oct-2024,292.97,293.60,293.60,291.00,292.00,292.08,292.31,"3,60,622","10,54,12,863.46","2,800","3,53,140",97.93
BIRET,RR,17-Oct-2024,292.08,292.00,293.01,290.05,291.50,292.71,292.34,"96,848","2,83,12,223.61","1,153","90,560",93.51
BIRET,RR,18-Oct-2024,292.71,292.99,293.90,287.22,291.56,291.75,292.23,"1,16,294","3,39,85,091.96","2,004","98,226",84.46
BIRET,RR,21-Oct-2024,291.75,291.75,293.08,290.00,293.00,292.97,292.93,"4,73,958","13,88,34,970.37","1,523","4,59,765",97.01
BIRET,RR,22-Oct-2024,292.97,290.50,294.11,288.11,293.90,293.30,293.02,"3,76,190","11,02,31,256.40","1,951","3,60,100",95.72
BIRET,RR,23-Oct-2024,293.30,294.90,299.95,287.65,294.35,295.91,295.57,"4,55,084","13,45,10,055.71","7,562","3,68,416",80.96
BIRET,RR,24-Oct-2024,295.91,294.01,297.00,292.00,293.50,293.75,295.71,"1,88,927","5,58,66,851.51","2,642","1,79,304",94.91
BIRET,RR,25-Oct-2024,293.75,294.00,295.00,289.10,292.00,292.25,294.07,"4,01,718","11,81,33,750.31","1,885","3,87,333",96.42
BIRET,RR,28-Oct-2024,292.25,294.90,297.95,290.90,292.30,291.89,296.64,"2,60,303","7,72,15,743.95","1,829","2,44,698",94.01
BIRET,RR,29-Oct-2024,291.89,294.00,299.94,289.01,298.32,297.92,294.20,"1,78,383","5,24,81,147.75","5,075","1,32,048",74.02
BIRET,RR,30-Oct-2024,297.92,298.80,299.00,293.00,297.00,296.97,298.26,"2,70,043","8,05,42,167.02","4,033","2,56,046",94.82
BIRET,RR,31-Oct-2024,296.97,297.00,297.00,289.71,291.96,292.78,293.95,"2,85,221","8,38,41,819.00","4,441","2,48,916",87.27
BIRET,RR,01-Nov-2024,292.78,294.80,298.95,293.50,296.80,296.72,296.25,"15,388","45,58,736.08",813,"12,068",78.42
BIRET,RR,04-Nov-2024,296.72,296.10,296.72,292.00,293.90,293.85,294.19,"2,15,841","6,34,99,341.49","4,159","2,02,280",93.72
BIRET,RR,05-Nov-2024,293.85,294.95,295.90,290.20,294.00,294.90,294.43,"3,79,613","11,17,69,667.59","3,675","3,61,741",95.29
BIRET,RR,06-Nov-2024,294.90,295.89,296.30,291.50,292.20,292.22,293.46,"4,48,332","13,15,69,674.62","2,141","4,36,995",97.47
BIRET,RR,07-Nov-2024,292.22,293.80,294.95,291.70,294.00,294.02,293.54,"1,59,904","4,69,37,481.26","2,373","1,54,014",96.32
BIRET,RR,08-Nov-2024,294.02,294.29,294.70,281.25,282.61,283.21,288.74,"3,97,964","11,49,07,558.20","4,427","3,80,037",95.50
BIRET,RR,11-Nov-2024,283.21,282.99,290.00,276.25,287.90,287.14,286.58,"2,66,877","7,64,82,168.32","6,813","2,14,692",80.45
BIRET,RR,12-Nov-2024,287.14,286.40,291.00,286.40,290.00,290.68,290.16,"3,29,655","9,56,54,006.66","2,522","3,11,118",94.38
BIRET,RR,13-Nov-2024,290.68,290.00,290.70,282.29,283.40,284.05,289.39,"3,22,018","9,31,88,757.40","3,424","2,94,748",91.53
BIRET,RR,14-Nov-2024,284.05,287.98,291.50,277.70,286.25,287.00,287.99,"3,20,029","9,21,63,749.72","3,653","2,83,637",88.63
BIRET,RR,18-Nov-2024,287.00,287.00,288.50,282.00,284.00,284.70,286.96,"2,22,933","6,39,73,546.82","3,807","2,00,210",89.81
BIRET,RR,19-Nov-2024,284.70,284.70,285.30,282.00,282.15,282.70,284.14,"2,35,249","6,68,42,822.08","3,992","2,04,690",87.01
BIRET,RR,21-Nov-2024,282.70,283.70,283.85,277.31,279.15,279.58,281.05,"2,00,042","5,62,22,266.24","4,214","1,71,196",85.58
BIRET,RR,22-Nov-2024,279.58,281.73,285.00,271.00,274.98,273.83,281.90,"4,80,450","13,54,39,720.02","5,003","4,09,338",85.20
BIRET,RR,25-Nov-2024,273.83,274.49,297.00,274.20,296.30,294.34,289.13,"24,90,726","72,01,41,257.93","12,575","23,52,891",94.47
BIRET,RR,26-Nov-2024,294.34,295.80,295.80,289.32,291.95,291.99,292.48,"2,94,011","8,59,93,774.45","5,520","2,65,615",90.34
BIRET,RR,27-Nov-2024,291.99,291.99,292.00,284.00,288.00,286.10,290.40,"1,47,825","4,29,28,733.27","4,495","1,37,821",93.23
BIRET,RR,28-Nov-2024,286.10,288.85,290.30,285.80,288.00,288.52,288.37,"2,76,204","7,96,49,226.42","6,431","2,60,948",94.48
BIRET,RR,29-Nov-2024,288.52,286.20,290.80,286.20,290.80,289.06,287.53,"1,67,254","4,80,90,042.85","4,931","1,59,605",95.43
BIRET,RR,02-Dec-2024,289.06,289.06,289.80,287.01,288.20,288.91,288.29,"83,356","2,40,31,086.28","4,419","70,068",84.06
BIRET,RR,03-Dec-2024,288.91,288.91,289.60,282.26,284.00,283.93,285.64,"84,566","2,41,55,289.32","2,438","75,408",89.17
BIRET,RR,04-Dec-2024,283.93,283.93,287.00,277.90,280.00,281.23,284.11,"7,44,748","21,15,91,818.65","5,706","7,04,423",94.59
BIRET,RR,05-Dec-2024,281.23,283.00,286.00,276.90,284.45,280.84,283.02,"3,30,388","9,35,06,826.16","6,362","2,91,273",88.16
BIRET,RR,06-Dec-2024,280.84,281.01,287.00,281.01,286.70,286.90,285.80,"1,03,799","2,96,65,697.15","3,871","76,755",73.95
BIRET,RR,09-Dec-2024,286.90,287.80,293.00,284.10,290.49,291.70,289.34,"1,91,220","5,53,26,837.90","4,314","1,73,730",90.85
BIRET,RR,10-Dec-2024,291.70,293.00,293.00,285.76,287.68,287.95,289.06,"76,105","2,19,99,180.83","3,457","63,929",84.00
BIRET,RR,11-Dec-2024,287.95,287.00,287.20,274.90,276.00,276.43,279.81,"4,23,950","11,86,23,495.35","14,157","3,52,141",83.06
BIRET,RR,12-Dec-2024,276.43,277.80,286.90,277.50,283.00,284.62,284.11,"2,00,655","5,70,08,353.37","5,591","1,73,607",86.52
BIRET,RR,13-Dec-2024,284.62,283.50,286.00,281.04,282.62,284.38,284.25,"67,737","1,92,54,392.16","3,797","51,598",76.17
BIRET,RR,16-Dec-2024,284.38,283.00,283.00,277.97,278.47,278.18,278.88,"4,89,226","13,64,35,089.53","13,161","4,63,715",94.79
BIRET,RR,17-Dec-2024,278.18,279.00,279.50,275.00,276.97,276.64,275.49,"3,14,332","8,65,93,924.99","15,579","2,83,603",90.22
BIRET,RR,18-Dec-2024,276.64,276.64,279.00,275.40,275.65,275.98,275.94,"6,73,620","18,58,79,045.05","55,818","6,44,496",95.68
BIRET,RR,19-Dec-2024,275.98,275.00,278.78,274.25,276.86,275.66,275.52,"3,22,595","8,88,81,071.52","6,242","3,02,832",93.87
BIRET,RR,20-Dec-2024,275.66,277.40,277.40,271.05,276.00,275.04,274.70,"2,13,036","5,85,21,102.15","5,630","1,74,568",81.94
BIRET,RR,23-Dec-2024,275.04,275.10,285.90,271.11,273.96,273.45,273.08,"3,15,029","8,60,26,945.33","13,872","2,39,579",76.05
BIRET,RR,24-Dec-2024,273.45,274.90,290.00,270.87,289.15,283.41,280.52,"8,90,126","24,97,01,345.91","27,025","7,94,474",89.25
BIRET,RR,26-Dec-2024,283.41,286.80,286.80,274.85,276.70,275.41,278.72,"3,68,021","10,25,74,317.75","14,919","3,38,020",91.85
BIRET,RR,27-Dec-2024,275.41,277.98,280.00,275.00,277.22,278.00,277.70,"3,62,176","10,05,77,778.48","13,800","3,26,724",90.21
BIRET,RR,30-Dec-2024,278.00,279.77,279.77,273.10,274.65,274.54,274.54,"10,63,266","29,19,11,480.05","28,455","9,85,742",92.71
BIRET,RR,31-Dec-2024,274.54,276.50,280.90,273.00,275.63,274.71,275.69,"8,55,027","23,57,24,177.80","18,122","7,62,999",89.24
BIRET,RR,01-Jan-2025,274.71,275.97,275.97,271.70,273.20,273.43,272.73,"5,48,603","14,96,17,836.21","3,776","5,12,381",93.40
BIRET,RR,02-Jan-2025,273.43,274.60,278.85,273.60,276.50,276.98,276.41,"3,31,664","9,16,75,588.50","4,250","3,19,406",96.30
BIRET,RR,03-Jan-2025,276.98,277.88,284.00,274.70,281.00,281.31,279.81,"3,02,199","8,45,58,259.23","6,915","2,62,200",86.76
BIRET,RR,06-Jan-2025,281.31,281.31,285.60,281.31,283.99,284.34,284.08,"1,74,893","4,96,83,192.79","6,702","1,45,369",83.12
BIRET,RR,07-Jan-2025,284.34,284.00,289.89,280.71,288.34,288.78,286.84,"2,74,877","7,88,46,705.55","7,876","2,18,073",79.33
BIRET,RR,08-Jan-2025,288.78,288.78,290.20,286.00,289.00,289.17,289.65,"3,83,934","11,12,07,388.48","4,388","3,61,188",94.08
BIRET,RR,09-Jan-2025,289.17,289.17,291.50,287.25,288.00,288.50,290.25,"1,91,358","5,55,42,478.25","2,114","1,73,010",90.41
BIRET,RR,10-Jan-2025,288.50,288.00,291.86,284.99,288.51,288.94,290.05,"2,51,508","7,29,51,048.21","4,240","2,21,848",88.21
BIRET,RR,13-Jan-2025,288.94,289.00,290.00,281.25,284.51,284.32,287.69,"2,05,210","5,90,36,636.13","3,817","1,94,842",94.95
BIRET,RR,14-Jan-2025,284.32,285.90,286.80,280.00,286.77,286.46,283.05,"1,33,368","3,77,49,932.57","5,771","89,892",67.40
BIRET,RR,15-Jan-2025,286.46,286.80,290.68,282.20,288.00,287.84,288.81,"2,73,968","7,91,24,948.68","7,582","2,48,202",90.60
BIRET,RR,16-Jan-2025,287.84,288.00,292.95,286.00,291.00,290.38,290.16,"5,46,142","15,84,71,056.01","7,247","5,07,938",93.00
BIRET,RR,17-Jan-2025,290.38,292.90,293.30,287.00,289.00,289.49,291.51,"4,75,617","13,86,46,844.58","8,087","4,30,912",90.60
BIRET,RR,20-Jan-2025,289.49,289.49,301.95,286.33,294.00,294.52,296.27,"8,46,399","25,07,65,685.80","9,748","7,43,883",87.89
BIRET,RR,21-Jan-2025,294.52,296.30,296.45,287.25,289.00,293.99,294.92,"5,84,127","17,22,70,863.09","7,519","5,44,213",93.17
BIRET,RR,22-Jan-2025,293.99,293.65,294.50,287.20,291.92,291.98,292.94,"1,97,247","5,77,82,340.33","3,819","1,69,792",86.08
BIRET,RR,23-Jan-2025,291.98,294.00,294.00,285.52,289.68,291.41,289.84,"2,14,306","6,21,14,264.25","5,400","1,88,774",88.09
BIRET,RR,24-Jan-2025,291.41,287.60,294.00,287.60,292.82,293.13,292.66,"1,21,866","3,56,64,819.14","2,415","1,09,153",89.57
BIRET,RR,27-Jan-2025,293.13,290.00,293.50,287.00,288.05,290.10,290.13,"3,85,165","11,17,47,387.75","5,330","3,68,099",95.57
BIRET,RR,28-Jan-2025,290.10,290.00,291.00,285.50,289.33,290.59,289.29,"2,18,057","6,30,81,789.55","4,036","2,04,165",93.63
BIRET,RR,29-Jan-2025,290.59,290.44,298.00,288.06,296.00,296.35,295.28,"3,28,353","9,69,57,139.06","6,562","3,04,937",92.87
BIRET,RR,30-Jan-2025,296.35,298.00,298.00,291.65,297.00,295.74,295.76,"2,90,015","8,57,74,452.40","2,348","2,72,333",93.90
BIRET,RR,31-Jan-2025,295.74,299.80,300.10,296.11,298.70,298.13,298.82,"4,11,477","12,29,59,265.63","5,029","3,89,687",94.70
BIRET,RR,01-Feb-2025,298.13,300.25,301.75,296.51,298.99,298.05,300.65,"2,60,773","7,84,02,313.37","1,849","2,47,019",94.73
BIRET,RR,03-Feb-2025,298.05,300.00,301.95,295.35,300.95,300.25,300.79,"3,63,267","10,92,67,856.77","4,410","3,49,496",96.21
BIRET,RR,04-Feb-2025,300.25,297.25,300.19,295.90,297.27,298.98,298.90,"3,40,254","10,17,02,921.53","4,782","3,18,039",93.47
BIRET,RR,05-Feb-2025,298.98,297.24,297.50,292.16,294.10,294.84,294.55,"80,600","2,37,40,742.52","4,440","62,188",77.16
BIRET,RR,06-Feb-2025,294.84,295.00,300.00,292.00,298.98,298.63,297.44,"88,527","2,63,31,191.08","2,384","70,381",79.50
BIRET,RR,07-Feb-2025,298.63,299.95,300.49,295.70,296.00,297.03,298.27,"62,796","1,87,30,263.11","2,210","55,716",88.73
BIRET,RR,10-Feb-2025,297.03,296.95,297.00,288.35,291.10,290.80,294.19,"1,12,429","3,30,75,795.80","3,133","85,426",75.98
BIRET,RR,11-Feb-2025,290.80,292.40,294.58,286.00,286.03,286.36,287.65,"2,65,839","7,64,69,349.87","2,704","2,50,533",94.24
BIRET,RR,12-Feb-2025,286.36,286.00,287.49,283.20,285.90,286.28,285.35,"1,36,110","3,88,38,476.02","2,318","1,26,644",93.05
BIRET,RR,13-Feb-2025,286.28,287.90,290.00,281.60,288.35,288.55,287.80,"1,05,889","3,04,74,962.38","1,772","97,473",92.05
BIRET,RR,14-Feb-2025,288.55,289.80,297.90,287.00,288.50,288.49,290.91,"1,20,809","3,51,44,201.28","4,641","1,07,125",88.67
BIRET,RR,17-Feb-2025,288.49,289.90,291.99,284.55,286.00,286.00,286.26,"76,600","2,19,27,663.38","3,200","60,383",78.83
BIRET,RR,18-Feb-2025,286.00,287.35,290.00,286.00,289.00,289.89,289.47,"81,985","2,37,32,449.78","2,017","67,979",82.92
BIRET,RR,19-Feb-2025,289.89,292.70,292.70,282.50,286.00,286.08,286.06,"93,409","2,67,20,715.26","2,984","58,381",62.50
BIRET,RR,20-Feb-2025,286.08,287.49,295.20,285.00,289.73,290.99,291.54,"1,81,094","5,27,96,091.66","4,819","1,43,795",79.40
BIRET,RR,21-Feb-2025,290.99,292.74,294.00,287.50,287.55,289.62,290.52,"2,95,450","8,58,33,752.50","9,303","2,69,621",91.26
BIRET,RR,24-Feb-2025,289.62,289.62,294.80,285.30,293.90,294.11,293.05,"4,30,593","12,61,84,881.61","11,526","3,38,429",78.60
BIRET,RR,25-Feb-2025,294.11,293.90,294.45,290.00,291.44,291.64,292.04,"20,63,644","60,26,57,342.11","7,105","20,43,920",99.04
BIRET,RR,27-Feb-2025,291.64,293.00,294.00,286.35,291.50,292.48,292.67,"2,14,600","6,28,06,731.44","9,313","1,45,387",67.75
BIRET,RR,28-Feb-2025,292.48,291.80,304.35,287.00,296.90,299.17,295.71,"4,83,930","14,31,02,256.93","10,060","3,78,747",78.26
BIRET,RR,03-Mar-2025,299.17,299.17,299.88,289.00,291.54,291.03,294.27,"1,20,323","3,54,07,248.43","4,949","89,110",74.06
BIRET,RR,04-Mar-2025,291.03,290.95,294.80,288.10,294.70,293.79,293.02,"66,415","1,94,61,234.65","2,965","47,768",71.92
BIRET,RR,05-Mar-2025,293.79,291.07,298.90,288.00,298.84,295.83,291.45,"1,71,144","4,98,79,949.14","9,796","1,16,655",68.16
BIRET,RR,06-Mar-2025,295.83,297.80,299.50,294.50,296.00,296.05,297.20,"4,81,276","14,30,34,472.47","10,760","4,25,774",88.47
BIRET,RR,07-Mar-2025,296.05,297.60,299.50,293.33,298.75,298.73,298.58,"6,95,297","20,76,03,083.36","25,181","5,96,049",85.73
BIRET,RR,10-Mar-2025,298.73,300.00,301.88,292.66,295.62,295.97,296.19,"1,02,381","3,03,24,171.92","5,308","81,342",79.45
BIRET,RR,11-Mar-2025,295.97,295.80,296.88,291.90,293.49,292.84,293.80,"71,953","2,11,39,537.05","3,569","58,243",80.95
BIRET,RR,12-Mar-2025,292.84,291.90,293.83,289.50,290.15,289.87,290.56,"2,53,835","7,37,53,462.35","13,480","2,16,815",85.42
BIRET,RR,13-Mar-2025,289.87,288.25,300.99,288.25,300.00,299.14,297.84,"4,83,423","14,39,80,835.80","14,042","3,68,733",76.28
BIRET,RR,17-Mar-2025,299.14,300.99,300.99,292.28,292.30,293.02,297.21,"11,11,767","33,04,27,475.80","20,743","9,90,561",89.10
BIRET,RR,18-Mar-2025,293.02,293.02,296.90,283.05,291.50,291.98,289.32,"12,20,415","35,30,95,191.49","33,966","10,68,262",87.53
BIRET,RR,19-Mar-2025,291.98,293.00,299.00,291.06,295.00,295.17,295.09,"4,99,176","14,73,00,396.00","14,142","4,01,066",80.35
BIRET,RR,20-Mar-2025,295.17,296.90,297.98,293.25,295.85,295.11,294.95,"3,67,511","10,83,96,274.26","11,921","2,94,949",80.26
BIRET,RR,21-Mar-2025,295.11,295.11,324.40,280.15,302.00,306.20,305.72,"2,50,21,078","7,64,95,13,894.47","37,113","1,94,25,543",77.64
BIRET,RR,24-Mar-2025,306.20,299.00,301.20,294.01,295.22,294.78,298.24,"2,02,879","6,05,05,887.92","5,639","1,69,170",83.38
BIRET,RR,25-Mar-2025,294.78,295.94,297.80,291.00,291.25,291.98,292.19,"6,84,674","20,00,56,018.42","6,169","6,34,167",92.62
BIRET,RR,26-Mar-2025,291.98,291.98,292.00,287.50,289.64,289.86,289.80,"1,25,551","3,63,84,727.26","2,112","1,03,178",82.18
BIRET,RR,27-Mar-2025,289.86,289.95,290.00,288.00,290.00,289.94,289.02,"1,27,185","3,67,58,484.05","2,969","1,08,053",84.96
BIRET,RR,28-Mar-2025,289.94,292.80,292.80,287.86,290.00,289.63,289.50,"2,56,885","7,43,68,235.41","3,926","2,10,234",81.84
BIRET,RR,01-Apr-2025,289.63,288.00,290.00,280.05,289.50,288.95,285.32,"1,74,598","4,98,15,634.53","2,133","1,15,144",65.95
BIRET,RR,02-Apr-2025,288.95,288.00,289.90,286.00,287.49,286.86,287.93,"1,01,505","2,92,26,155.76","1,670","84,093",82.85
BIRET,RR,03-Apr-2025,286.86,287.85,289.95,286.05,289.95,289.85,289.26,"69,689","2,01,58,163.42","1,777","54,865",78.73
BIRET,RR,04-Apr-2025,289.85,291.70,291.80,285.50,289.02,289.30,288.07,"88,797","2,55,80,034.43","3,657","69,302",78.05
BIRET,RR,07-Apr-2025,289.30,285.01,290.00,283.20,287.30,288.44,286.79,"1,16,864","3,35,15,552.35","3,545","1,00,503",86.00
BIRET,RR,08-Apr-2025,288.44,289.50,291.00,284.00,285.02,285.18,284.29,"11,56,015","32,86,40,331.23","5,903","11,21,300",97.00
BIRET,RR,09-Apr-2025,285.18,284.20,287.33,284.05,284.51,285.01,285.79,"53,718","1,53,52,180.04","1,785","34,106",63.49
BIRET,RR,11-Apr-2025,285.01,286.40,292.00,283.40,286.50,288.05,286.05,"11,77,428","33,68,01,729.31","17,245","9,48,625",80.57
BIRET,RR,15-Apr-2025,288.05,288.00,288.75,284.50,286.47,286.23,286.39,"1,81,063","5,18,55,100.35","6,494","1,56,178",86.26
BIRET,RR,16-Apr-2025,286.23,286.00,297.48,285.50,288.55,288.99,289.20,"7,67,441","22,19,45,972.47","11,023","7,20,114",93.83
BIRET,RR,17-Apr-2025,288.99,287.95,291.88,286.00,287.79,287.83,287.98,"4,67,119","13,45,19,567.58","6,290","4,28,642",91.76
BIRET,RR,21-Apr-2025,287.83,287.87,290.00,287.02,288.00,288.04,288.37,"42,547","1,22,69,203.78","2,195","33,922",79.73
BIRET,RR,22-Apr-2025,288.04,288.70,292.04,287.00,290.60,291.73,289.79,"63,896","1,85,16,113.62","2,470","46,964",73.50
BIRET,RR,23-Apr-2025,291.73,290.10,294.00,288.61,290.30,290.82,290.46,"1,10,918","3,22,16,720.99","4,018","96,521",87.02
BIRET,RR,24-Apr-2025,290.82,292.00,292.00,290.00,291.00,290.96,291.07,"87,976","2,56,06,986.71","5,657","82,270",93.51
BIRET,RR,25-Apr-2025,290.96,291.88,297.95,289.05,289.80,289.99,290.75,"1,21,792","3,54,10,903.26","5,691","1,05,229",86.40
BIRET,RR,28-Apr-2025,289.99,290.00,293.28,289.10,290.00,290.09,290.96,"52,485","1,52,70,852.02","2,714","41,139",78.38
BIRET,RR,29-Apr-2025,290.09,290.00,291.00,288.05,289.82,289.82,289.59,"49,616","1,43,68,105.34","1,180","41,215",83.07
BIRET,RR,30-Apr-2025,289.82,289.82,290.70,288.50,289.00,289.45,289.71,"34,860","1,00,99,429.55","1,163","31,138",89.32
BIRET,RR,02-May-2025,289.45,289.45,291.00,288.78,290.00,290.06,289.94,"2,04,195","5,92,04,399.05","5,348","1,72,204",84.33
BIRET,RR,05-May-2025,290.06,291.00,294.50,289.49,290.00,290.07,291.68,"83,467","2,43,45,582.39","4,774","71,813",86.04
BIRET,RR,06-May-2025,290.07,292.00,293.50,289.05,289.50,290.55,290.81,"4,90,576","14,26,64,935.90","9,040","4,42,172",90.13
BIRET,RR,07-May-2025,290.55,289.80,302.95,289.00,300.00,299.99,297.51,"2,37,305","7,06,00,457.82","6,419","1,74,962",73.73
BIRET,RR,08-May-2025,299.99,298.55,301.00,292.51,299.48,299.70,296.92,"1,62,836","4,83,49,307.54","4,307","1,33,981",82.28
BIRET,RR,09-May-2025,299.70,294.20,299.00,294.20,298.45,298.51,297.92,"88,102","2,62,47,449.11","7,348","67,343",76.44
BIRET,RR,12-May-2025,298.51,300.80,300.80,296.00,297.20,297.87,298.07,"1,05,113","3,13,31,320.23","3,957","90,350",85.96
BIRET,RR,13-May-2025,297.87,297.87,299.39,295.11,295.95,295.90,296.46,"83,569","2,47,74,663.74","3,960","76,567",91.62
BIRET,RR,14-May-2025,295.90,297.70,297.70,294.51,294.86,295.70,295.47,"2,57,928","7,62,09,047.35","17,827","2,13,498",82.77
BIRET,RR,15-May-2025,295.70,297.38,298.30,295.00,295.85,295.57,296.21,"1,28,298","3,80,02,688.05","3,162","1,10,735",86.31
BIRET,RR,16-May-2025,295.57,295.00,300.00,293.35,297.90,298.28,297.28,"1,23,406","3,66,85,769.87","4,853","1,07,233",86.89
BIRET,RR,19-May-2025,298.28,299.91,299.91,295.55,297.99,298.02,297.88,"4,79,049","14,26,98,439.07","9,082","4,54,801",94.94
BIRET,RR,20-May-2025,298.02,299.25,299.94,297.02,297.99,298.01,298.10,"3,20,793","9,56,27,242.26","20,333","2,87,952",89.76
BIRET,RR,21-May-2025,298.01,299.00,299.95,297.06,298.00,297.99,298.54,"1,39,093","4,15,25,514.81","5,803","94,358",67.84
BIRET,RR,22-May-2025,297.99,298.88,299.55,296.70,299.00,298.93,298.81,"1,75,955","5,25,76,457.85","8,728","1,24,916",70.99
BIRET,RR,23-May-2025,298.93,298.00,299.02,295.00,297.00,297.04,297.13,"1,99,720","5,93,42,501.62","14,192","1,35,113",67.65
BIRET,RR,26-May-2025,297.04,295.12,299.80,295.12,299.00,298.85,298.39,"94,925","2,83,24,568.43","5,900","74,845",78.85
BIRET,RR,27-May-2025,298.85,299.00,300.00,298.90,300.00,299.81,299.73,"4,24,090","12,71,12,531.69","3,970","4,17,996",98.56
BIRET,RR,28-May-2025,299.81,300.00,305.80,299.80,302.65,303.00,303.28,"1,44,718","4,38,89,615.20","5,654","1,32,055",91.25
BIRET,RR,29-May-2025,303.00,303.00,308.30,303.00,305.91,306.01,306.09,"1,61,509","4,94,35,590.61","4,957","1,50,010",92.88
BIRET,RR,30-May-2025,306.01,306.50,309.90,303.20,305.80,305.94,306.67,"2,55,779","7,84,40,870.55","15,108","2,28,763",89.44
BIRET,RR,02-Jun-2025,305.94,306.00,309.95,302.02,303.98,304.04,305.68,"1,21,845","3,72,45,825.00","13,108","1,02,538",84.15
BIRET,RR,03-Jun-2025,304.04,307.00,307.00,302.60,305.00,304.74,305.09,"1,52,680","4,65,81,363.17","7,566","1,41,775",92.86
BIRET,RR,04-Jun-2025,304.74,304.74,308.80,303.00,305.00,305.00,305.45,"2,60,489","7,95,65,185.21","14,130","2,34,690",90.10
BIRET,RR,05-Jun-2025,305.00,305.80,307.50,304.05,305.00,305.12,305.85,"1,30,675","3,99,66,809.66","5,847","1,18,236",90.48
BIRET,RR,06-Jun-2025,305.12,306.80,310.00,302.22,304.00,304.47,304.98,"2,65,551","8,09,88,774.80","18,885","2,19,309",82.59
BIRET,RR,09-Jun-2025,304.47,305.00,309.50,304.65,307.00,307.37,307.39,"1,31,186","4,03,25,427.86","10,253","1,07,236",81.74
BIRET,RR,10-Jun-2025,307.37,308.00,309.98,304.00,306.00,306.06,307.74,"2,20,303","6,77,96,133.01","10,929","1,84,048",83.54
BIRET,RR,11-Jun-2025,306.06,307.20,310.00,306.06,309.80,308.64,308.73,"1,48,646","4,58,91,046.88","9,950","1,24,139",83.51
BIRET,RR,12-Jun-2025,308.64,310.60,310.66,307.00,308.00,307.61,308.08,"1,65,282","5,09,20,265.47","13,904","1,53,794",93.05
BIRET,RR,13-Jun-2025,307.61,308.40,308.50,301.33,307.00,306.99,307.09,"1,74,253","5,35,10,645.30","13,364","1,40,499",80.63
BIRET,RR,16-Jun-2025,306.99,308.00,310.50,306.01,308.00,309.01,308.89,"1,51,385","4,67,60,597.27","13,452","1,20,875",79.85
BIRET,RR,17-Jun-2025,309.01,309.60,309.60,307.00,307.34,307.89,307.97,"1,03,755","3,19,53,365.63","9,827","87,812",84.63
BIRET,RR,18-Jun-2025,307.89,308.50,308.70,305.01,307.00,307.21,306.84,"1,03,570","3,17,79,012.67","9,418","83,974",81.08
BIRET,RR,19-Jun-2025,307.21,309.70,311.75,305.35,307.01,306.91,307.08,"1,16,790","3,58,64,428.54","11,478","99,889",85.53
BIRET,RR,20-Jun-2025,306.91,308.00,311.00,303.25,308.00,306.90,307.06,"8,62,265","26,47,65,484.00","21,918","6,76,698",78.48
BIRET,RR,23-Jun-2025,306.90,307.40,311.55,304.90,309.00,309.03,309.39,"1,87,304","5,79,49,372.07","4,626","1,63,311",87.19
BIRET,RR,24-Jun-2025,309.03,311.50,311.80,308.67,310.95,310.60,310.48,"1,27,609","3,96,19,573.12","6,479","1,02,491",80.32
BIRET,RR,25-Jun-2025,310.60,309.60,312.00,308.00,311.12,311.35,311.03,"2,39,127","7,43,76,327.30","16,504","2,09,622",87.66
BIRET,RR,26-Jun-2025,311.35,312.50,313.00,310.00,310.31,310.96,311.16,"3,69,138","11,48,61,269.88","7,277","3,41,069",92.40
BIRET,RR,27-Jun-2025,310.96,312.99,314.40,310.11,312.00,312.10,312.69,"5,14,225","16,07,93,727.58","3,738","4,99,253",97.09
BIRET,RR,30-Jun-2025,312.10,313.99,315.00,312.11,314.95,314.92,314.09,"2,83,010","8,88,89,219.05","10,654","2,61,788",92.50
BIRET,RR,01-Jul-2025,314.92,315.00,316.75,312.50,312.50,313.03,313.82,"1,40,799","4,41,86,189.78","5,556","1,26,934",90.15
BIRET,RR,02-Jul-2025,313.03,315.30,315.30,310.35,310.50,311.42,312.96,"1,37,220","4,29,44,005.05","3,334","1,23,405",89.93
BIRET,RR,03-Jul-2025,311.42,312.90,312.90,308.20,309.49,309.49,310.25,"1,72,363","5,34,75,942.39","13,780","1,27,491",73.97
BIRET,RR,04-Jul-2025,309.49,312.70,312.70,308.21,308.88,309.69,309.86,"1,06,543","3,30,13,480.06","15,314","85,152",79.92
BIRET,RR,07-Jul-2025,309.69,311.30,311.97,309.20,310.00,309.99,310.03,"1,25,188","3,88,12,105.06","8,424","1,15,639",92.37
BIRET,RR,08-Jul-2025,309.99,310.90,310.90,308.31,308.55,308.98,309.24,"1,10,225","3,40,86,511.81","8,350","1,04,818",95.09
BIRET,RR,09-Jul-2025,308.98,310.80,310.80,308.00,308.02,308.72,308.92,"1,28,845","3,98,02,235.68","13,396","1,15,391",89.56
BIRET,RR,10-Jul-2025,308.72,308.00,311.48,308.00,309.49,309.46,309.88,"1,26,714","3,92,66,326.67","9,362","1,11,537",88.02
BIRET,RR,11-Jul-2025,309.46,309.46,312.70,308.42,308.90,309.02,309.41,"1,05,581","3,26,67,975.05","10,528","98,844",93.62
BIRET,RR,14-Jul-2025,309.02,308.00,309.00,307.00,307.27,307.39,307.90,"2,02,565","6,23,70,632.80","11,682","1,77,594",87.67
BIRET,RR,15-Jul-2025,307.39,306.81,310.00,306.81,308.00,308.17,308.63,"2,05,122","6,33,06,640.14","10,088","1,61,554",78.76
BIRET,RR,16-Jul-2025,308.17,308.94,308.94,307.00,307.00,307.20,307.82,"1,28,630","3,95,94,420.33","5,798","1,20,474",93.66
BIRET,RR,17-Jul-2025,307.20,308.00,310.00,307.00,309.50,309.75,308.20,"4,88,673","15,06,07,913.17","3,994","4,78,772",97.97
BIRET,RR,18-Jul-2025,309.75,310.80,310.80,307.10,307.94,308.09,309.51,"2,18,784","6,77,15,004.72","7,453","1,95,997",89.58
BIRET,RR,21-Jul-2025,308.09,308.05,310.00,306.10,309.66,309.53,309.75,"2,07,279","6,42,04,496.19","10,794","1,78,864",86.29
BIRET,RR,22-Jul-2025,309.53,309.10,313.95,309.00,312.00,311.89,312.34,"1,13,825","3,55,51,689.61","1,844","97,631",85.77
BIRET,RR,23-Jul-2025,311.89,313.00,313.01,309.05,311.95,311.75,310.26,"3,38,687","10,50,82,019.36","12,944","2,79,224",82.44
BIRET,RR,24-Jul-2025,311.75,312.70,314.95,310.12,314.30,314.75,313.78,"3,09,453","9,71,01,230.64","9,349","2,56,201",82.79
BIRET,RR,25-Jul-2025,314.75,314.60,315.00,313.12,315.00,314.96,314.66,"7,43,417","23,39,25,522.18","5,054","7,07,424",95.16
BIRET,RR,28-Jul-2025,314.96,316.80,318.00,313.05,317.25,316.04,316.26,"96,834","3,06,24,931.47","2,818","78,197",80.75
BIRET,RR,29-Jul-2025,316.04,316.04,318.00,315.61,316.30,316.80,316.74,"1,14,456","3,62,52,761.22","4,582","1,02,874",89.88
BIRET,RR,30-Jul-2025,316.80,317.36,318.60,315.30,316.50,316.74,316.79,"1,18,823","3,76,41,599.39","4,394","1,04,594",88.03
BIRET,RR,31-Jul-2025,316.74,316.00,318.00,312.50,314.55,314.68,314.97,"1,98,499","6,25,21,557.29","11,863","1,76,296",88.81
BIRET,RR,01-Aug-2025,314.68,314.98,318.77,314.69,317.87,317.99,317.42,"1,16,342","3,69,29,040.90","8,788","1,04,258",89.61
BIRET,RR,04-Aug-2025,317.99,319.60,320.94,314.97,315.91,315.80,319.13,"7,30,686","23,31,87,083.33","27,527","6,56,098",89.79
BIRET,RR,05-Aug-2025,315.80,316.40,320.00,314.12,319.90,318.60,317.44,"2,79,489","8,87,21,321.97","15,480","2,27,383",81.36
BIRET,RR,06-Aug-2025,318.60,316.10,320.00,315.00,318.00,317.67,317.23,"2,13,461","6,77,15,983.12","10,304","1,88,654",88.38
BIRET,RR,07-Aug-2025,317.67,316.90,320.10,316.21,320.10,319.34,318.32,"2,42,939","7,73,33,121.47","14,379","2,14,073",88.12
BIRET,RR,08-Aug-2025,319.34,319.95,319.95,310.61,313.95,313.94,316.06,"2,14,213","6,77,03,454.92","14,212","1,77,516",82.87
BIRET,RR,11-Aug-2025,313.94,314.17,318.00,312.26,314.00,313.46,314.31,"1,99,092","6,25,76,862.13","6,159","1,55,082",77.89
BIRET,RR,12-Aug-2025,313.46,315.99,315.99,313.21,313.99,313.99,313.82,"1,47,014","4,61,35,218.69","16,244","1,22,341",83.22
BIRET,RR,13-Aug-2025,313.99,316.79,317.49,313.20,316.00,316.22,314.46,"1,66,032","5,22,11,148.97","14,602","1,25,378",75.51
BIRET,RR,14-Aug-2025,316.22,316.90,318.50,312.20,314.48,314.21,314.06,"2,59,867","8,16,14,467.80","15,918","1,97,879",76.15
BIRET,RR,18-Aug-2025,314.21,315.90,318.50,314.50,317.00,317.15,317.09,"86,916","2,75,60,133.68","5,800","80,013",92.06
BIRET,RR,19-Aug-2025,317.15,318.30,320.20,313.75,319.00,319.35,316.51,"1,99,066","6,30,05,686.13","37,696","1,36,289",68.46
BIRET,RR,20-Aug-2025,319.35,320.40,322.00,317.06,321.66,321.25,320.31,"72,668","2,32,76,446.09","3,179","60,636",83.44
BIRET,RR,21-Aug-2025,321.25,321.99,322.99,317.22,321.20,321.57,320.85,"1,18,968","3,81,71,103.42","18,600","1,08,045",90.82
BIRET,RR,22-Aug-2025,321.57,322.70,324.80,320.25,323.00,322.93,322.39,"1,07,468","3,46,46,500.20","3,048","95,724",89.07
BIRET,RR,25-Aug-2025,322.93,324.70,324.90,316.00,316.01,316.02,318.08,"2,99,118","9,51,44,499.20","10,092","2,53,244",84.66
BIRET,RR,26-Aug-2025,316.02,316.02,321.90,315.50,316.92,317.41,317.15,"17,37,984","55,12,06,167.93","60,096","12,65,679",72.82
BIRET,RR,28-Aug-2025,317.41,319.95,319.95,315.05,316.10,316.47,316.73,"1,20,650","3,82,13,785.12","7,633","99,029",82.08
BIRET,RR,29-Aug-2025,316.47,317.00,320.99,316.47,319.35,319.51,319.81,"1,75,849","5,62,37,563.49","4,243","1,65,447",94.08
BIRET,RR,01-Sep-2025,319.51,320.40,320.40,316.52,318.45,318.12,318.10,"70,493","2,24,24,088.83","3,274","57,634",81.76
BIRET,RR,02-Sep-2025,318.12,318.99,320.95,317.04,317.45,317.59,318.08,"5,71,729","18,18,54,778.51","3,490","5,51,469",96.46
BIRET,RR,03-Sep-2025,317.59,318.88,323.98,317.00,318.20,318.18,320.91,"1,61,203","5,17,32,302.17","4,805","1,19,529",74.15
BIRET,RR,04-Sep-2025,318.18,319.80,321.33,318.18,320.50,320.05,320.27,"75,481","2,41,74,675.55","2,646","62,883",83.31
BIRET,RR,05-Sep-2025,320.05,321.80,321.98,318.00,319.01,319.27,319.79,"1,15,070","3,67,97,868.41","5,799","94,704",82.30
BIRET,RR,08-Sep-2025,319.27,321.40,321.88,315.00,317.95,317.53,318.43,"2,79,506","8,90,02,086.78","11,895","2,04,461",73.15
BIRET,RR,09-Sep-2025,317.53,318.90,321.00,318.01,319.90,319.89,319.34,"1,35,189","4,31,71,429.92","4,403","1,10,261",81.56
BIRET,RR,10-Sep-2025,319.89,319.89,321.50,318.00,319.95,319.96,319.93,"3,59,913","11,51,45,669.89","10,838","3,18,726",88.56
BIRET,RR,11-Sep-2025,319.96,321.39,321.50,319.00,320.00,319.98,320.37,"4,33,615","13,89,19,229.52","6,175","4,19,458",96.74
BIRET,RR,12-Sep-2025,319.98,320.90,321.60,319.51,319.80,319.96,320.15,"4,02,680","12,89,19,193.47","4,775","3,82,169",94.91
BIRET,RR,15-Sep-2025,319.96,321.30,343.00,321.00,334.99,329.87,330.08,"2,23,407","7,37,42,713.70","5,920","1,64,259",73.52
BIRET,RR,16-Sep-2025,329.87,330.10,338.00,330.10,334.00,333.95,334.93,"3,32,287","11,12,94,254.67","11,920","2,76,606",83.24
BIRET,RR,17-Sep-2025,333.95,335.35,335.35,324.11,328.94,328.72,327.03,"3,22,893","10,55,96,754.63","13,899","2,64,140",81.80
BIRET,RR,18-Sep-2025,328.72,329.70,333.70,326.55,328.47,328.13,329.13,"1,19,101","3,91,99,442.98","2,978","1,07,824",90.53
BIRET,RR,19-Sep-2025,328.13,328.13,331.47,327.00,328.99,329.12,329.13,"4,07,431","13,40,97,212.69","6,112","3,34,700",82.15
BIRET,RR,22-Sep-2025,329.12,326.18,333.97,326.18,329.50,329.13,330.77,"1,27,657","4,22,24,520.31","5,031","98,043",76.80
BIRET,RR,23-Sep-2025,329.13,332.25,332.25,327.01,328.14,328.63,329.69,"73,091","2,40,97,666.37","4,238","55,219",75.55
BIRET,RR,24-Sep-2025,328.63,330.60,332.50,329.11,330.00,329.99,330.10,"1,45,946","4,81,77,241.64","5,111","1,32,659",90.90
BIRET,RR,25-Sep-2025,329.99,331.48,334.00,330.00,331.60,331.90,332.43,"2,32,375","7,72,47,711.07","5,557","2,18,916",94.21
BIRET,RR,26-Sep-2025,331.90,332.80,349.80,330.03,341.00,340.99,342.96,"8,41,122","28,84,68,083.02","11,013","7,46,505",88.75
BIRET,RR,29-Sep-2025,340.99,343.00,349.70,340.99,344.40,344.06,346.74,"5,63,250","19,53,02,628.42","10,297","5,27,930",93.73
BIRET,RR,30-Sep-2025,344.06,347.99,348.98,342.00,344.00,343.06,345.00,"1,72,071","5,93,64,382.49","3,610","1,50,747",87.61
BIRET,RR,01-Oct-2025,343.06,344.00,350.00,343.13,349.50,347.26,347.56,"1,27,295","4,42,42,410.91","6,310","1,04,407",82.02
BIRET,RR,03-Oct-2025,347.26,349.40,350.90,345.90,346.90,347.17,347.81,"1,24,396","4,32,66,149.03","4,235","94,282",75.79
BIRET,RR,06-Oct-2025,347.17,349.74,349.99,343.05,347.00,346.92,347.42,"1,04,518","3,63,12,032.58","4,054","86,155",82.43
BIRET,RR,07-Oct-2025,346.92,344.00,349.49,343.27,344.90,344.96,344.85,"2,23,333","7,70,17,399.83","6,950","2,05,147",91.86
BIRET,RR,08-Oct-2025,344.96,348.99,349.49,344.05,344.96,344.78,345.19,"82,662","2,85,33,807.25","3,425","70,038",84.73
BIRET,RR,09-Oct-2025,344.78,345.65,347.98,343.05,344.76,344.59,344.13,"1,19,684","4,11,86,613.46","3,783","1,04,638",87.43
BIRET,RR,10-Oct-2025,344.59,345.70,347.40,342.06,343.60,344.18,345.15,"1,13,477","3,91,67,153.12","4,922","1,01,320",89.29
BIRET,RR,13-Oct-2025,344.18,347.00,348.98,339.74,343.00,342.43,344.35,"1,43,751","4,95,00,618.90","5,576","1,07,170",74.55
BIRET,RR,14-Oct-2025,342.43,344.30,344.30,340.10,340.40,341.05,341.68,"1,22,622","4,18,97,708.33","3,437","1,06,998",87.26
BIRET,RR,15-Oct-2025,341.05,344.89,344.89,338.50,341.00,341.94,340.87,"79,136","2,69,75,111.02","3,817","54,747",69.18
BIRET,RR,16-Oct-2025,341.94,342.70,347.35,340.86,342.50,343.82,343.49,"1,27,339","4,37,40,106.49","6,550","1,04,297",81.90
BIRET,RR,17-Oct-2025,343.82,343.98,344.12,341.90,342.46,342.85,342.80,"50,008","1,71,42,672.42","2,567","45,042",90.07
BIRET,RR,20-Oct-2025,342.85,345.80,349.70,342.85,349.40,349.42,347.52,"49,409","1,71,70,529.25","3,649","40,698",82.37
BIRET,RR,21-Oct-2025,349.42,350.80,353.52,349.85,352.95,352.75,352.06,"21,299","74,98,483.08","1,045","18,963",89.03
BIRET,RR,23-Oct-2025,352.75,353.60,355.38,336.11,340.00,340.63,344.30,"2,16,501","7,45,40,993.36","7,866","1,70,038",78.54
BIRET,RR,24-Oct-2025,340.63,342.23,345.99,340.80,341.75,341.96,343.50,"1,73,986","5,97,64,465.65","4,280","1,54,403",88.74
BIRET,RR,27-Oct-2025,341.96,344.00,346.70,342.02,344.00,344.62,344.89,"1,33,090","4,59,01,105.61","5,186","1,07,353",80.66
BIRET,RR,28-Oct-2025,344.62,344.62,345.43,340.50,344.00,343.99,343.92,"1,34,093","4,61,16,930.67","2,883","1,18,050",88.04
BIRET,RR,29-Oct-2025,343.99,345.44,345.50,339.52,343.79,341.36,342.26,"1,81,612","6,21,59,227.48","3,642","1,54,929",85.31
BIRET,RR,30-Oct-2025,341.36,342.99,345.50,342.04,343.42,343.70,343.71,"91,157","3,13,31,732.02","4,084","77,338",84.84
BIRET,RR,31-Oct-2025,343.70,344.99,344.99,342.50,343.15,343.11,343.44,"70,110","2,40,78,466.65","2,887","60,116",85.75
BIRET,RR,03-Nov-2025,343.11,344.94,344.94,341.03,343.75,343.48,342.33,"1,40,562","4,81,18,760.91","3,803","1,23,283",87.71
BIRET,RR,04-Nov-2025,343.48,343.75,347.74,341.82,341.99,342.09,342.77,"1,53,540","5,26,28,475.90","8,504","1,31,205",85.45
BIRET,RR,06-Nov-2025,342.09,344.79,345.49,342.05,343.51,343.84,342.64,"10,05,752","34,46,15,220.68","7,388","9,70,551",96.50
BIRET,RR,07-Nov-2025,343.84,341.00,342.90,337.51,338.20,338.72,340.07,"2,11,224","7,18,30,310.39","9,305","1,84,745",87.46
BIRET,RR,10-Nov-2025,338.72,338.01,340.00,336.00,340.00,339.63,338.22,"1,07,096","3,62,22,243.34","4,514","91,173",85.13
BIRET,RR,11-Nov-2025,339.63,340.98,340.98,339.00,339.69,339.61,339.72,"92,444","3,14,04,634.91","5,973","85,913",92.94
BIRET,RR,12-Nov-2025,339.61,340.70,340.70,338.03,338.88,338.88,339.21,"95,886","3,25,25,282.97","6,336","82,289",85.82
BIRET,RR,13-Nov-2025,338.88,340.79,340.79,338.00,338.62,338.38,338.60,"1,21,578","4,11,65,825.71","9,197","1,02,882",84.62
BIRET,RR,14-Nov-2025,338.38,339.00,339.50,336.22,337.97,337.99,337.92,"79,168","2,67,52,686.28","6,932","63,459",80.16
BIRET,RR,17-Nov-2025,337.99,338.80,339.62,334.00,334.99,336.28,337.72,"3,17,372","10,71,81,324.52","11,270","2,91,953",91.99
BIRET,RR,18-Nov-2025,336.28,334.21,336.80,329.50,329.92,329.99,332.32,"3,25,576","10,81,94,281.78","13,660","2,89,255",88.84
BIRET,RR,19-Nov-2025,329.99,330.80,332.80,327.00,329.00,328.04,330.44,"1,70,522","5,63,46,624.67","11,395","1,47,307",86.39
BIRET,RR,20-Nov-2025,328.04,328.99,331.12,327.05,329.21,329.37,329.36,"1,83,177","6,03,30,271.26","8,638","1,55,691",84.99
BIRET,RR,21-Nov-2025,329.37,328.00,330.98,325.35,326.90,327.15,327.99,"3,43,937","11,28,06,576.65","11,528","3,09,632",90.03
BIRET,RR,24-Nov-2025,327.15,328.00,329.72,312.05,315.99,316.10,317.43,"5,96,218","18,92,54,790.96","7,865","4,57,125",76.67
BIRET,RR,25-Nov-2025,316.10,317.70,325.70,317.70,323.99,323.72,323.61,"2,35,960","7,63,58,262.27","8,853","2,16,835",91.89
BIRET,RR,26-Nov-2025,323.72,323.72,330.00,322.90,329.37,329.41,328.85,"4,87,930","16,04,56,939.94","14,637","4,05,352",83.08
BIRET,RR,27-Nov-2025,329.41,329.98,330.00,325.50,329.70,329.85,329.42,"2,55,038","8,40,13,756.00","7,711","1,85,599",72.77
BIRET,RR,28-Nov-2025,329.85,329.75,334.00,328.00,334.00,332.48,331.06,"2,85,791","9,46,13,197.84","9,756","2,44,038",85.39
BIRET,RR,01-Dec-2025,332.48,334.50,335.00,330.65,333.00,332.98,333.82,"2,14,571","7,16,27,903.24","9,028","1,77,656",82.80
BIRET,RR,02-Dec-2025,332.98,333.93,335.00,331.26,332.00,332.03,333.39,"2,31,638","7,72,25,141.50","9,785","1,92,834",83.25
BIRET,RR,03-Dec-2025,332.03,332.99,335.00,332.03,333.98,333.97,334.33,"3,05,842","10,22,53,538.43","6,269","2,61,095",85.37
BIRET,RR,04-Dec-2025,333.97,334.50,334.98,330.25,331.00,331.24,333.34,"4,93,693","16,45,66,626.98","9,398","4,52,698",91.70
BIRET,RR,05-Dec-2025,331.24,332.40,335.00,332.10,335.00,334.74,334.54,"1,76,279","5,89,73,143.22","13,342","1,43,543",81.43
BIRET,RR,08-Dec-2025,334.74,335.00,335.00,330.56,332.50,331.86,332.88,"1,83,303","6,10,18,443.39","9,636","1,46,155",79.73
BIRET,RR,09-Dec-2025,331.86,331.86,335.00,331.79,335.00,334.95,333.96,"2,27,568","7,59,98,981.21","7,144","1,58,868",69.81
BIRET,RR,10-Dec-2025,334.95,335.98,336.00,334.95,335.49,335.53,335.46,"1,36,191","4,56,86,101.05","4,418","1,09,929",80.72
BIRET,RR,11-Dec-2025,335.53,336.45,336.45,329.11,333.15,333.27,330.53,"8,15,171","26,94,40,749.07","10,950","7,33,379",89.97
BIRET,RR,12-Dec-2025,333.27,333.95,350.95,328.59,337.05,343.15,339.38,"58,08,294","1,97,12,40,946.07","20,428","49,01,962",84.40
BIRET,RR,15-Dec-2025,343.15,337.02,337.02,320.55,328.01,328.72,326.61,"1,50,85,887","4,92,71,36,346.90","22,953","1,10,51,717",73.26
BIRET,RR,16-Dec-2025,328.72,329.90,334.45,326.50,329.80,329.90,330.92,"7,39,611","24,47,51,141.13","9,911","5,34,973",72.33
BIRET,RR,17-Dec-2025,329.90,330.70,331.81,327.44,330.50,330.46,328.70,"8,69,934","28,59,45,363.22","20,224","7,74,849",89.07
BIRET,RR,18-Dec-2025,330.46,330.46,335.00,326.66,334.50,333.03,332.24,"22,93,615","76,20,33,804.76","11,373","19,83,597",86.48
BIRET,RR,19-Dec-2025,333.03,334.75,339.00,329.90,332.00,335.39,334.84,"16,63,140","55,68,89,862.02","11,583","13,81,575",83.07
BIRET,RR,22-Dec-2025,335.39,332.75,333.75,328.67,331.61,331.27,330.32,"5,51,239","18,20,87,513.43","12,541","4,65,274",84.41
BIRET,RR,23-Dec-2025,331.27,333.44,333.44,330.00,331.70,331.36,330.96,"3,14,310","10,40,23,886.96","7,561","2,41,907",76.96
BIRET,RR,24-Dec-2025,331.36,331.90,333.70,330.00,332.01,332.89,331.08,"2,68,705","8,89,62,376.50","14,401","2,22,077",82.65
BIRET,RR,26-Dec-2025,332.89,334.80,335.00,331.05,334.00,334.73,334.32,"8,23,510","27,53,18,025.91","9,678","7,13,107",86.59
BIRET,RR,29-Dec-2025,334.73,336.12,337.04,330.53,335.00,334.98,333.40,"2,48,285","8,27,79,392.23","5,776","1,83,997",74.11
BIRET,RR,30-Dec-2025,334.98,334.98,335.00,332.00,333.50,333.60,333.58,"1,58,591","5,29,02,089.45","5,619","1,23,320",77.76
BIRET,RR,31-Dec-2025,333.60,334.33,334.69,330.55,331.90,331.60,331.93,"2,05,885","6,83,39,662.26","10,602","1,61,279",78.33
BIRET,RR,01-Jan-2026,331.60,332.40,334.94,331.03,333.07,333.57,333.50,"77,916","2,59,85,317.51","2,801","62,070",79.66
BIRET,RR,02-Jan-2026,333.57,334.51,335.00,332.54,333.67,334.49,334.30,"2,22,846","7,44,98,518.50","5,514","2,07,514",93.12
BIRET,RR,05-Jan-2026,334.49,335.00,340.00,334.50,338.91,339.18,337.69,"8,15,065","27,52,39,703.60","14,362","7,35,135",90.19
BIRET,RR,06-Jan-2026,339.18,341.79,341.79,330.11,334.05,333.48,337.90,"5,36,867","18,14,06,330.83","16,546","4,58,847",85.47
BIRET,RR,07-Jan-2026,333.48,334.94,341.50,333.48,339.81,339.96,339.77,"5,91,670","20,10,32,651.71","16,065","5,23,607",88.50
BIRET,RR,08-Jan-2026,339.96,339.98,340.00,335.30,339.00,338.74,339.17,"1,79,100","6,07,45,260.89","11,247","1,34,212",74.94
BIRET,RR,09-Jan-2026,338.74,339.35,339.90,337.06,338.90,339.01,338.85,"97,118","3,29,08,728.99","13,166","84,993",87.52
BIRET,RR,12-Jan-2026,339.01,340.40,341.90,337.50,340.00,339.72,339.18,"2,02,667","6,87,40,535.40","6,886","1,74,312",86.01
BIRET,RR,13-Jan-2026,339.72,340.97,341.50,337.33,341.50,340.98,340.17,"3,40,576","11,58,55,424.81","8,520","3,02,931",88.95
BIRET,RR,14-Jan-2026,340.98,338.70,347.33,338.70,346.49,344.90,345.41,"6,77,426","23,39,86,678.43","21,739","6,27,460",92.62
BIRET,RR,16-Jan-2026,344.90,344.90,347.76,340.29,346.00,346.01,344.63,"2,32,486","8,01,22,249.74","13,643","1,78,521",76.79
BIRET,RR,19-Jan-2026,346.01,346.01,348.00,344.82,345.99,346.33,346.54,"2,39,142","8,28,71,868.58","21,081","2,01,030",84.06
BIRET,RR,20-Jan-2026,346.33,346.66,348.56,341.57,344.37,344.76,345.21,"1,92,230","6,63,60,481.61","17,018","1,50,148",78.11
BIRET,RR,21-Jan-2026,344.76,343.60,347.79,342.00,343.99,343.72,343.93,"1,73,262","5,95,89,781.96","11,195","1,40,669",81.19
BIRET,RR,22-Jan-2026,343.72,344.00,347.49,340.00,342.97,343.03,344.64,"1,19,653","4,12,37,760.85","3,313","1,01,048",84.45
BIRET,RR,23-Jan-2026,343.03,344.00,346.89,340.50,346.49,344.06,343.75,"4,21,014","14,47,22,885.36","87,850","3,49,146",82.93
BIRET,RR,27-Jan-2026,344.06,346.80,347.25,340.00,340.88,340.87,344.25,"1,89,201","6,51,32,077.18","11,079","1,58,536",83.79
BIRET,RR,28-Jan-2026,340.87,341.80,343.79,338.25,341.06,340.93,340.83,"1,91,774","6,53,63,252.59","9,460","1,48,826",77.60
BIRET,RR,29-Jan-2026,340.93,341.00,349.44,339.99,347.89,348.00,346.30,"2,63,724","9,13,27,498.10","7,714","2,12,047",80.40
BIRET,RR,30-Jan-2026,348.00,348.84,353.50,348.07,353.42,352.92,352.24,"3,46,538","12,20,63,284.10","16,393","3,15,615",91.08
BIRET,RR,01-Feb-2026,352.92,350.01,361.99,350.01,360.00,359.61,359.05,"2,66,038","9,55,21,529.84","4,135","2,29,600",86.30
BIRET,RR,02-Feb-2026,359.61,359.90,366.98,356.04,363.50,364.51,363.15,"2,13,433","7,75,08,247.47","10,345","1,74,992",81.99
BIRET,RR,03-Feb-2026,364.51,363.90,364.00,345.10,350.40,349.43,351.30,"29,17,364","1,02,48,84,445.74","31,440","27,34,549",93.73
BIRET,RR,04-Feb-2026,349.43,350.06,352.79,347.91,348.70,349.65,350.18,"4,21,828","14,77,15,201.62","33,414","3,42,959",81.30
BIRET,RR,05-Feb-2026,349.65,350.00,354.68,349.65,352.50,353.13,352.99,"3,65,614","12,90,59,010.55","8,079","3,29,701",90.18
BIRET,RR,06-Feb-2026,353.13,353.89,356.70,351.49,353.81,353.95,354.17,"6,39,773","22,65,88,433.81","21,659","5,86,580",91.69
BIRET,RR,09-Feb-2026,353.95,355.77,364.14,354.00,362.21,362.41,362.61,"4,68,617","16,99,25,899.02","12,762","4,30,857",91.94
BIRET,RR,10-Feb-2026,362.41,363.50,365.00,360.10,362.00,362.32,363.36,"4,28,424","15,56,70,332.41","20,160","3,67,860",85.86
BIRET,RR,11-Feb-2026,362.32,362.70,371.85,360.33,367.00,365.92,366.46,"3,11,080","11,39,99,772.76","11,806","2,35,684",75.76
BIRET,RR,12-Feb-2026,365.92,368.15,369.65,362.00,364.97,363.28,365.46,"2,03,775","7,44,71,127.99","6,125","1,70,483",83.66
BIRET,RR,13-Feb-2026,363.28,363.06,363.06,351.50,352.90,352.95,353.13,"41,68,426","1,47,19,85,263.40","11,838","40,80,885",97.90
BIRET,RR,16-Feb-2026,352.95,352.95,359.70,351.51,353.80,353.03,352.46,"17,58,056","61,96,41,063.05","13,038","17,20,280",97.85
BIRET,RR,17-Feb-2026,353.03,353.50,358.98,353.48,357.30,355.81,356.37,"3,26,036","11,61,91,004.17","4,618","2,86,188",87.78
BIRET,RR,18-Feb-2026,355.81,356.77,358.00,350.05,351.60,352.01,352.16,"30,79,404","1,08,44,57,412.86","10,995","30,43,579",98.84
BIRET,RR,19-Feb-2026,352.01,352.88,356.77,352.78,356.75,355.00,354.94,"7,55,528","26,81,69,686.16","4,518","7,23,480",95.76
BIRET,RR,20-Feb-2026,355.00,355.00,356.61,351.00,352.51,352.05,353.54,"1,77,468","6,27,41,189.37","8,211","1,37,533",77.50
BIRET,RR,23-Feb-2026,352.05,353.98,355.00,350.99,352.59,352.53,352.43,"4,24,317","14,95,43,257.27","8,050","3,96,437",93.43
BIRET,RR,24-Feb-2026,352.53,353.00,353.80,350.11,352.40,352.19,352.21,"2,52,403","8,88,97,754.85","10,452","1,90,021",75.28
BIRET,RR,25-Feb-2026,352.19,353.00,353.95,350.03,351.10,351.88,351.10,"24,30,715","85,34,33,012.50","27,139","23,25,190",95.66
BIRET,RR,26-Feb-2026,351.88,351.75,361.70,351.00,358.58,359.63,353.38,"10,15,521","35,88,65,748.46","7,952","9,45,846",93.14
BIRET,RR,27-Feb-2026,359.63,361.90,375.69,357.73,362.40,369.00,367.98,"16,20,580","59,63,37,269.28","19,914","13,70,866",84.59
BIRET,RR,02-Mar-2026,369.00,359.00,363.85,352.52,358.01,358.46,358.60,"3,53,294","12,66,90,049.41","14,059","2,72,594",77.16
BIRET,RR,04-Mar-2026,358.46,360.00,360.89,347.00,348.05,348.01,348.82,"15,03,129","52,43,27,127.78","24,445","13,96,874",92.93
BIRET,RR,05-Mar-2026,348.01,349.75,351.96,344.00,345.99,345.87,346.62,"3,29,996","11,43,81,810.76","26,671","2,54,341",77.07
BIRET,RR,06-Mar-2026,345.87,346.90,346.95,341.00,344.64,344.69,343.57,"3,89,966","13,39,82,050.25","31,974","3,03,378",77.80
BIRET,RR,09-Mar-2026,344.69,342.67,345.70,337.33,342.20,342.78,341.31,"3,69,153","12,59,97,020.81","23,701","2,98,521",80.87
BIRET,RR,10-Mar-2026,342.78,342.56,348.77,339.90,341.64,341.68,341.43,"3,77,842","12,90,05,320.36","18,306","2,83,077",74.92
BIRET,RR,11-Mar-2026,341.68,341.68,344.40,340.50,341.00,342.14,342.84,"1,04,519","3,58,33,081.96","13,957","71,045",67.97
BIRET,RR,12-Mar-2026,342.14,342.00,342.43,339.50,340.50,340.11,340.19,"2,25,608","7,67,50,466.69","13,265","1,77,514",78.68
BIRET,RR,13-Mar-2026,340.11,338.00,341.20,336.55,337.95,338.36,338.83,"5,65,500","19,16,08,816.19","39,597","5,08,129",89.85
BIRET,RR,16-Mar-2026,338.36,337.98,339.98,335.00,336.00,336.18,337.69,"2,19,369","7,40,78,967.06","14,171","1,83,715",83.75
BIRET,RR,17-Mar-2026,336.18,336.90,336.90,329.30,332.21,332.69,331.74,"4,73,452","15,70,63,414.71","22,980","3,78,533",79.95
BIRET,RR,18-Mar-2026,332.69,332.69,333.75,330.28,330.55,331.09,331.92,"5,04,343","16,74,03,529.11","28,445","4,34,728",86.20
BIRET,RR,19-Mar-2026,331.09,330.51,332.70,328.45,328.95,328.83,329.79,"2,71,037","8,93,85,370.68","9,137","2,53,039",93.36
BIRET,RR,20-Mar-2026,328.83,330.00,330.00,321.56,325.90,327.24,327.65,"16,22,962","53,17,69,991.26","20,724","13,93,030",85.83
BIRET,RR,23-Mar-2026,327.24,326.30,326.30,312.36,320.94,320.25,319.80,"3,92,210","12,54,26,977.06","13,330","2,85,375",72.76
BIRET,RR,24-Mar-2026,320.25,323.80,331.90,322.60,328.31,329.47,327.45,"2,29,376","7,51,08,150.80","8,278","1,91,700",83.57
BIRET,RR,25-Mar-2026,329.47,329.47,337.00,328.01,329.11,330.17,330.03,"5,36,100","17,69,27,103.98","23,435","4,81,464",89.81
BIRET,RR,27-Mar-2026,330.17,329.77,336.20,325.16,328.60,332.18,330.12,"5,89,039","19,44,53,523.48","26,543","4,60,592",78.19
BIRET,RR,30-Mar-2026,332.18,328.50,330.87,319.12,320.31,323.69,325.68,"8,44,454","27,50,18,366.86","36,135","6,17,488",73.12
BIRET,RR,01-Apr-2026,323.69,323.90,325.89,318.20,320.00,320.10,321.37,"2,43,271","7,81,81,119.49","28,484","1,83,590",75.47
BIRET,RR,02-Apr-2026,320.10,318.00,324.29,317.51,320.10,320.20,321.09,"2,04,226","6,55,75,492.69","11,437","1,50,839",73.86
BIRET,RR,06-Apr-2026,320.20,320.20,322.21,313.36,318.59,318.24,320.35,"5,16,681","16,55,19,845.30","31,843","4,39,351",85.03
BIRET,RR,07-Apr-2026,318.24,319.80,327.00,319.04,325.88,326.54,320.32,"15,10,166","48,37,38,304.78","8,983","14,82,443",98.16
BIRET,RR,08-Apr-2026,326.54,328.98,336.43,327.73,334.85,335.64,333.42,"1,48,735","4,95,91,419.34","11,922","1,12,512",75.65
BIRET,RR,09-Apr-2026,335.64,336.00,342.00,335.64,337.99,337.99,338.44,"3,20,944","10,86,19,252.94","9,911","2,72,489",84.90
BIRET,RR,10-Apr-2026,337.99,338.00,341.97,334.00,334.00,334.68,337.66,"1,37,109","4,62,96,380.09","5,975","1,11,691",81.46
BIRET,RR,13-Apr-2026,334.68,333.99,334.90,329.91,331.80,332.35,331.93,"4,27,299","14,18,34,354.51","11,109","3,15,764",73.90
BIRET,RR,15-Apr-2026,332.35,335.00,335.25,326.00,326.95,327.88,330.52,"4,58,744","15,16,22,926.19","10,147","3,84,034",83.71
BIRET,RR,16-Apr-2026,327.88,327.71,330.00,327.56,329.55,329.85,328.88,"2,95,251","9,71,01,743.33","9,135","2,74,944",93.12
BIRET,RR,17-Apr-2026,329.85,330.99,330.99,328.00,330.00,330.00,329.11,"3,98,561","13,11,70,414.60","19,236","3,35,342",84.14
BIRET,RR,20-Apr-2026,330.00,330.90,330.95,326.90,328.00,328.94,328.74,"2,73,480","8,99,03,960.23","5,826","2,37,556",86.86
BIRET,RR,21-Apr-2026,328.94,329.70,330.01,327.00,329.25,329.34,329.08,"2,36,273","7,77,53,073.94","8,368","1,89,325",80.13
BIRET,RR,22-Apr-2026,329.34,330.00,330.20,324.50,329.99,329.54,326.97,"6,40,788","20,95,16,177.21","9,806","5,45,143",85.07
BIRET,RR,23-Apr-2026,329.54,329.00,329.00,322.02,323.60,324.86,324.18,"51,32,945","1,66,40,06,330.49","13,260","46,90,451",91.38
BIRET,RR,24-Apr-2026,324.86,324.30,325.00,320.99,322.01,322.10,323.83,"57,06,148","1,84,78,07,463.84","14,942","56,17,206",98.44
BIRET,BL,24-Apr-2026,275.00,324.21,324.21,324.21,324.21,324.21,324.21,"7,73,994","25,09,36,594.74",1,-,-
BIRET,RR,27-Apr-2026,322.10,321.00,324.00,320.01,321.24,320.94,321.12,"10,51,100","33,75,24,711.62","22,853","8,69,040",82.68
BIRET,RR,28-Apr-2026,320.94,320.21,326.85,320.21,325.95,325.92,325.10,"1,86,671","6,06,87,185.29","9,142","1,49,614",80.15
BIRET,RR,29-Apr-2026,325.92,326.85,326.85,322.61,324.50,324.24,325.25,"8,85,014","28,78,54,340.11","9,670","8,20,207",92.68
BIRET,RR,30-Apr-2026,324.24,326.00,326.80,324.51,325.74,325.92,326.00,"3,88,658","12,67,02,801.55","16,087","3,54,090",91.11
BIRET,RR,04-May-2026,325.92,328.00,328.00,325.00,326.60,326.65,326.75,"1,08,417","3,54,24,713.66","13,635","90,478",83.45
BIRET,RR,05-May-2026,326.65,327.00,328.45,315.53,317.40,319.32,321.09,"13,37,008","42,92,97,772.74","16,919","9,73,195",72.79
BIRET,RR,06-May-2026,319.32,318.51,323.00,316.05,320.75,321.32,319.00,"13,53,823","43,18,64,793.13","22,929","11,27,351",83.27
BIRET,RR,07-May-2026,321.32,321.90,325.99,321.02,325.99,323.66,323.35,"6,03,610","19,51,78,582.09","11,588","5,35,734",88.75
BIRET,RR,08-May-2026,323.66,326.46,327.00,323.15,326.50,326.54,326.23,"3,70,088","12,07,31,988.37","18,606","3,02,491",81.73
BIRET,RR,11-May-2026,326.54,326.70,327.00,325.26,325.55,326.16,326.47,"3,13,483","10,23,44,135.85","16,114","2,79,633",89.20
BIRET,RR,12-May-2026,326.16,325.25,327.50,323.21,325.40,325.48,324.26,"4,49,584","14,57,84,348.02","8,889","4,01,444",89.29
BIRET,RR,13-May-2026,325.48,325.99,327.45,324.90,326.89,326.70,326.40,"5,70,774","18,63,01,243.01","26,853","5,07,245",88.87
BIRET,RR,14-May-2026,326.70,322.45,322.80,320.41,321.80,321.98,321.57,"5,23,554","16,83,61,275.69","6,340","4,64,641",88.75
BIRET,RR,15-May-2026,321.98,322.80,323.94,320.56,321.00,321.19,321.73,"13,94,413","44,86,22,919.83","14,474","12,97,712",93.07
BIRET,RR,18-May-2026,321.19,322.40,322.40,319.01,321.85,321.58,319.89,"11,06,082","35,38,23,973.56","23,421","9,70,864",87.78
BIRET,RR,19-May-2026,321.58,322.70,322.70,320.12,321.00,321.01,321.48,"5,04,004","16,20,27,516.92","7,149","4,43,761",88.05
BIRET,RR,20-May-2026,321.01,321.40,322.52,319.82,320.00,320.16,320.99,"5,99,955","19,25,80,863.40","11,461","5,24,050",87.35
BIRET,RR,21-May-2026,320.16,321.30,322.01,319.00,320.33,319.93,320.07,"5,98,788","19,16,53,027.37","12,256","5,23,539",87.43
BIRET,RR,22-May-2026,319.93,320.05,321.77,320.00,320.00,320.34,320.55,"6,55,409","21,00,90,003.98","12,070","6,04,055",92.16
BIRET,RR,25-May-2026,320.34,321.47,321.47,319.51,319.90,319.84,320.37,"4,42,273","14,16,90,078.09","11,861","3,87,353",87.58
BIRET,RR,26-May-2026,319.84,320.65,320.89,319.71,319.87,319.98,320.02,"2,92,349","9,35,57,011.88","7,427","2,56,344",87.68
BIRET,RR,27-May-2026,319.98,320.30,321.50,318.90,319.69,319.72,319.93,"3,03,184","9,69,99,149.88","15,170","2,48,231",81.87
BIRET,RR,29-May-2026,319.72,319.72,321.20,317.00,318.02,318.88,319.69,"7,16,011","22,89,03,242.05","21,620","5,83,876",81.55
BIRET,RR,01-Jun-2026,318.88,318.96,321.60,318.00,320.01,319.75,319.97,"2,30,919","7,38,87,868.62","10,884","1,76,915",76.61
BIRET,RR,02-Jun-2026,319.75,319.15,321.20,318.51,319.70,319.58,319.53,"3,41,762","10,92,02,534.59","14,458","2,33,291",68.26
BIRET,RR,03-Jun-2026,319.58,320.40,320.52,319.00,320.05,320.00,319.43,"1,57,196","5,02,12,928.81","13,978","1,23,803",78.76
BIRET,RR,04-Jun-2026,320.00,320.40,320.78,318.66,320.49,319.79,319.38,"4,76,145","15,20,70,217.41","19,266","4,28,382",89.97
BIRET,RR,05-Jun-2026,319.79,320.40,321.49,318.66,319.50,319.49,319.78,"3,53,359","11,29,96,437.88","14,366","3,04,970",86.31
BIRET,RR,08-Jun-2026,319.49,320.40,320.84,318.60,318.70,319.02,319.41,"2,94,858","9,41,81,638.17","12,308","2,67,510",90.73
BIRET,RR,09-Jun-2026,319.02,318.98,320.25,318.76,319.50,319.25,319.64,"1,71,986","5,49,73,516.72","7,978","1,53,496",89.25
BIRET,RR,10-Jun-2026,319.25,319.30,320.00,319.02,319.20,319.20,319.26,"3,34,691","10,68,52,147.43","9,614","2,98,742",89.26
BIRET,RR,11-Jun-2026,319.20,319.70,320.39,318.82,319.45,319.46,319.43,"1,72,867","5,52,18,759.91","12,175","1,57,347",91.02
BIRET,RR,12-Jun-2026,319.46,319.50,321.49,319.11,319.56,319.36,319.61,"2,71,534","8,67,83,866.19","4,497","2,44,096",89.90
BIRET,RR,15-Jun-2026,319.36,319.51,320.49,318.11,319.50,319.38,319.09,"2,43,416","7,76,72,498.87","8,993","1,99,212",81.84
BIRET,RR,16-Jun-2026,319.38,319.94,320.05,318.26,318.80,318.91,319.18,"2,60,063","8,30,07,937.41","8,211","2,28,557",87.89
BIRET,RR,17-Jun-2026,318.91,319.70,321.11,318.60,319.50,319.47,319.89,"3,18,663","10,19,37,727.09","8,650","2,78,604",87.43
BIRET,RR,18-Jun-2026,319.47,319.94,321.50,319.21,320.00,320.11,319.94,"8,58,261","27,45,93,317.55","9,505","7,64,249",89.05
BIRET,RR,19-Jun-2026,320.11,320.00,322.70,319.00,322.60,321.91,321.77,"22,51,217","72,43,63,570.88","12,535","20,26,852",90.03
BIRET,RR,22-Jun-2026,321.91,322.30,322.48,321.81,322.14,322.06,322.19,"1,33,638","4,30,56,929.04","4,992","1,10,892",82.98
BIRET,RR,23-Jun-2026,322.06,322.48,322.70,319.53,321.93,321.71,322.04,"5,14,630","16,57,30,719.62","6,295","4,61,596",89.69
BIRET,RR,24-Jun-2026,321.71,321.98,322.14,320.10,322.05,322.08,321.90,"4,62,123","14,87,55,794.85","8,726","4,30,664",93.19
BIRET,RR,25-Jun-2026,322.08,321.11,324.20,320.61,323.21,322.75,322.87,"8,49,051","27,41,35,878.32","9,198","7,88,631",92.88
BIRET,RR,29-Jun-2026,322.75,323.49,324.20,322.75,324.00,323.99,323.89,"7,54,580","24,44,01,250.97","6,479","7,24,659",96.03
BIRET,RR,30-Jun-2026,323.99,324.00,332.81,324.00,329.93,331.04,328.43,"5,97,271","19,61,63,047.22","15,261","4,79,521",80.29
BIRET,RR,01-Jul-2026,331.04,332.85,337.00,330.05,333.85,334.00,334.99,"10,43,944","34,97,13,014.33","16,902","7,63,134",73.10
BIRET,RR,02-Jul-2026,334.00,336.00,339.80,334.00,336.60,337.02,336.82,"4,91,822","16,56,55,932.74","19,887","3,86,508",78.59
BIRET,RR,03-Jul-2026,337.02,337.90,339.45,335.60,336.50,336.99,337.53,"2,66,604","8,99,87,886.28","15,945","2,39,247",89.74
BIRET,RR,06-Jul-2026,336.99,337.80,340.01,337.00,339.50,339.39,338.89,"2,52,690","8,56,33,924.71","8,555","2,32,046",91.83
BIRET,RR,07-Jul-2026,339.39,341.00,341.00,338.45,339.99,339.96,339.95,"3,60,795","12,26,51,714.30","10,020","3,33,858",92.53
BIRET,RR,08-Jul-2026,339.96,340.50,340.50,336.20,337.81,337.47,338.37,"1,73,207","5,86,07,783.69","4,869","1,36,515",78.82
BIRET,RR,09-Jul-2026,337.47,338.39,339.89,335.66,336.70,336.60,337.33,"90,377","3,04,86,788.20","5,853","64,446",71.31
BIRET,RR,10-Jul-2026,336.60,336.02,338.29,335.34,337.11,337.68,336.66,"2,18,558","7,35,79,815.70","8,238","1,60,194",73.30
BIRET,RR,13-Jul-2026,337.68,338.40,342.66,336.00,340.00,340.29,339.82,"3,79,980","12,91,25,667.45","6,705","3,35,126",88.20
BIRET,RR,14-Jul-2026,340.29,339.98,342.00,338.22,340.00,340.04,340.24,"5,20,796","17,71,93,373.61","4,402","4,76,636",91.52
BIRET,RR,15-Jul-2026,340.04,341.70,345.00,339.26,340.20,340.17,341.37,"3,90,078","13,31,61,613.17","4,883","3,51,291",90.06
BIRET,RR,16-Jul-2026,340.17,340.14,340.14,336.20,340.00,339.55,339.55,"2,37,346","8,05,91,922.13","7,453","2,23,375",94.11
