Symbol,Series,Date,Prev Close,Open Price,High Price,Low Price,Last Price,Close Price,Average Price,Total Traded Quantity,Turnover ₹,No. of Trades,Deliverable Qty,% Dly Qt to Traded Qty
EMBASSY,RR,01-Apr-2019,300.00,308.00,324.80,308.00,314.00,314.67,314.81,"29,03,200","91,39,43,140.00","2,500","25,77,600",88.78
EMBASSY,RR,02-Apr-2019,314.67,318.00,325.30,312.00,313.15,313.09,313.73,"26,68,800","83,72,82,460.00","1,234","25,74,000",96.45
EMBASSY,RR,03-Apr-2019,313.09,318.30,324.90,316.00,322.90,322.08,321.61,"2,44,000","7,84,72,404.00",422,"2,01,600",82.62
EMBASSY,RR,04-Apr-2019,322.08,324.80,331.50,322.08,331.00,328.00,327.64,"7,93,200","25,98,81,356.00",702,"7,51,600",94.76
EMBASSY,RR,05-Apr-2019,328.00,331.85,331.85,328.00,328.00,328.61,329.35,"1,47,600","4,86,11,532.00",218,"1,28,400",86.99
EMBASSY,RR,08-Apr-2019,328.61,328.00,331.00,319.10,323.00,321.32,326.90,"1,05,600","3,45,20,240.00",180,"87,600",82.95
EMBASSY,RR,09-Apr-2019,321.32,322.01,328.00,321.50,328.00,326.45,325.37,"56,800","1,84,81,244.00",132,"48,800",85.92
EMBASSY,RR,10-Apr-2019,326.45,327.01,328.00,326.50,328.00,327.98,327.94,"1,32,400","4,34,19,728.00",213,"1,21,200",91.54
EMBASSY,RR,11-Apr-2019,327.98,327.97,329.00,325.06,329.00,328.77,328.04,"2,68,400","8,80,45,228.00",238,"2,48,000",92.40
EMBASSY,RR,12-Apr-2019,328.77,330.00,340.70,326.25,337.00,336.88,334.60,"2,39,200","8,00,37,420.00",450,"1,80,400",75.42
EMBASSY,RR,15-Apr-2019,336.88,339.00,339.25,336.00,339.00,339.05,338.55,"90,800","3,07,40,052.00",193,"78,400",86.34
EMBASSY,RR,16-Apr-2019,339.05,346.97,349.20,336.01,338.00,338.83,343.20,"1,46,000","5,01,07,648.00",289,"1,06,800",73.15
EMBASSY,RR,18-Apr-2019,338.83,342.55,344.00,336.00,339.90,338.77,340.42,"1,25,200","4,26,21,016.00",215,"1,00,400",80.19
EMBASSY,RR,22-Apr-2019,338.77,330.72,337.80,327.56,333.70,333.09,331.74,"43,600","1,44,63,952.00",98,"27,200",62.39
EMBASSY,RR,23-Apr-2019,333.09,332.99,333.00,330.00,330.00,330.21,331.26,"21,600","71,55,304.00",51,"15,600",72.22
EMBASSY,RR,24-Apr-2019,330.21,331.00,331.00,327.00,330.00,329.81,329.12,"28,400","93,47,100.00",71,"18,000",63.38
EMBASSY,RR,25-Apr-2019,329.81,329.01,332.99,327.95,332.00,330.95,329.45,"43,200","1,42,32,272.00",68,"39,200",90.74
EMBASSY,RR,26-Apr-2019,330.95,331.00,332.46,327.00,327.00,327.29,329.15,"51,200","1,68,52,288.00",73,"44,800",87.50
EMBASSY,RR,30-Apr-2019,327.29,325.11,330.00,316.00,320.55,320.42,324.94,"7,51,600","24,42,25,956.00",574,"7,16,000",95.26
EMBASSY,RR,02-May-2019,320.42,321.00,324.79,320.50,321.49,321.49,321.70,"12,82,800","41,26,81,756.00","1,044","12,68,400",98.88
EMBASSY,RR,03-May-2019,321.49,329.90,329.90,321.57,323.00,323.05,322.48,"10,58,000","34,11,82,364.00",494,"10,26,400",97.01
EMBASSY,RR,06-May-2019,323.05,321.10,325.86,321.01,325.00,325.04,323.59,"8,81,200","28,51,49,520.00",764,"8,49,600",96.41
EMBASSY,RR,07-May-2019,325.04,327.97,332.70,325.10,331.03,329.48,327.54,"5,82,800","19,08,88,360.00",562,"5,35,600",91.90
EMBASSY,RR,08-May-2019,329.48,331.90,344.45,327.13,337.25,338.74,337.75,"9,52,000","32,15,39,696.00",447,"9,15,200",96.13
EMBASSY,RR,09-May-2019,338.74,335.36,335.45,333.00,334.25,334.73,334.52,"3,45,200","11,54,77,996.00",126,"3,36,000",97.33
EMBASSY,RR,10-May-2019,334.73,332.55,339.00,332.00,333.00,336.10,335.88,"70,400","2,36,46,188.00",148,"55,200",78.41
EMBASSY,RR,13-May-2019,336.10,333.00,334.00,331.06,332.00,331.87,332.15,"1,25,600","4,17,18,520.00",288,"87,200",69.43
EMBASSY,RR,14-May-2019,331.87,325.00,343.50,325.00,338.48,339.53,339.28,"9,28,800","31,51,25,916.00",760,"8,60,400",92.64
EMBASSY,RR,15-May-2019,339.53,338.90,343.00,336.50,342.80,342.13,339.84,"7,09,200","24,10,12,156.00",608,"6,63,200",93.51
EMBASSY,RR,16-May-2019,342.13,339.05,341.98,339.05,341.00,341.00,340.78,"8,000","27,26,236.00",20,"7,200",90.00
EMBASSY,RR,17-May-2019,341.00,337.00,341.98,337.00,340.35,340.40,340.26,"3,25,600","11,07,88,084.00",39,"3,22,800",99.14
EMBASSY,RR,20-May-2019,340.40,341.10,344.00,340.40,341.00,341.04,341.02,"6,46,000","22,02,99,060.00",143,"6,40,400",99.13
EMBASSY,RR,21-May-2019,341.04,342.00,349.90,342.00,348.00,347.88,346.98,"1,28,800","4,46,90,580.00",197,"1,09,600",85.09
EMBASSY,RR,22-May-2019,347.88,348.00,349.98,345.00,347.00,346.81,346.64,"79,200","2,74,53,888.00",176,"71,600",90.40
EMBASSY,RR,23-May-2019,346.81,349.89,352.00,346.00,350.00,349.50,348.87,"17,44,800","60,87,06,120.00",446,"16,92,400",97.00
EMBASSY,RR,24-May-2019,349.50,348.00,349.90,345.00,348.00,347.99,348.12,"7,36,400","25,63,57,084.00",50,"7,29,200",99.02
EMBASSY,RR,27-May-2019,347.99,348.00,348.00,344.68,346.50,346.92,346.80,"72,800","2,52,46,740.00",40,"68,000",93.41
EMBASSY,RR,28-May-2019,346.92,348.50,348.50,346.10,347.25,347.04,347.06,"68,400","2,37,38,624.00",100,"64,800",94.74
EMBASSY,RR,29-May-2019,347.04,348.70,349.34,346.00,348.01,348.60,347.88,"35,200","1,22,45,204.00",31,"32,000",90.91
EMBASSY,RR,30-May-2019,348.60,349.99,353.00,347.95,353.00,352.40,350.46,"1,58,400","5,55,12,788.00",119,"1,47,200",92.93
EMBASSY,RR,31-May-2019,352.40,352.34,356.00,351.27,354.00,354.05,353.59,"6,20,800","21,95,05,872.00",193,"4,65,200",74.94
EMBASSY,RR,03-Jun-2019,354.05,362.90,362.90,352.12,353.01,353.25,353.42,"82,800","2,92,63,524.00",49,"74,400",89.86
EMBASSY,RR,04-Jun-2019,353.25,355.85,358.00,355.20,357.99,357.13,356.55,"26,000","92,70,252.00",56,"18,800",72.31
EMBASSY,RR,06-Jun-2019,357.13,358.00,359.00,351.15,354.00,354.32,356.97,"40,000","1,42,78,720.00",76,"34,000",85.00
EMBASSY,RR,07-Jun-2019,354.32,356.00,356.00,345.00,349.00,346.45,354.46,"4,44,400","15,75,22,568.00",99,"4,38,800",98.74
EMBASSY,RR,10-Jun-2019,346.45,354.50,357.00,348.63,357.00,356.36,350.47,"1,93,600","6,78,51,040.00",60,"1,66,800",86.16
EMBASSY,RR,11-Jun-2019,356.36,358.00,365.00,355.00,364.20,363.11,360.15,"1,18,400","4,26,41,580.00",166,"1,02,400",86.49
EMBASSY,RR,12-Jun-2019,363.11,369.00,382.45,355.10,357.10,363.59,368.14,"78,800","2,90,09,144.00",189,"46,400",58.88
EMBASSY,RR,13-Jun-2019,363.59,356.00,360.00,350.10,357.00,357.00,356.82,"24,000","85,63,580.00",56,"21,200",88.33
EMBASSY,RR,14-Jun-2019,357.00,352.10,359.70,352.10,357.99,357.24,357.94,"11,200","40,08,976.00",20,"10,000",89.29
EMBASSY,RR,17-Jun-2019,357.24,356.00,368.00,356.00,362.02,362.27,364.01,"51,200","1,86,37,164.00",90,"44,400",86.72
EMBASSY,RR,18-Jun-2019,362.27,364.00,365.00,357.00,362.98,359.29,361.48,"14,000","50,60,716.00",35,"9,200",65.71
EMBASSY,RR,19-Jun-2019,359.29,363.00,370.74,361.10,366.50,366.45,365.08,"1,70,000","6,20,64,412.00",60,"1,66,000",97.65
EMBASSY,RR,20-Jun-2019,366.45,368.00,374.60,358.00,373.00,372.81,372.38,"1,59,600","5,94,31,260.00",193,"1,48,000",92.73
EMBASSY,RR,21-Jun-2019,372.81,369.00,376.00,369.00,375.70,374.07,373.26,"1,65,200","6,16,63,216.00",212,"1,48,000",89.59
EMBASSY,RR,24-Jun-2019,374.07,377.40,377.40,368.01,370.20,373.40,372.81,"1,34,800","5,02,54,820.00",199,"1,18,000",87.54
EMBASSY,RR,25-Jun-2019,373.40,370.05,374.25,368.25,370.00,368.98,373.30,"3,42,400","12,78,18,900.00",126,"3,30,000",96.38
EMBASSY,RR,26-Jun-2019,368.98,372.87,372.87,368.26,368.32,369.09,370.38,"15,200","56,29,748.00",35,"10,400",68.42
EMBASSY,RR,27-Jun-2019,369.09,372.00,372.95,368.26,369.55,371.06,369.01,"42,40,000","1,56,46,04,036.00",118,"42,23,600",99.61
EMBASSY,RR,28-Jun-2019,371.06,370.65,371.00,365.15,367.00,366.87,368.74,"55,200","2,03,54,408.00",128,"40,400",73.19
EMBASSY,RR,01-Jul-2019,366.87,369.00,374.70,364.60,366.45,365.27,366.81,"38,000","1,39,38,796.00",92,"26,400",69.47
EMBASSY,RR,02-Jul-2019,365.27,367.00,373.85,364.16,367.21,370.88,370.84,"3,02,400","11,21,41,564.00",239,"1,97,200",65.21
EMBASSY,RR,03-Jul-2019,370.88,370.80,375.00,367.50,375.00,374.38,371.25,"34,400","1,27,70,980.00",77,"26,400",76.74
EMBASSY,RR,04-Jul-2019,374.38,374.00,379.60,372.55,379.60,377.18,376.39,"1,19,600","4,50,15,748.00",213,"1,06,000",88.63
EMBASSY,RR,05-Jul-2019,377.18,377.00,377.00,371.13,375.30,375.24,373.96,"3,82,000","14,28,51,888.00",557,"2,31,600",60.63
EMBASSY,RR,08-Jul-2019,375.24,375.24,377.77,368.00,373.00,372.83,375.04,"11,57,200","43,39,99,472.00",337,"6,33,600",54.75
EMBASSY,RR,09-Jul-2019,372.83,374.00,376.36,373.50,374.45,374.60,375.23,"6,41,200","24,05,96,452.00",352,"6,26,800",97.75
EMBASSY,RR,10-Jul-2019,374.60,375.99,379.69,375.95,378.50,378.45,377.99,"21,35,600","80,72,44,964.00",75,"21,29,600",99.72
EMBASSY,RR,11-Jul-2019,378.45,378.00,378.30,370.60,372.65,372.93,374.20,"76,800","2,87,38,476.00",191,"50,800",66.15
EMBASSY,RR,12-Jul-2019,372.93,371.93,376.00,370.15,375.01,375.01,373.33,"8,44,800","31,53,86,608.00",82,"3,60,400",42.66
EMBASSY,RR,15-Jul-2019,375.01,375.01,375.85,360.00,375.00,374.57,374.63,"1,92,000","7,19,29,736.00",347,"1,75,200",91.25
EMBASSY,RR,16-Jul-2019,374.57,375.00,383.96,375.00,382.00,381.99,379.07,"35,600","1,34,94,756.00",86,"20,000",56.18
EMBASSY,RR,17-Jul-2019,381.99,382.01,383.89,377.55,383.89,380.26,380.01,"56,000","2,12,80,520.00",132,"45,600",81.43
EMBASSY,RR,18-Jul-2019,380.26,380.26,383.00,380.26,381.00,380.99,381.54,"62,000","2,36,55,256.00",136,"55,200",89.03
EMBASSY,RR,19-Jul-2019,380.99,380.99,383.00,370.20,371.55,372.11,380.20,"2,50,800","9,53,54,832.00",580,"1,90,800",76.08
EMBASSY,RR,22-Jul-2019,372.11,372.05,382.90,372.03,380.00,380.61,379.25,"57,200","2,16,92,968.00",130,"38,800",67.83
EMBASSY,RR,23-Jul-2019,380.61,380.61,380.61,368.15,373.90,372.08,372.69,"5,12,400","19,09,66,524.00",672,"4,66,800",91.10
EMBASSY,RR,24-Jul-2019,372.08,374.40,378.50,374.00,377.00,376.92,376.91,"80,000","3,01,52,988.00",163,"61,600",77.00
EMBASSY,RR,25-Jul-2019,376.92,381.93,381.93,365.00,375.00,375.19,373.93,"3,06,400","11,45,73,092.00",487,"2,24,400",73.24
EMBASSY,RR,26-Jul-2019,375.19,373.99,375.00,372.01,374.75,374.05,374.30,"56,000","2,09,60,556.00",139,"44,800",80.00
EMBASSY,RR,29-Jul-2019,374.05,376.98,376.98,371.00,371.99,371.75,372.79,"83,600","3,11,64,896.00",173,"64,800",77.51
EMBASSY,RR,30-Jul-2019,371.75,370.00,372.45,354.50,367.00,362.54,365.68,"2,07,600","7,59,14,876.00",267,"1,78,000",85.74
EMBASSY,RR,31-Jul-2019,362.54,361.00,376.85,361.00,373.00,374.26,369.39,"1,56,400","5,77,72,368.00",229,"1,40,800",90.03
EMBASSY,RR,01-Aug-2019,374.26,369.01,374.00,365.40,365.40,366.57,370.39,"5,37,600","19,91,23,996.00",203,"5,23,600",97.40
EMBASSY,RR,02-Aug-2019,366.57,365.99,369.41,364.00,365.02,366.68,365.90,"1,06,400","3,89,31,680.00",183,"86,000",80.83
EMBASSY,RR,05-Aug-2019,366.68,371.70,375.75,365.25,375.00,374.68,372.52,"92,000","3,42,72,192.00",200,"71,600",77.83
EMBASSY,RR,06-Aug-2019,374.68,375.85,375.85,367.00,368.94,368.67,369.40,"47,600","1,75,83,328.00",83,"42,000",88.24
EMBASSY,RR,07-Aug-2019,368.67,371.00,371.00,360.00,361.49,360.83,364.29,"70,800","2,57,91,552.00",173,"55,200",77.97
EMBASSY,RR,08-Aug-2019,360.83,362.90,362.90,357.00,358.50,358.81,359.56,"1,64,800","5,92,54,684.00",324,"1,31,600",79.85
EMBASSY,RR,09-Aug-2019,358.81,359.63,362.77,355.00,358.00,357.48,359.78,"5,14,000","18,49,24,624.00",813,"4,90,400",95.41
EMBASSY,RR,13-Aug-2019,357.48,361.95,376.00,360.00,376.00,370.24,365.15,"2,17,600","7,94,56,904.00",258,"1,96,000",90.07
EMBASSY,RR,14-Aug-2019,370.24,375.00,376.01,372.50,375.00,375.00,374.78,"2,16,400","8,11,02,180.00",250,"2,07,600",95.93
EMBASSY,RR,16-Aug-2019,375.00,368.03,384.89,368.03,378.00,378.29,374.26,"97,600","3,65,27,940.00",217,"77,600",79.51
EMBASSY,RR,19-Aug-2019,378.29,380.85,391.99,373.00,375.00,374.99,379.87,"2,21,200","8,40,28,212.00",484,"1,56,800",70.89
EMBASSY,RR,20-Aug-2019,374.99,378.00,380.10,377.06,378.25,379.15,378.40,"1,39,600","5,28,24,408.00",249,"1,26,000",90.26
EMBASSY,RR,21-Aug-2019,379.15,382.98,382.98,374.30,377.99,377.48,377.36,"24,800","93,58,456.00",56,"16,000",64.52
EMBASSY,RR,22-Aug-2019,377.48,379.00,380.85,377.00,379.50,379.72,379.52,"1,39,600","5,29,80,852.00",250,"1,24,400",89.11
EMBASSY,RR,23-Aug-2019,379.72,379.98,381.35,377.36,379.75,380.11,379.29,"1,82,400","6,91,82,916.00",289,"1,66,400",91.23
EMBASSY,RR,26-Aug-2019,380.11,382.00,395.00,382.00,390.00,390.38,390.48,"5,54,800","21,66,36,772.00","1,254","4,32,800",78.01
EMBASSY,RR,27-Aug-2019,390.38,393.00,393.99,381.10,387.00,387.05,386.54,"5,36,800","20,74,94,288.00","1,018","3,81,200",71.01
EMBASSY,RR,28-Aug-2019,387.05,392.40,392.40,378.70,379.99,379.96,383.45,"4,82,400","18,49,74,644.00",511,"4,12,000",85.41
EMBASSY,RR,29-Aug-2019,379.96,379.95,381.56,378.00,381.00,380.30,380.11,"7,89,600","30,01,33,064.00",454,"7,51,200",95.14
EMBASSY,RR,30-Aug-2019,380.30,382.99,392.00,381.10,392.00,391.54,390.14,"3,78,000","14,74,71,088.00",631,"3,23,600",85.61
EMBASSY,RR,03-Sep-2019,391.54,391.54,394.99,386.05,390.50,390.21,389.28,"3,49,600","13,60,93,728.00",468,"2,81,200",80.43
EMBASSY,RR,04-Sep-2019,390.21,392.50,394.30,389.53,390.55,392.82,392.22,"4,63,600","18,18,35,088.00",538,"3,96,000",85.42
EMBASSY,RR,05-Sep-2019,392.82,392.89,402.40,392.89,401.00,399.95,396.50,"3,33,600","13,22,70,832.00",445,"3,04,000",91.13
EMBASSY,RR,06-Sep-2019,399.95,406.90,414.00,405.80,408.50,408.85,408.78,"7,88,800","32,24,45,400.00",596,"7,37,200",93.46
EMBASSY,RR,09-Sep-2019,408.85,416.00,416.00,408.00,408.99,409.01,409.15,"3,82,000","15,62,94,740.00",755,"3,46,400",90.68
EMBASSY,RR,11-Sep-2019,409.01,412.00,412.00,401.00,401.75,402.78,404.66,"2,44,000","9,87,36,156.00",594,"1,83,600",75.25
EMBASSY,RR,12-Sep-2019,402.78,407.70,407.96,397.51,401.61,401.41,402.85,"3,88,400","15,64,65,580.00",850,"2,98,800",76.93
EMBASSY,RR,13-Sep-2019,401.41,404.39,405.00,402.01,404.00,403.94,404.15,"3,95,200","15,97,19,268.00",902,"3,21,200",81.28
EMBASSY,RR,16-Sep-2019,403.94,403.99,405.00,399.36,400.04,400.25,402.19,"5,00,400","20,12,55,728.00","1,075","4,27,200",85.37
EMBASSY,RR,17-Sep-2019,400.25,399.05,402.99,390.70,395.00,394.63,396.20,"3,96,800","15,72,14,012.00",905,"3,21,600",81.05
EMBASSY,RR,18-Sep-2019,394.63,399.98,402.00,395.02,399.00,397.96,398.41,"2,14,800","8,55,78,560.00",521,"1,65,600",77.09
EMBASSY,RR,19-Sep-2019,397.96,402.80,402.80,395.00,396.50,397.70,398.02,"2,10,400","8,37,44,068.00",508,"1,33,600",63.50
EMBASSY,RR,20-Sep-2019,397.70,400.89,400.89,370.00,384.03,383.06,384.33,"29,50,400","1,13,39,16,392.00","2,237","26,83,200",90.94
EMBASSY,RR,23-Sep-2019,383.06,381.90,391.56,378.15,388.68,389.85,387.22,"1,62,800","6,30,39,952.00",366,"1,29,600",79.61
EMBASSY,RR,24-Sep-2019,389.85,393.99,396.66,388.12,393.99,393.90,390.40,"22,97,600","89,69,84,172.00",493,"22,60,000",98.36
EMBASSY,RR,25-Sep-2019,393.90,394.00,397.85,388.10,393.00,393.15,392.94,"1,67,600","6,58,57,224.00",403,"1,07,200",63.96
EMBASSY,RR,26-Sep-2019,393.15,393.44,393.44,390.36,392.25,392.75,392.59,"11,40,800","44,78,68,872.00",580,"11,16,400",97.86
EMBASSY,RR,27-Sep-2019,392.75,396.00,396.00,392.03,393.00,392.96,393.00,"2,09,200","8,22,15,992.00",193,"1,98,800",95.03
EMBASSY,RR,30-Sep-2019,392.96,394.80,403.00,391.99,402.11,401.54,399.17,"2,14,800","8,57,42,594.00",701,"1,90,200",88.55
EMBASSY,RR,01-Oct-2019,401.54,402.98,404.49,396.60,398.00,398.76,401.62,"2,13,000","8,55,45,636.00",153,"2,05,800",96.62
EMBASSY,RR,03-Oct-2019,398.76,397.05,409.85,397.05,406.01,405.47,403.64,"4,06,400","16,40,40,100.00","1,591","3,38,600",83.32
EMBASSY,RR,04-Oct-2019,405.47,405.68,419.20,405.66,419.20,413.39,410.96,"4,80,200","19,73,43,168.00","1,113","4,30,000",89.55
EMBASSY,RR,07-Oct-2019,413.39,413.00,443.40,413.00,430.00,429.95,430.32,"8,73,600","37,59,27,684.00","2,182","7,91,400",90.59
EMBASSY,RR,09-Oct-2019,429.95,429.95,435.80,410.01,413.00,419.65,426.53,"6,07,200","25,89,87,236.00","1,414","5,37,200",88.47
EMBASSY,RR,10-Oct-2019,419.65,413.00,425.00,412.65,417.80,419.32,421.92,"1,32,400","5,58,61,754.00",552,"89,600",67.67
EMBASSY,RR,11-Oct-2019,419.32,425.00,427.00,411.00,425.70,425.09,423.98,"6,97,000","29,55,16,580.00",379,"6,69,400",96.04
EMBASSY,RR,14-Oct-2019,425.09,432.00,432.00,424.22,424.23,425.79,426.42,"1,38,400","5,90,16,772.00",433,"1,26,400",91.33
EMBASSY,RR,15-Oct-2019,425.79,430.80,430.80,423.03,425.00,424.83,424.99,"2,82,200","11,99,31,504.00",435,"2,72,000",96.39
EMBASSY,RR,16-Oct-2019,424.83,425.82,430.50,418.00,422.88,424.17,426.92,"7,32,600","31,27,58,084.00",948,"6,84,600",93.45
EMBASSY,RR,17-Oct-2019,424.17,423.43,423.43,410.00,419.00,415.23,421.24,"5,02,800","21,17,96,990.00",329,"4,78,800",95.23
EMBASSY,RR,18-Oct-2019,415.23,422.80,422.80,411.11,412.00,412.68,414.65,"88,200","3,65,71,742.00",323,"69,200",78.46
EMBASSY,RR,22-Oct-2019,412.68,417.90,417.90,407.00,410.99,409.41,410.72,"99,200","4,07,43,384.00",329,"83,600",84.27
EMBASSY,RR,23-Oct-2019,409.41,408.05,432.85,399.50,432.85,409.72,402.02,"6,42,000","25,80,96,088.00",840,"5,82,800",90.78
EMBASSY,RR,24-Oct-2019,409.72,416.00,420.00,403.00,407.40,406.07,406.18,"3,02,000","12,26,67,638.00",293,"2,67,600",88.61
EMBASSY,RR,25-Oct-2019,406.07,410.00,418.00,405.50,412.10,412.83,411.34,"1,18,200","4,86,20,616.00",312,"95,400",80.71
EMBASSY,RR,27-Oct-2019,412.83,414.00,414.00,404.00,409.51,410.71,408.89,"15,400","62,96,852.00",68,"9,400",61.04
EMBASSY,RR,29-Oct-2019,410.71,413.00,420.00,409.29,417.99,417.76,417.92,"3,80,800","15,91,43,708.00",562,"3,59,200",94.33
EMBASSY,RR,30-Oct-2019,417.76,419.85,425.00,411.00,412.35,414.76,417.88,"4,00,000","16,71,52,708.00",552,"3,19,800",79.95
EMBASSY,RR,31-Oct-2019,414.76,412.41,420.60,411.00,412.10,413.05,416.04,"68,800","2,86,23,262.00",222,"57,000",82.85
EMBASSY,RR,01-Nov-2019,413.05,415.00,420.00,412.03,420.00,419.96,419.43,"2,59,000","10,86,32,406.00",668,"2,30,200",88.88
EMBASSY,RR,04-Nov-2019,419.96,417.03,420.00,411.00,411.60,413.47,415.32,"1,95,600","8,12,36,658.00",366,"1,87,000",95.60
EMBASSY,RR,05-Nov-2019,413.47,412.04,414.65,401.00,403.00,403.80,408.44,"3,40,600","13,91,16,112.00",727,"2,88,400",84.67
EMBASSY,RR,06-Nov-2019,403.80,402.05,408.50,395.95,404.00,402.83,401.25,"3,85,000","15,44,81,036.00",755,"3,35,800",87.22
EMBASSY,RR,07-Nov-2019,402.83,402.63,407.99,396.69,401.80,403.93,402.50,"3,67,800","14,80,40,182.00",854,"3,09,600",84.18
EMBASSY,RR,08-Nov-2019,403.93,401.00,403.17,390.12,391.95,392.39,397.48,"1,22,800","4,88,10,470.00",570,"96,000",78.18
EMBASSY,RR,11-Nov-2019,392.39,393.87,400.85,392.40,399.59,398.94,399.16,"7,56,200","30,18,47,604.00",392,"7,37,200",97.49
EMBASSY,RR,13-Nov-2019,398.94,405.00,411.00,399.05,410.99,408.00,400.32,"7,58,400","30,35,99,000.00",600,"7,38,000",97.31
EMBASSY,RR,14-Nov-2019,408.00,411.80,421.00,409.90,418.50,415.76,413.08,"3,77,600","15,59,77,238.00",429,"3,61,600",95.76
EMBASSY,RR,15-Nov-2019,415.76,419.90,420.85,415.18,420.00,419.98,419.74,"9,01,000","37,81,81,680.00",627,"8,62,800",95.76
EMBASSY,RR,18-Nov-2019,419.98,416.63,420.00,415.02,417.00,417.33,418.56,"97,000","4,05,99,982.00",416,"70,200",72.37
EMBASSY,RR,19-Nov-2019,417.33,419.00,426.85,417.11,425.00,424.97,423.30,"27,06,000","1,14,54,39,284.00",717,"26,89,600",99.39
EMBASSY,RR,20-Nov-2019,424.97,427.89,427.89,420.51,424.00,424.00,423.98,"28,77,000","1,21,98,02,834.00",581,"28,46,000",98.92
EMBASSY,RR,21-Nov-2019,424.00,427.85,432.00,426.85,430.00,429.74,430.14,"1,03,600","4,45,62,216.00",440,"86,800",83.78
EMBASSY,RR,22-Nov-2019,429.74,429.44,434.84,424.10,430.10,431.01,429.67,"87,000","3,73,81,578.00",360,"72,200",82.99
EMBASSY,RR,25-Nov-2019,431.01,434.90,448.85,432.00,440.20,443.18,440.41,"2,25,600","9,93,57,462.00",931,"1,82,800",81.03
EMBASSY,RR,26-Nov-2019,443.18,442.89,462.00,439.00,445.00,444.99,447.90,"6,10,000","27,32,16,272.00","1,231","5,23,000",85.74
EMBASSY,RR,27-Nov-2019,444.99,448.00,449.99,435.05,437.00,439.27,440.88,"3,72,600","16,42,70,090.00",728,"3,14,600",84.43
EMBASSY,RR,28-Nov-2019,439.27,438.90,445.56,433.10,445.45,443.33,440.95,"12,75,200","56,22,93,470.00",414,"12,49,400",97.98
EMBASSY,RR,29-Nov-2019,443.33,445.00,452.85,442.15,444.25,444.18,445.12,"20,68,400","92,06,83,024.00",364,"20,44,400",98.84
EMBASSY,RR,02-Dec-2019,444.18,443.00,450.99,441.20,442.99,442.44,449.78,"16,91,600","76,08,51,570.00",461,"16,70,400",98.75
EMBASSY,RR,03-Dec-2019,442.44,445.00,445.00,425.15,433.99,432.33,436.15,"2,12,800","9,28,13,288.00",285,"1,95,400",91.82
EMBASSY,RR,04-Dec-2019,432.33,435.00,435.00,424.00,424.00,425.32,427.48,"86,600","3,70,19,500.00",276,"77,400",89.38
EMBASSY,RR,05-Dec-2019,425.32,427.65,427.65,419.70,420.40,420.79,422.95,"6,10,000","25,80,02,476.00",463,"5,86,800",96.20
EMBASSY,RR,06-Dec-2019,420.79,423.00,426.00,413.05,424.00,424.00,419.96,"4,56,600","19,17,55,900.00",468,"4,25,800",93.25
EMBASSY,RR,09-Dec-2019,424.00,426.75,428.00,417.15,423.00,423.95,422.84,"5,89,600","24,93,08,640.00",503,"5,57,600",94.57
EMBASSY,RR,10-Dec-2019,423.95,425.50,425.90,419.30,423.20,423.20,423.05,"64,600","2,73,28,876.00",244,"49,800",77.09
EMBASSY,RR,11-Dec-2019,423.20,424.75,431.85,420.53,425.00,424.93,425.69,"2,33,800","9,95,26,252.00",499,"2,09,200",89.48
EMBASSY,RR,12-Dec-2019,424.93,426.99,427.20,423.00,423.10,423.83,424.08,"1,23,200","5,22,47,244.00",68,"1,18,200",95.94
EMBASSY,RR,13-Dec-2019,423.83,425.80,430.85,423.03,425.80,426.61,426.17,"1,00,200","4,27,01,930.00",217,"85,400",85.23
EMBASSY,RR,16-Dec-2019,426.61,430.00,430.00,419.00,425.15,425.75,424.40,"1,11,000","4,71,08,418.00",441,"75,000",67.57
EMBASSY,RR,17-Dec-2019,425.75,425.00,426.85,420.33,426.85,424.97,424.36,"8,18,200","34,72,10,346.00",981,"7,52,600",91.98
EMBASSY,RR,18-Dec-2019,424.97,424.97,426.00,421.00,424.99,425.49,424.97,"2,50,600","10,64,96,922.00",97,"2,43,400",97.13
EMBASSY,RR,19-Dec-2019,425.49,426.70,426.70,420.30,422.25,421.95,423.05,"2,45,800","10,39,86,496.00",750,"2,09,800",85.35
EMBASSY,RR,20-Dec-2019,421.95,423.69,430.85,416.25,417.00,423.93,424.16,"9,93,800","42,15,31,104.00","1,584","8,73,600",87.91
EMBASSY,RR,23-Dec-2019,423.93,418.70,425.85,416.20,425.00,424.08,422.04,"46,400","1,95,82,444.00",175,"40,000",86.21
EMBASSY,RR,24-Dec-2019,424.08,427.00,427.00,419.00,421.00,421.08,421.46,"36,600","1,54,25,588.00",147,"26,000",71.04
EMBASSY,RR,26-Dec-2019,421.08,423.80,424.00,420.37,423.70,422.10,422.54,"20,800","87,88,792.00",104,"16,200",77.88
EMBASSY,RR,27-Dec-2019,422.10,423.99,425.89,420.01,425.00,424.96,424.25,"3,17,800","13,48,25,254.00",717,"2,97,200",93.52
EMBASSY,RR,30-Dec-2019,424.96,426.00,426.00,417.55,418.00,418.33,419.66,"81,000","3,39,92,436.00",313,"65,800",81.23
EMBASSY,RR,31-Dec-2019,418.33,421.85,427.85,418.01,427.85,423.20,422.85,"1,20,200","5,08,26,732.00",560,"76,400",63.56
EMBASSY,RR,01-Jan-2020,423.20,425.01,427.05,419.40,427.00,426.15,424.17,"11,600","49,20,406.00",51,"7,200",62.07
EMBASSY,RR,02-Jan-2020,426.15,428.72,428.72,419.80,421.49,421.33,421.89,"43,000","1,81,41,316.00",189,"34,200",79.53
EMBASSY,RR,03-Jan-2020,421.33,423.20,424.99,420.01,424.99,424.39,421.94,"13,400","56,54,026.00",65,"10,000",74.63
EMBASSY,RR,06-Jan-2020,424.39,425.00,425.00,420.01,420.30,420.24,423.71,"3,74,200","15,85,50,422.00",221,"3,58,400",95.78
EMBASSY,RR,07-Jan-2020,420.24,421.00,423.00,419.70,419.70,420.38,421.27,"18,600","78,35,572.00",81,"15,800",84.95
EMBASSY,RR,08-Jan-2020,420.38,423.00,423.00,417.30,418.55,418.28,419.91,"85,000","3,56,92,668.00",394,"55,800",65.65
EMBASSY,RR,09-Jan-2020,418.28,421.80,422.00,418.55,419.90,419.16,420.00,"30,000","1,25,99,928.00",144,"20,200",67.33
EMBASSY,RR,10-Jan-2020,419.16,421.00,422.50,416.01,417.00,417.58,418.73,"52,200","2,18,57,694.00",208,"43,200",82.76
EMBASSY,RR,13-Jan-2020,417.58,423.00,423.00,414.25,415.01,416.01,416.98,"12,36,200","51,54,71,788.00",236,"12,25,200",99.11
EMBASSY,RR,14-Jan-2020,416.01,417.50,418.00,398.05,401.50,403.42,405.31,"2,47,600","10,03,54,146.00","1,130","1,81,000",73.10
EMBASSY,RR,15-Jan-2020,403.42,404.70,404.70,384.00,390.50,390.96,393.17,"3,18,400","12,51,85,982.00",962,"2,04,800",64.32
EMBASSY,RR,16-Jan-2020,390.96,392.00,392.00,351.00,382.10,385.22,376.01,"12,49,400","46,97,90,642.00","1,511","11,38,000",91.08
EMBASSY,RR,17-Jan-2020,385.22,387.00,410.85,385.26,410.50,406.76,398.98,"3,08,200","12,29,66,132.00",661,"2,56,000",83.06
EMBASSY,RR,20-Jan-2020,406.76,415.85,415.85,408.05,410.85,410.60,410.34,"61,800","2,53,59,174.00",209,"53,600",86.73
EMBASSY,RR,21-Jan-2020,410.60,397.00,411.85,397.00,410.01,410.13,409.63,"1,76,000","7,20,95,042.00",722,"1,47,200",83.64
EMBASSY,RR,22-Jan-2020,410.13,414.40,418.00,410.00,418.00,416.65,414.72,"1,57,200","6,51,94,094.00",401,"1,42,800",90.84
EMBASSY,RR,23-Jan-2020,416.65,418.35,420.95,414.00,420.45,419.73,418.70,"25,400","1,06,34,884.00",116,"20,600",81.10
EMBASSY,RR,24-Jan-2020,419.73,420.20,424.50,419.00,424.49,424.11,422.47,"38,400","1,62,22,674.00",151,"31,600",82.29
EMBASSY,RR,27-Jan-2020,424.11,424.99,425.85,405.00,416.95,414.40,419.34,"5,92,600","24,84,98,204.00",854,"5,02,000",84.71
EMBASSY,RR,28-Jan-2020,414.40,416.00,423.97,408.00,420.00,421.57,419.65,"76,400","3,20,61,142.00",294,"51,800",67.80
EMBASSY,RR,29-Jan-2020,421.57,423.97,423.97,416.90,418.00,418.11,419.15,"1,53,400","6,42,98,220.00",522,"1,44,000",93.87
EMBASSY,RR,30-Jan-2020,418.11,418.00,418.89,415.00,415.10,415.38,416.91,"40,600","1,69,26,576.00",146,"36,800",90.64
EMBASSY,RR,31-Jan-2020,415.38,418.00,420.05,413.30,413.55,415.03,416.51,"1,34,200","5,58,95,234.00",322,"1,20,000",89.42
EMBASSY,RR,01-Feb-2020,415.03,415.28,420.00,390.00,402.00,403.17,405.04,"81,400","3,29,70,068.00",373,"43,600",53.56
EMBASSY,RR,03-Feb-2020,403.17,398.99,409.99,397.00,401.80,402.38,402.28,"1,19,800","4,81,93,696.00",591,"72,200",60.27
EMBASSY,RR,04-Feb-2020,402.38,408.30,414.86,404.00,409.50,410.11,410.93,"1,26,800","5,21,05,858.00",573,"84,000",66.25
EMBASSY,RR,05-Feb-2020,410.11,412.00,412.00,406.20,408.40,408.95,409.15,"1,01,400","4,14,87,902.00",492,"67,400",66.47
EMBASSY,RR,06-Feb-2020,408.95,411.17,428.99,411.00,428.80,427.95,422.99,"85,600","3,62,07,990.00",393,"59,800",69.86
EMBASSY,RR,07-Feb-2020,427.95,429.99,430.70,420.00,425.00,425.49,426.95,"97,000","4,14,14,376.00",439,"67,400",69.48
EMBASSY,RR,10-Feb-2020,425.49,426.00,426.00,421.00,424.44,424.42,423.53,"50,800","2,15,15,192.00",243,"41,400",81.50
EMBASSY,RR,11-Feb-2020,424.42,423.00,433.00,423.00,432.40,432.08,430.60,"42,800","1,84,29,596.00",178,"32,600",76.17
EMBASSY,RR,12-Feb-2020,432.08,428.00,441.25,428.00,435.70,437.32,437.49,"1,80,600","7,90,10,160.00",584,"1,43,200",79.29
EMBASSY,RR,13-Feb-2020,437.32,441.54,449.99,440.59,448.85,448.56,446.71,"1,65,000","7,37,06,406.00",751,"1,26,600",76.73
EMBASSY,RR,14-Feb-2020,448.56,450.00,452.90,445.01,449.80,448.42,448.38,"1,48,600","6,66,29,600.00",678,"1,19,600",80.48
EMBASSY,RR,17-Feb-2020,448.42,426.00,448.95,426.00,448.30,447.47,440.05,"3,69,200","16,24,64,876.00",382,"3,42,600",92.80
EMBASSY,RR,18-Feb-2020,447.47,444.00,445.70,436.30,444.00,439.41,441.46,"1,20,400","5,31,51,448.00",556,"86,200",71.59
EMBASSY,RR,19-Feb-2020,439.41,440.00,449.00,440.00,444.20,446.33,443.15,"83,600","3,70,47,320.00",339,"69,400",83.01
EMBASSY,RR,20-Feb-2020,446.33,440.20,454.90,440.00,454.90,452.96,450.35,"1,49,800","6,74,62,388.00",669,"88,400",59.01
EMBASSY,RR,24-Feb-2020,452.96,452.80,452.80,433.02,435.40,434.98,438.25,"4,06,600","17,81,93,524.00",444,"3,80,600",93.61
EMBASSY,RR,25-Feb-2020,434.98,437.00,445.69,430.50,436.80,434.53,440.74,"3,84,400","16,94,21,714.00",287,"3,62,600",94.33
EMBASSY,RR,26-Feb-2020,434.53,427.65,440.75,426.31,440.75,440.06,436.01,"89,400","3,89,79,300.00",348,"72,800",81.43
EMBASSY,RR,27-Feb-2020,440.06,443.25,443.25,433.00,439.38,437.77,437.37,"97,400","4,26,00,188.00",385,"72,200",74.13
EMBASSY,RR,28-Feb-2020,437.77,437.77,458.84,431.05,438.00,447.95,448.29,"3,53,200","15,83,37,390.00","1,087","3,06,000",86.64
EMBASSY,RR,02-Mar-2020,447.95,448.00,464.95,435.21,455.10,459.89,455.16,"2,35,200","10,70,53,458.00",863,"1,74,600",74.23
EMBASSY,RR,03-Mar-2020,459.89,459.00,469.95,452.45,469.00,467.94,464.15,"4,72,200","21,91,72,376.00","1,270","4,00,600",84.84
EMBASSY,RR,04-Mar-2020,467.94,462.10,469.00,462.10,465.50,464.88,465.47,"1,66,000","7,72,67,890.00",704,"1,12,400",67.71
EMBASSY,RR,05-Mar-2020,464.88,467.80,512.00,460.10,479.99,479.99,478.77,"5,32,400","25,48,97,398.00","1,859","4,09,600",76.93
EMBASSY,RR,06-Mar-2020,479.99,475.95,478.00,465.01,472.25,471.96,472.34,"1,46,800","6,93,39,926.00",446,"1,02,800",70.03
EMBASSY,RR,09-Mar-2020,471.96,456.05,498.00,434.25,462.46,461.47,469.74,"7,33,400","34,45,04,356.00","1,915","5,76,200",78.57
EMBASSY,RR,11-Mar-2020,461.47,465.00,481.00,446.20,470.00,468.73,467.36,"5,55,400","25,95,72,408.00","2,160","3,37,600",60.79
EMBASSY,RR,12-Mar-2020,468.73,452.70,458.00,428.65,433.90,433.67,437.38,"2,68,600","11,74,79,584.00","1,204","1,60,800",59.87
EMBASSY,RR,13-Mar-2020,433.67,409.90,430.00,383.00,411.85,402.59,393.85,"8,37,600","32,98,91,620.00","3,754","6,54,400",78.13
EMBASSY,RR,16-Mar-2020,402.59,410.00,410.00,392.01,400.00,397.91,399.83,"8,47,200","33,87,33,190.00","1,339","7,70,200",90.91
EMBASSY,RR,17-Mar-2020,397.91,397.00,399.26,385.00,385.00,386.50,387.22,"4,25,200","16,46,47,310.00","1,200","3,40,600",80.10
EMBASSY,RR,18-Mar-2020,386.50,386.00,400.85,375.00,375.00,380.96,385.70,"3,74,600","14,44,84,752.00","1,255","2,98,800",79.77
EMBASSY,RR,19-Mar-2020,380.96,375.00,379.50,326.00,360.00,356.47,351.83,"9,94,200","34,97,88,150.00","2,917","8,42,200",84.71
EMBASSY,RR,20-Mar-2020,356.47,400.00,400.00,348.00,360.00,361.57,359.31,"6,74,200","24,22,44,360.00","2,595","4,63,600",68.76
EMBASSY,RR,23-Mar-2020,361.57,351.70,351.70,325.00,329.00,329.87,336.45,"1,56,800","5,27,55,476.00",498,"1,30,400",83.16
EMBASSY,RR,24-Mar-2020,329.87,333.80,369.99,301.35,318.00,320.77,324.25,"2,81,000","9,11,14,478.00","1,102","2,34,800",83.56
EMBASSY,RR,25-Mar-2020,320.77,309.00,346.00,309.00,332.85,328.31,336.25,"2,53,200","8,51,38,830.00",918,"1,95,400",77.17
EMBASSY,RR,26-Mar-2020,328.31,337.50,379.85,333.85,375.85,372.41,364.76,"1,25,600","4,58,14,360.00",563,"96,200",76.59
EMBASSY,RR,27-Mar-2020,372.41,379.85,385.69,360.00,373.00,373.59,374.70,"2,58,400","9,68,21,598.00","1,221","1,77,400",68.65
EMBASSY,RR,30-Mar-2020,373.59,365.00,365.00,350.10,358.00,355.80,356.26,"64,400","2,29,43,286.00",305,"41,600",64.60
EMBASSY,RR,31-Mar-2020,355.80,361.70,363.85,350.00,351.70,350.74,353.50,"2,62,000","9,26,16,996.00",949,"2,20,600",84.20
EMBASSY,RR,01-Apr-2020,350.74,351.00,351.01,332.50,334.00,334.29,341.03,"2,38,600","8,13,70,034.00",556,"2,07,400",86.92
EMBASSY,RR,03-Apr-2020,334.29,337.99,339.50,319.29,320.70,320.50,323.39,"2,79,000","9,02,25,378.00","1,167","2,27,600",81.58
EMBASSY,RR,07-Apr-2020,320.50,335.01,340.00,322.00,335.13,336.45,332.94,"6,33,600","21,09,52,830.00","1,410","4,77,000",75.28
EMBASSY,RR,08-Apr-2020,336.45,337.00,352.00,325.00,348.50,345.99,342.72,"2,43,400","8,34,16,890.00",941,"1,69,400",69.60
EMBASSY,RR,09-Apr-2020,345.99,343.00,356.00,343.00,348.00,353.19,349.03,"5,16,800","18,03,77,478.00","1,247","4,74,200",91.76
EMBASSY,RR,13-Apr-2020,353.19,350.00,350.15,342.60,345.90,345.04,345.23,"85,600","2,95,51,750.00",403,-,-
EMBASSY,RR,15-Apr-2020,345.04,347.00,379.61,347.00,369.70,369.39,368.52,"5,92,200","21,82,36,470.00","1,414","4,90,400",82.81
EMBASSY,RR,16-Apr-2020,369.39,362.15,369.99,358.00,365.00,361.69,363.61,"5,79,200","21,06,00,254.00","1,750","4,71,400",81.39
EMBASSY,RR,17-Apr-2020,361.69,366.85,367.00,361.00,362.50,363.40,364.95,"97,600","3,56,19,584.00",327,"81,400",83.40
EMBASSY,RR,20-Apr-2020,363.40,363.50,381.00,363.00,380.99,380.05,372.72,"8,43,400","31,43,47,928.00","1,953","7,63,200",90.49
EMBASSY,RR,21-Apr-2020,380.05,370.00,380.00,369.00,369.80,370.31,374.82,"3,41,200","12,78,87,574.00","1,531","2,07,800",60.90
EMBASSY,RR,22-Apr-2020,370.31,368.00,372.80,364.00,370.00,368.44,370.08,"5,48,400","20,29,53,878.00","2,025","2,70,000",49.23
EMBASSY,RR,23-Apr-2020,368.44,375.00,377.08,370.00,370.00,370.00,373.73,"2,12,800","7,95,28,750.00","1,006","1,66,200",78.10
EMBASSY,RR,24-Apr-2020,370.00,370.60,379.99,369.00,370.02,370.32,374.59,"1,89,200","7,08,73,298.00",877,"1,06,800",56.45
EMBASSY,RR,27-Apr-2020,370.32,372.40,372.80,355.65,366.48,366.07,363.84,"4,21,800","15,34,68,314.00","1,919","2,81,600",66.76
EMBASSY,RR,28-Apr-2020,366.07,368.80,376.29,363.40,373.44,374.87,373.06,"6,12,800","22,86,09,638.00","1,422","4,43,600",72.39
EMBASSY,RR,29-Apr-2020,374.87,374.29,376.85,370.00,374.20,374.14,373.92,"4,64,400","17,36,48,880.00",786,"3,99,600",86.05
EMBASSY,RR,30-Apr-2020,374.14,375.00,375.90,370.40,371.65,372.81,372.42,"1,66,000","6,18,21,312.00",649,"1,18,000",71.08
EMBASSY,RR,04-May-2020,372.81,364.00,370.00,350.00,360.55,364.00,359.75,"5,34,000","19,21,06,414.00","1,363","4,42,000",82.77
EMBASSY,RR,05-May-2020,364.00,363.36,364.75,351.30,354.35,355.13,354.99,"1,31,600","4,67,16,580.00",638,"88,600",67.33
EMBASSY,RR,06-May-2020,355.13,354.85,354.85,345.00,349.55,350.83,350.51,"1,43,000","5,01,22,410.00",572,"1,08,000",75.52
EMBASSY,RR,07-May-2020,350.83,350.79,350.80,341.15,344.05,344.61,346.32,"1,26,600","4,38,43,950.00",519,"92,200",72.83
EMBASSY,RR,08-May-2020,344.61,344.50,354.85,344.39,348.04,349.44,351.88,"2,36,400","8,31,84,118.00",697,"2,07,400",87.73
EMBASSY,RR,11-May-2020,349.44,354.90,363.85,346.05,346.55,346.94,358.08,"2,34,400","8,39,32,998.00",948,"1,67,600",71.50
EMBASSY,RR,12-May-2020,346.94,346.00,352.00,346.00,350.00,349.08,349.88,"2,40,800","8,42,52,194.00",904,"1,89,600",78.74
EMBASSY,RR,13-May-2020,349.08,352.60,356.70,347.00,347.50,349.19,350.15,"6,59,800","23,10,28,622.00","1,618","5,97,800",90.60
EMBASSY,RR,14-May-2020,349.19,349.99,353.00,341.02,343.80,342.80,348.04,"3,77,800","13,14,87,802.00","1,308","3,03,800",80.41
EMBASSY,RR,15-May-2020,342.80,342.80,354.00,338.50,344.06,344.62,349.46,"6,14,400","21,47,05,814.00","2,544","3,95,200",64.32
EMBASSY,RR,18-May-2020,344.62,346.70,351.00,340.00,340.10,340.20,347.61,"2,42,600","8,43,29,340.00",982,"1,76,400",72.71
EMBASSY,RR,19-May-2020,340.20,344.52,346.99,341.26,342.49,341.91,344.60,"2,94,800","10,15,87,746.00","1,125","2,32,200",78.77
EMBASSY,RR,20-May-2020,341.91,344.19,347.80,322.42,325.50,325.38,337.30,"7,47,200","25,20,30,256.00","3,138","5,44,600",72.89
EMBASSY,RR,21-May-2020,325.38,325.10,339.85,325.10,332.05,331.44,328.78,"5,60,600","18,43,12,922.00","1,290","5,02,400",89.62
EMBASSY,RR,22-May-2020,331.44,329.00,345.85,329.00,345.85,338.20,336.17,"3,56,000","11,96,76,738.00","1,282","2,69,200",75.62
EMBASSY,RR,26-May-2020,338.20,340.10,344.99,335.60,336.10,336.85,340.10,"2,95,800","10,06,01,828.00","1,375","2,05,600",69.51
EMBASSY,RR,27-May-2020,336.62,338.00,347.00,335.27,346.00,345.50,341.80,"2,35,200","8,03,92,350.00",819,"1,73,800",73.89
EMBASSY,RR,28-May-2020,345.50,342.20,345.65,331.60,332.95,334.49,337.63,"2,28,800","7,72,49,378.00",856,"1,90,000",83.04
EMBASSY,RR,29-May-2020,334.49,332.95,335.00,330.00,332.39,330.68,332.29,"3,50,000","11,63,02,416.00","1,161","3,12,000",89.14
EMBASSY,RR,01-Jun-2020,330.68,334.91,338.75,334.61,335.12,336.36,336.40,"6,97,200","23,45,41,436.00",960,"5,96,800",85.60
EMBASSY,RR,02-Jun-2020,336.36,335.95,364.80,335.00,345.00,344.60,345.15,"5,23,600","18,07,21,834.00","1,543","3,45,600",66.00
EMBASSY,RR,03-Jun-2020,344.60,344.51,359.00,344.51,356.00,355.19,354.10,"3,24,000","11,47,28,886.00","1,286","2,55,400",78.83
EMBASSY,RR,04-Jun-2020,355.19,359.00,371.00,358.00,368.50,369.46,367.50,"4,53,800","16,67,69,808.00","1,585","3,63,000",79.99
EMBASSY,RR,05-Jun-2020,369.46,368.00,373.85,355.05,361.00,360.08,368.74,"2,01,600","7,43,38,300.00",653,"1,50,800",74.80
EMBASSY,RR,08-Jun-2020,360.08,362.40,364.00,353.10,354.00,354.33,358.19,"45,400","1,62,61,746.00",211,"37,000",81.50
EMBASSY,RR,09-Jun-2020,354.33,356.65,379.70,356.65,373.00,371.04,371.32,"3,42,800","12,72,89,416.00","1,458","2,54,800",74.33
EMBASSY,RR,10-Jun-2020,371.04,373.80,387.00,373.15,375.00,374.99,380.71,"2,64,200","10,05,82,930.00","1,216","1,79,600",67.98
EMBASSY,RR,11-Jun-2020,374.99,379.80,389.74,364.00,369.85,368.44,382.12,"3,01,200","11,50,95,016.00","1,072","2,07,400",68.86
EMBASSY,RR,12-Jun-2020,368.44,366.70,370.00,363.15,364.00,365.12,367.82,"1,64,000","6,03,22,014.00",628,"1,40,200",85.49
EMBASSY,RR,15-Jun-2020,365.12,367.00,382.00,367.00,371.10,369.83,376.11,"2,04,800","7,70,27,680.00",944,"1,32,800",64.84
EMBASSY,RR,16-Jun-2020,369.83,377.40,377.40,369.00,371.10,370.56,371.86,"61,200","2,27,57,690.00",221,"43,600",71.24
EMBASSY,RR,17-Jun-2020,370.56,374.85,393.00,374.74,393.00,390.47,385.56,"2,81,200","10,84,20,242.00","1,235","2,11,000",75.04
EMBASSY,RR,18-Jun-2020,390.47,389.90,397.40,388.01,392.50,392.03,392.30,"1,60,400","6,29,25,420.00",696,"92,800",57.86
EMBASSY,RR,19-Jun-2020,392.03,392.33,394.62,382.00,383.25,384.29,387.93,"1,03,200","4,00,34,216.00",393,"76,000",73.64
EMBASSY,RR,22-Jun-2020,384.29,371.10,381.60,365.00,376.49,377.07,372.05,"1,72,000","6,39,92,540.00",754,"1,13,200",65.81
EMBASSY,RR,23-Jun-2020,377.07,373.53,373.55,356.00,363.15,363.55,362.26,"4,20,800","15,24,37,178.00","1,619","3,23,400",76.85
EMBASSY,RR,24-Jun-2020,363.55,351.00,358.45,345.00,356.99,355.76,350.11,"40,76,200","1,42,71,09,880.00","6,740","29,06,000",71.29
EMBASSY,RR,25-Jun-2020,355.76,358.50,361.00,354.85,356.50,355.98,357.69,"1,67,200","5,98,04,972.00",543,"1,33,800",80.02
EMBASSY,RR,26-Jun-2020,355.98,354.11,362.60,344.40,349.95,348.09,350.12,"19,29,600","67,55,82,236.00","2,690","14,90,200",77.23
EMBASSY,RR,29-Jun-2020,348.09,342.75,347.50,338.25,343.00,343.61,341.92,"19,62,200","67,09,08,834.00","5,500","18,54,000",94.49
EMBASSY,RR,30-Jun-2020,343.61,341.86,346.75,341.30,342.00,342.63,343.12,"5,21,400","17,89,04,714.00","2,052","4,01,400",76.99
EMBASSY,RR,01-Jul-2020,342.63,345.00,345.00,341.30,345.00,344.12,343.13,"2,23,000","7,65,17,396.00","1,025","1,43,400",64.30
EMBASSY,RR,02-Jul-2020,344.12,347.98,368.90,342.70,344.00,343.58,345.37,"8,11,000","28,00,92,258.00",828,"5,13,200",63.28
EMBASSY,RR,03-Jul-2020,343.58,347.00,347.20,343.20,343.50,343.65,344.10,"4,37,800","15,06,48,892.00",660,"4,13,000",94.34
EMBASSY,RR,06-Jul-2020,343.65,341.30,344.90,341.00,341.14,341.73,343.73,"7,27,400","25,00,29,814.00",448,"82,000",11.27
EMBASSY,RR,07-Jul-2020,341.73,341.23,345.78,336.50,340.50,340.27,340.77,"2,96,000","10,08,68,012.00","1,192","1,93,600",65.41
EMBASSY,RR,08-Jul-2020,340.27,340.08,342.25,336.00,339.85,337.71,340.88,"16,94,200","57,75,13,076.00","1,172","16,30,600",96.25
EMBASSY,RR,09-Jul-2020,337.71,337.72,341.50,337.72,340.00,340.00,340.40,"5,90,200","20,09,06,522.00",960,"5,75,200",97.46
EMBASSY,RR,10-Jul-2020,340.00,341.25,341.25,339.11,340.13,340.08,340.00,"1,36,200","4,63,08,496.00",499,"1,33,200",97.80
EMBASSY,RR,13-Jul-2020,340.08,337.50,339.00,336.00,338.50,338.56,338.20,"1,33,800","4,52,50,906.00",370,"1,18,200",88.34
EMBASSY,RR,14-Jul-2020,338.56,336.20,339.70,335.00,335.15,335.15,335.61,"7,05,800","23,68,73,448.00","1,569","6,91,800",98.02
EMBASSY,RR,15-Jul-2020,335.15,336.32,339.00,333.55,337.00,335.75,337.03,"19,00,200","64,04,29,318.00",635,"18,67,000",98.25
EMBASSY,RR,16-Jul-2020,335.75,337.90,344.30,337.01,341.00,340.28,341.16,"3,47,600","11,85,86,524.00","1,226","2,90,200",83.49
EMBASSY,RR,17-Jul-2020,340.28,341.00,347.00,341.00,345.00,344.53,344.61,"5,33,000","18,36,74,568.00",883,"5,06,800",95.08
EMBASSY,RR,20-Jul-2020,344.53,345.50,348.00,339.12,343.35,343.33,343.48,"2,17,000","7,45,34,696.00",811,"1,70,400",78.53
EMBASSY,RR,21-Jul-2020,343.33,343.00,349.70,343.00,349.70,348.03,346.97,"3,83,200","13,29,59,728.00",719,"3,55,400",92.75
EMBASSY,RR,22-Jul-2020,348.03,347.40,363.00,347.00,360.05,361.67,357.78,"8,72,600","31,22,01,042.00","2,961","6,73,600",77.19
EMBASSY,RR,23-Jul-2020,361.67,357.55,368.50,357.55,363.79,362.92,363.82,"2,86,400","10,41,99,318.00","1,166","1,79,800",62.78
EMBASSY,RR,24-Jul-2020,362.92,366.80,368.75,360.30,368.25,367.83,366.19,"5,89,400","21,58,31,644.00","1,357","5,32,800",90.40
EMBASSY,RR,27-Jul-2020,367.83,367.95,369.79,355.15,362.00,361.68,363.14,"14,02,200","50,91,97,408.00","2,356","12,65,400",90.24
EMBASSY,RR,28-Jul-2020,361.68,360.10,363.00,358.10,362.40,361.97,360.96,"4,06,600","14,67,64,758.00",923,"3,47,000",85.34
EMBASSY,RR,29-Jul-2020,361.97,360.99,362.40,355.81,358.00,357.56,360.11,"6,93,800","24,98,41,344.00","1,408","6,11,600",88.15
EMBASSY,RR,30-Jul-2020,357.56,357.56,363.80,354.40,360.90,359.29,358.72,"3,54,000","12,69,87,494.00",936,"3,06,200",86.50
EMBASSY,RR,31-Jul-2020,359.29,355.10,361.80,354.50,356.95,358.17,357.01,"4,14,200","14,78,73,844.00","1,101","3,32,200",80.20
EMBASSY,RR,03-Aug-2020,358.17,357.90,361.45,355.00,356.11,356.91,357.46,"1,13,800","4,06,79,146.00",503,"91,800",80.67
EMBASSY,RR,04-Aug-2020,356.91,359.50,362.50,356.24,357.80,357.81,357.94,"5,36,200","19,19,25,168.00",578,"5,07,400",94.63
EMBASSY,RR,05-Aug-2020,357.81,361.80,380.90,360.00,376.15,377.10,369.70,"3,16,200","11,68,98,152.00","1,198","2,34,200",74.07
EMBASSY,RR,06-Aug-2020,377.10,375.73,384.95,365.00,382.75,383.35,374.83,"5,02,200","18,82,40,198.00","1,082","1,39,800",27.84
EMBASSY,RR,07-Aug-2020,383.35,382.75,387.00,369.00,377.75,379.08,379.00,"26,96,400","1,02,19,24,520.00","2,481","25,52,000",94.64
EMBASSY,RR,10-Aug-2020,379.08,378.70,380.00,375.03,378.29,378.15,378.41,"4,12,400","15,60,54,466.00",643,"3,64,800",88.46
EMBASSY,RR,11-Aug-2020,378.15,376.75,381.00,376.75,378.00,378.17,379.34,"2,89,000","10,96,29,974.00",680,"2,50,600",86.71
EMBASSY,RR,12-Aug-2020,378.17,381.90,381.98,378.99,379.00,379.61,380.25,"83,600","3,17,89,278.00",343,"64,600",77.27
EMBASSY,RR,13-Aug-2020,379.61,377.01,377.51,365.30,367.94,367.98,369.33,"5,28,600","19,52,29,934.00",609,"4,95,200",93.68
EMBASSY,RR,14-Aug-2020,367.98,369.99,373.00,365.20,366.10,367.85,369.22,"74,400","2,74,69,932.00",311,"57,600",77.42
EMBASSY,RR,17-Aug-2020,367.85,370.70,372.95,368.00,370.44,369.53,369.75,"47,800","1,76,73,976.00",129,"39,400",82.43
EMBASSY,RR,18-Aug-2020,369.53,371.00,371.00,369.05,369.05,369.74,369.79,"87,400","3,23,20,048.00",274,"73,000",83.52
EMBASSY,RR,19-Aug-2020,369.74,373.80,373.80,368.00,368.55,368.64,369.70,"93,800","3,46,77,478.00",211,"85,200",90.83
EMBASSY,RR,20-Aug-2020,368.64,372.00,372.00,366.15,368.00,367.82,368.12,"68,000","2,50,31,854.00",256,"53,200",78.24
EMBASSY,RR,21-Aug-2020,367.82,367.02,367.78,358.00,363.42,364.39,362.93,"2,21,800","8,04,98,192.00",418,"1,99,800",90.08
EMBASSY,RR,24-Aug-2020,364.39,364.99,367.00,358.15,359.50,360.78,360.04,"2,64,800","9,53,37,530.00",987,"2,08,200",78.63
EMBASSY,RR,25-Aug-2020,360.78,359.85,361.75,358.00,359.99,360.02,359.91,"2,02,800","7,29,89,684.00",517,"1,83,400",90.43
EMBASSY,RR,26-Aug-2020,360.02,364.80,365.00,359.00,365.00,363.23,362.07,"67,400","2,44,03,792.00",319,"48,000",71.22
EMBASSY,RR,27-Aug-2020,363.23,361.05,372.85,361.05,369.70,368.11,368.47,"82,600","3,04,35,300.00",342,"57,200",69.25
EMBASSY,RR,28-Aug-2020,368.11,369.00,371.40,361.00,367.85,364.71,366.37,"85,800","3,14,34,850.00",392,"62,800",73.19
EMBASSY,RR,31-Aug-2020,364.71,366.45,373.70,360.70,364.95,362.14,366.89,"1,54,000","5,65,00,814.00",619,"1,07,200",69.61
EMBASSY,RR,01-Sep-2020,362.14,368.50,368.50,361.20,361.74,362.62,363.29,"2,34,200","8,50,81,854.00",470,"1,14,000",48.68
EMBASSY,RR,02-Sep-2020,362.62,361.51,371.84,361.49,365.00,364.98,365.14,"1,53,800","5,61,58,568.00",629,"1,17,600",76.46
EMBASSY,RR,03-Sep-2020,364.98,369.50,370.25,365.08,369.95,370.00,368.88,"2,74,200","10,11,47,136.00","1,084","2,42,800",88.55
EMBASSY,RR,04-Sep-2020,370.00,367.00,370.35,366.00,369.30,369.80,368.58,"2,73,200","10,06,95,216.00",726,"2,49,200",91.22
EMBASSY,RR,07-Sep-2020,369.80,373.85,373.85,358.65,368.95,368.29,362.80,"9,70,800","35,22,06,460.00",604,"9,25,200",95.30
EMBASSY,RR,08-Sep-2020,368.29,364.65,368.79,359.30,362.48,361.75,362.01,"2,86,200","10,36,07,562.00",732,"2,65,000",92.59
EMBASSY,RR,09-Sep-2020,361.75,359.00,364.50,359.00,364.50,361.95,360.37,"2,28,000","8,21,64,794.00",752,"2,11,400",92.72
EMBASSY,RR,10-Sep-2020,361.95,364.50,369.00,359.00,360.50,360.89,361.92,"4,59,400","16,62,66,744.00","1,193","3,93,800",85.72
EMBASSY,RR,11-Sep-2020,360.89,362.49,366.74,360.64,361.99,362.06,362.12,"6,19,800","22,44,42,578.00","1,310","5,60,800",90.48
EMBASSY,RR,14-Sep-2020,362.06,360.33,370.85,360.33,363.00,363.14,363.18,"8,01,000","29,09,09,540.00","1,532","7,25,000",90.51
EMBASSY,RR,15-Sep-2020,363.14,361.10,369.11,361.10,369.00,366.70,363.66,"3,68,200","13,38,98,698.00",773,"3,38,800",92.02
EMBASSY,RR,16-Sep-2020,366.70,364.50,367.99,362.75,365.00,365.04,364.16,"1,99,200","7,25,41,532.00",537,"1,55,800",78.21
EMBASSY,RR,17-Sep-2020,365.04,365.04,371.85,365.04,368.00,368.05,369.96,"33,48,200","1,23,86,86,230.00",258,"33,24,400",99.29
EMBASSY,RR,18-Sep-2020,368.05,368.05,371.98,352.85,353.40,362.19,364.99,"26,72,400","97,53,85,922.00","3,202","25,64,000",95.94
EMBASSY,RR,21-Sep-2020,362.19,356.00,368.30,356.00,365.60,365.58,365.29,"9,02,800","32,97,82,650.00","1,216","8,53,200",94.51
EMBASSY,RR,22-Sep-2020,365.58,368.90,368.90,360.20,362.79,362.81,364.30,"4,26,200","15,52,63,496.00",471,"4,07,400",95.59
EMBASSY,RR,23-Sep-2020,362.81,366.90,369.00,363.01,365.00,364.53,366.68,"1,54,400","5,66,15,322.00",546,"1,14,800",74.35
EMBASSY,RR,24-Sep-2020,364.53,362.00,366.17,356.00,360.00,358.76,360.25,"2,16,400","7,79,57,606.00",667,"1,73,200",80.04
EMBASSY,RR,25-Sep-2020,358.76,361.20,366.00,360.80,362.00,361.99,362.17,"67,200","2,43,37,784.00",234,"53,000",78.87
EMBASSY,RR,28-Sep-2020,361.99,365.61,371.30,364.61,366.10,366.26,369.09,"3,70,600","13,67,86,426.00","1,315","2,48,800",67.13
EMBASSY,RR,29-Sep-2020,366.26,369.00,369.00,361.00,363.00,362.09,362.28,"2,49,800","9,04,97,730.00",775,"1,19,200",47.72
EMBASSY,RR,30-Sep-2020,362.09,363.00,363.50,360.00,360.62,360.78,360.86,"95,800","3,45,70,068.00",420,"70,800",73.90
EMBASSY,RR,01-Oct-2020,360.78,360.78,366.39,360.78,362.15,362.38,363.35,"46,600","1,69,32,178.00",224,"26,800",57.51
EMBASSY,RR,05-Oct-2020,362.38,361.00,368.40,360.53,367.95,366.73,365.08,"95,000","3,46,82,858.00",398,"81,400",85.68
EMBASSY,RR,06-Oct-2020,366.73,364.01,367.90,360.20,360.50,360.80,362.26,"1,66,800","6,04,25,660.00",540,"1,42,800",85.61
EMBASSY,RR,07-Oct-2020,360.80,361.00,364.00,360.30,361.00,361.42,361.80,"1,11,800","4,04,49,334.00",397,"92,800",83.01
EMBASSY,RR,08-Oct-2020,361.42,361.60,363.80,361.10,362.05,362.87,362.16,"54,600","1,97,74,156.00",204,"42,400",77.66
EMBASSY,RR,09-Oct-2020,362.87,361.36,362.88,359.05,359.55,359.95,360.01,"2,79,400","10,05,86,706.00",724,"2,62,200",93.84
EMBASSY,RR,12-Oct-2020,359.95,361.00,362.00,352.00,355.00,354.08,355.43,"1,40,200","4,98,31,980.00",604,"1,07,800",76.89
EMBASSY,RR,13-Oct-2020,354.08,353.59,359.85,353.59,358.15,358.19,358.16,"3,40,600","12,19,88,672.00",539,"3,30,200",96.95
EMBASSY,RR,14-Oct-2020,358.19,360.00,360.49,355.02,355.62,355.96,356.89,"4,12,000","14,70,37,346.00","1,088","2,47,400",60.05
EMBASSY,RR,15-Oct-2020,355.96,355.11,358.00,346.81,349.25,349.43,350.39,"6,53,600","22,90,16,352.00","1,434","6,03,000",92.26
EMBASSY,RR,16-Oct-2020,349.43,348.00,351.75,346.56,348.50,348.69,349.26,"3,09,600","10,81,31,972.00",556,"2,89,800",93.60
EMBASSY,RR,19-Oct-2020,348.69,348.84,351.65,348.84,349.20,349.36,349.62,"1,04,400","3,65,00,096.00",368,"88,200",84.48
EMBASSY,RR,20-Oct-2020,349.36,349.80,354.84,347.00,349.82,349.99,350.06,"1,54,800","5,41,89,870.00",297,"1,42,000",91.73
EMBASSY,RR,21-Oct-2020,349.99,352.00,352.00,346.00,350.00,350.17,349.89,"1,69,800","5,94,10,610.00",465,"1,47,600",86.93
EMBASSY,RR,22-Oct-2020,350.17,348.10,349.80,345.06,346.00,346.18,347.24,"2,28,000","7,91,69,698.00",816,"1,83,200",80.35
EMBASSY,RR,23-Oct-2020,346.18,346.45,348.00,346.00,346.50,346.89,346.93,"93,600","3,24,72,936.00",296,"86,800",92.74
EMBASSY,RR,26-Oct-2020,346.89,346.55,348.01,343.00,343.10,343.34,345.75,"1,97,000","6,81,12,798.00",636,"1,71,600",87.11
EMBASSY,RR,27-Oct-2020,343.34,344.30,344.90,342.00,342.00,343.14,343.29,"4,47,400","15,35,86,842.00",956,"2,78,400",62.23
EMBASSY,RR,28-Oct-2020,343.14,341.10,354.50,341.10,349.19,348.66,349.64,"4,91,200","17,17,43,734.00","1,256","4,28,000",87.13
EMBASSY,RR,29-Oct-2020,348.66,347.25,354.85,345.49,348.01,348.05,349.48,"4,45,800","15,57,96,630.00","1,008","3,66,000",82.10
EMBASSY,RR,30-Oct-2020,348.05,347.07,351.80,340.00,340.20,344.31,344.88,"9,49,000","32,72,94,884.00","1,031","8,69,200",91.59
EMBASSY,RR,02-Nov-2020,344.31,341.31,350.00,340.00,342.99,343.00,343.31,"1,52,800","5,24,57,734.00",510,"1,19,200",78.01
EMBASSY,RR,03-Nov-2020,343.00,344.99,344.99,336.10,338.70,337.92,340.06,"3,47,800","11,82,71,948.00","1,080","2,76,200",79.41
EMBASSY,RR,04-Nov-2020,337.92,340.90,342.48,330.60,333.00,334.05,339.86,"36,83,200","1,25,17,67,282.00",812,"36,40,200",98.83
EMBASSY,RR,05-Nov-2020,334.05,334.01,348.25,334.01,347.90,346.75,340.70,"3,88,400","13,23,26,914.00","1,125","2,26,000",58.19
EMBASSY,RR,06-Nov-2020,346.75,347.00,351.20,345.75,347.61,348.48,349.82,"4,87,800","17,06,43,484.00",690,"4,59,000",94.10
EMBASSY,RR,09-Nov-2020,348.48,348.99,352.70,332.25,340.00,339.97,338.88,"2,77,600","9,40,74,150.00","1,172","1,88,400",67.87
EMBASSY,RR,10-Nov-2020,339.97,342.00,349.95,337.00,339.75,339.94,340.21,"5,58,600","19,00,40,558.00",673,"5,13,800",91.98
EMBASSY,RR,11-Nov-2020,339.94,339.94,342.00,336.51,338.00,337.88,339.50,"4,30,800","14,62,54,624.00",633,"3,94,800",91.64
EMBASSY,RR,12-Nov-2020,337.88,337.00,343.85,330.30,332.03,332.67,335.77,"5,18,600","17,41,27,786.00","1,529","2,91,800",56.27
EMBASSY,RR,13-Nov-2020,332.67,333.90,337.50,331.17,332.75,333.67,333.91,"1,71,600","5,72,98,780.00",718,"1,34,400",78.32
EMBASSY,RR,14-Nov-2020,333.67,335.75,341.99,335.00,340.80,339.22,338.20,"32,200","1,08,89,966.00",143,"27,600",85.71
EMBASSY,RR,17-Nov-2020,339.22,345.00,345.00,335.00,338.00,337.60,338.38,"1,76,600","5,97,57,808.00",748,"1,34,000",75.88
EMBASSY,RR,18-Nov-2020,337.60,339.99,341.00,331.60,338.01,337.15,337.05,"3,51,600","11,85,07,174.00","1,146","2,75,600",78.38
EMBASSY,RR,19-Nov-2020,337.15,335.60,344.84,335.60,344.00,343.38,339.07,"1,70,000","5,76,42,266.00",754,"1,19,000",70.00
EMBASSY,RR,20-Nov-2020,343.38,340.10,346.30,339.54,343.00,343.24,342.16,"6,09,400","20,85,09,320.00",578,"5,77,800",94.81
EMBASSY,RR,23-Nov-2020,343.24,341.15,346.90,329.01,336.98,334.69,338.69,"2,56,400","8,68,39,566.00",945,"1,47,000",57.33
EMBASSY,RR,24-Nov-2020,334.69,336.89,343.80,336.80,342.00,342.43,341.03,"54,200","1,84,83,956.00",170,"47,600",87.82
EMBASSY,RR,25-Nov-2020,342.43,340.39,345.83,340.39,344.00,342.76,344.27,"2,03,200","6,99,56,208.00",701,"1,55,200",76.38
EMBASSY,RR,26-Nov-2020,342.76,344.00,349.50,342.76,349.50,348.50,346.33,"3,40,000","11,77,52,172.00",930,"2,70,800",79.65
EMBASSY,RR,27-Nov-2020,348.50,348.00,350.60,344.60,350.00,349.16,346.74,"99,200","3,43,96,742.00",351,"63,600",64.11
EMBASSY,RR,01-Dec-2020,349.16,364.90,364.90,348.00,348.50,350.14,350.62,"2,31,000","8,09,93,952.00",823,"1,77,400",76.80
EMBASSY,RR,02-Dec-2020,350.14,349.80,350.00,333.60,336.00,336.88,341.45,"23,79,600","81,25,13,406.00","2,304","20,81,800",87.49
EMBASSY,RR,03-Dec-2020,336.88,337.73,351.86,337.73,348.50,349.04,340.91,"20,70,800","70,59,62,478.00","1,095","19,96,800",96.43
EMBASSY,RR,04-Dec-2020,349.04,349.99,350.01,343.00,346.51,347.41,346.12,"3,41,000","11,80,25,264.00",683,"3,08,000",90.32
EMBASSY,RR,07-Dec-2020,347.41,347.90,352.50,347.90,350.80,350.93,350.49,"4,70,200","16,48,02,346.00","1,420","3,91,400",83.24
EMBASSY,RR,08-Dec-2020,350.93,352.00,355.00,350.10,351.00,351.20,352.09,"1,60,000","5,63,33,726.00",561,"1,13,200",70.75
EMBASSY,RR,09-Dec-2020,351.20,353.00,353.00,350.30,351.25,351.51,351.40,"1,30,600","4,58,92,254.00",381,"1,02,200",78.25
EMBASSY,RR,10-Dec-2020,351.51,351.60,353.00,350.00,350.50,350.56,350.71,"1,55,200","5,44,29,980.00",347,"1,28,200",82.60
EMBASSY,RR,11-Dec-2020,350.56,350.00,360.85,348.00,355.82,356.45,355.22,"1,11,000","3,94,29,502.00",453,"73,000",65.77
EMBASSY,RR,14-Dec-2020,356.45,356.45,357.30,352.00,353.50,355.00,353.92,"77,800","2,75,35,124.00",315,"52,000",66.84
EMBASSY,RR,15-Dec-2020,355.00,352.00,356.49,346.00,355.00,355.40,351.03,"1,02,600","3,60,15,386.00",241,"79,400",77.39
EMBASSY,RR,16-Dec-2020,355.40,358.00,360.00,349.55,359.90,355.24,353.85,"8,87,600","31,40,81,318.00","2,568","6,14,800",69.27
EMBASSY,RR,17-Dec-2020,355.24,356.25,365.00,356.20,362.00,361.73,362.60,"1,31,200","4,75,73,412.00",477,"99,800",76.07
EMBASSY,RR,18-Dec-2020,361.73,362.00,395.00,359.00,389.00,388.81,377.03,"4,71,800","17,78,82,994.00","1,726","3,59,600",76.22
EMBASSY,RR,21-Dec-2020,388.81,390.00,390.00,365.50,379.40,374.13,376.21,"2,43,200","9,14,93,598.00","1,045","1,64,600",67.68
EMBASSY,RR,22-Dec-2020,374.13,371.10,382.85,365.57,377.00,376.94,372.63,"1,52,000","5,66,40,518.00",636,"89,000",58.55
EMBASSY,RR,23-Dec-2020,376.94,378.00,378.00,350.00,357.50,356.49,356.63,"26,00,800","92,75,35,582.00","9,402","19,24,000",73.98
EMBASSY,RR,24-Dec-2020,356.49,354.02,358.70,349.90,352.12,353.53,353.14,"17,92,200","63,28,96,706.00","5,222","16,03,600",89.48
EMBASSY,RR,28-Dec-2020,353.53,367.50,367.50,344.00,345.90,345.59,348.41,"37,18,200","1,29,54,70,870.00","5,507","32,38,800",87.11
EMBASSY,RR,29-Dec-2020,345.59,349.85,354.70,344.50,347.09,346.07,347.50,"12,97,400","45,08,50,682.00","3,676","10,00,400",77.11
EMBASSY,RR,30-Dec-2020,346.07,348.00,349.85,344.80,345.05,344.98,345.80,"8,79,400","30,40,94,008.00","2,199","7,26,400",82.60
EMBASSY,RR,31-Dec-2020,344.98,346.37,348.73,343.25,344.46,344.22,345.20,"10,22,000","35,27,93,560.00","2,039","9,05,000",88.55
EMBASSY,RR,01-Jan-2021,344.22,347.40,354.30,345.00,351.75,351.53,350.02,"7,29,600","25,53,75,668.00","1,380","5,67,200",77.74
EMBASSY,RR,04-Jan-2021,351.53,352.20,357.90,348.05,356.40,356.51,355.26,"2,17,600","7,73,04,256.00",809,"1,65,400",76.01
EMBASSY,RR,05-Jan-2021,356.51,356.51,361.50,353.75,354.00,354.14,357.02,"3,70,600","13,23,13,206.00","1,474","2,72,800",73.61
EMBASSY,RR,06-Jan-2021,354.14,354.00,357.00,350.00,352.35,351.50,353.33,"4,67,600","16,52,18,744.00","1,390","3,57,000",76.35
EMBASSY,RR,07-Jan-2021,351.50,351.15,355.94,351.15,352.80,352.18,354.18,"5,21,000","18,45,29,390.00","2,219","4,06,600",78.04
EMBASSY,RR,08-Jan-2021,352.18,352.00,355.85,348.00,353.10,352.14,352.50,"5,77,200","20,34,60,444.00","1,984","4,61,800",80.01
EMBASSY,RR,11-Jan-2021,352.14,354.99,354.99,348.20,350.50,349.91,350.16,"6,34,800","22,22,81,660.00","2,621","5,10,800",80.47
EMBASSY,RR,12-Jan-2021,349.91,349.10,357.85,348.00,356.10,355.54,351.71,"9,93,800","34,95,30,736.00","4,155","8,16,200",82.13
EMBASSY,RR,13-Jan-2021,355.54,356.90,356.95,352.55,354.50,353.54,354.22,"5,94,200","21,04,75,486.00","2,161","3,77,200",63.48
EMBASSY,RR,14-Jan-2021,353.54,352.55,364.00,351.40,355.90,355.03,355.64,"10,43,000","37,09,28,960.00","1,804","9,55,800",91.64
EMBASSY,RR,15-Jan-2021,355.03,356.90,362.80,353.20,355.00,354.98,356.47,"6,91,600","24,65,35,272.00","2,588","5,51,400",79.73
EMBASSY,RR,18-Jan-2021,354.98,358.00,360.50,353.50,355.50,355.68,356.50,"7,46,200","26,60,18,188.00","3,246","4,88,000",65.40
EMBASSY,RR,19-Jan-2021,355.68,355.10,359.86,355.00,355.95,355.78,356.71,"6,36,800","22,71,50,498.00","2,506","4,93,400",77.48
EMBASSY,RR,20-Jan-2021,355.78,357.00,360.00,355.00,357.00,358.07,356.81,"8,57,200","30,58,61,654.00","2,327","6,79,200",79.23
EMBASSY,RR,21-Jan-2021,358.07,357.06,359.40,355.00,356.00,358.07,357.49,"4,72,600","16,89,47,690.00","1,474","3,75,400",79.43
EMBASSY,RR,22-Jan-2021,358.07,355.12,356.85,355.00,355.87,355.98,355.39,"4,16,600","14,80,55,800.00","1,728","3,37,200",80.94
EMBASSY,RR,25-Jan-2021,355.98,355.06,356.64,355.04,355.96,355.95,355.85,"14,15,200","50,36,03,158.00","1,642","12,80,200",90.46
EMBASSY,RR,27-Jan-2021,355.95,357.90,357.90,354.10,355.50,354.90,355.35,"7,06,000","25,08,78,424.00","2,171","4,68,000",66.29
EMBASSY,RR,28-Jan-2021,354.90,355.00,356.15,350.15,353.35,352.73,352.35,"5,04,000","17,75,86,560.00",862,"4,54,600",90.20
EMBASSY,RR,29-Jan-2021,352.73,355.00,355.00,351.00,351.60,351.35,351.92,"2,63,200","9,26,26,438.00","1,153","1,94,600",73.94
EMBASSY,RR,01-Feb-2021,351.35,353.70,353.80,348.00,349.40,349.63,349.68,"6,91,600","24,18,36,118.00","1,218","5,96,600",86.26
EMBASSY,RR,02-Feb-2021,349.63,351.00,362.00,348.00,355.50,356.00,353.40,"7,04,000","24,87,95,446.00","2,921","4,73,600",67.27
EMBASSY,RR,03-Feb-2021,356.00,356.50,360.10,352.00,360.00,359.48,358.28,"8,61,000","30,84,76,018.00","2,224","5,20,000",60.39
EMBASSY,RR,04-Feb-2021,359.48,357.30,358.30,354.30,354.50,354.88,355.38,"4,01,800","14,27,93,648.00","1,704","3,53,400",87.95
EMBASSY,RR,05-Feb-2021,354.88,359.70,359.70,355.00,356.20,356.63,357.08,"4,40,600","15,73,31,226.00","1,748","3,78,000",85.79
EMBASSY,RR,08-Feb-2021,356.63,357.87,358.00,346.25,350.00,349.99,350.62,"15,00,000","52,59,33,614.00","4,543","13,72,200",91.48
EMBASSY,RR,09-Feb-2021,349.99,351.00,357.90,348.99,349.50,349.78,351.41,"11,11,800","39,07,02,322.00","2,005","10,20,000",91.74
EMBASSY,RR,10-Feb-2021,349.78,349.70,351.45,346.02,348.99,347.78,348.09,"8,06,600","28,07,67,888.00","2,274","7,18,800",89.11
EMBASSY,RR,11-Feb-2021,347.78,347.78,349.90,347.00,348.00,347.67,347.58,"4,07,800","14,17,41,240.00","1,453","3,50,200",85.88
EMBASSY,RR,12-Feb-2021,347.67,347.67,352.00,346.51,350.50,350.13,349.99,"2,02,600","7,09,08,670.00",623,"1,57,400",77.69
EMBASSY,RR,15-Feb-2021,350.13,349.95,353.05,346.10,352.50,352.27,349.90,"9,79,400","34,26,87,898.00","1,116","9,09,000",92.81
EMBASSY,RR,16-Feb-2021,352.27,348.60,351.08,348.60,349.97,349.28,349.82,"5,94,800","20,80,73,826.00","1,833","5,41,000",90.95
EMBASSY,RR,17-Feb-2021,349.28,348.45,350.89,348.35,349.00,349.30,349.43,"5,26,800","18,40,81,726.00","1,387","4,56,400",86.64
EMBASSY,RR,18-Feb-2021,349.30,348.92,348.92,345.60,345.60,346.07,346.73,"5,88,800","20,41,52,110.00","1,800","5,46,400",92.80
EMBASSY,RR,19-Feb-2021,346.07,346.10,347.40,340.75,343.61,343.38,342.95,"5,30,200","18,18,33,924.00","1,922","4,77,200",90.00
EMBASSY,RR,22-Feb-2021,343.38,343.99,343.99,330.11,334.00,332.49,334.58,"9,16,200","30,65,44,472.00","2,640","7,81,800",85.33
EMBASSY,RR,23-Feb-2021,332.49,330.40,332.45,323.00,325.02,324.87,328.17,"9,13,400","29,97,46,082.00","3,150","7,66,000",83.86
EMBASSY,RR,24-Feb-2021,324.87,324.10,332.71,324.10,331.90,330.13,328.86,"4,71,800","15,51,54,802.00","1,305","4,16,200",88.22
EMBASSY,RR,25-Feb-2021,330.13,334.00,335.00,319.10,323.00,323.83,323.64,"13,11,400","42,44,21,270.00","3,807","10,10,200",77.03
EMBASSY,RR,26-Feb-2021,323.83,321.86,352.85,318.65,320.00,320.67,320.90,"13,80,400","44,29,64,818.00","3,117","11,92,600",86.40
EMBASSY,RR,01-Mar-2021,320.67,322.00,328.78,319.00,328.20,326.68,324.63,"6,38,800","20,73,73,904.00","1,538","5,34,600",83.69
EMBASSY,RR,02-Mar-2021,326.68,330.50,334.90,328.50,330.00,330.00,331.31,"4,13,400","13,69,64,786.00","1,523","3,61,000",87.32
EMBASSY,RR,03-Mar-2021,330.00,330.00,330.80,322.25,325.40,326.24,327.93,"9,15,400","30,01,89,412.00","2,139","6,21,200",67.86
EMBASSY,RR,04-Mar-2021,326.24,323.00,331.45,322.90,329.99,329.87,325.01,"4,23,000","13,74,81,134.00","1,286","3,34,600",79.10
EMBASSY,RR,05-Mar-2021,329.87,327.51,327.98,322.35,324.53,325.23,324.39,"2,78,800","9,04,40,028.00","1,082","2,27,200",81.49
EMBASSY,RR,08-Mar-2021,325.23,326.99,333.00,325.80,329.00,329.92,330.08,"2,26,400","7,47,29,032.00",923,"1,70,400",75.27
EMBASSY,RR,09-Mar-2021,329.92,329.00,336.34,329.00,334.52,335.17,332.08,"9,22,800","30,64,47,790.00","3,032","7,69,000",83.33
EMBASSY,RR,10-Mar-2021,335.17,336.00,336.50,330.00,332.00,333.20,333.54,"8,14,800","27,17,64,486.00","2,844","5,89,000",72.29
EMBASSY,RR,12-Mar-2021,333.20,334.95,339.90,334.00,335.33,335.74,336.46,"7,20,200","24,23,15,892.00","1,695","6,25,000",86.78
EMBASSY,RR,15-Mar-2021,335.74,338.00,346.85,334.11,334.79,335.12,337.34,"6,82,400","23,02,04,224.00","1,984","4,95,800",72.66
EMBASSY,RR,16-Mar-2021,335.12,337.50,343.00,336.30,341.10,341.57,341.34,"11,08,400","37,83,42,928.00","3,032","8,82,400",79.61
EMBASSY,RR,17-Mar-2021,341.57,342.90,342.90,337.20,338.50,338.63,339.11,"1,92,800","6,53,80,332.00",822,"1,37,400",71.27
EMBASSY,RR,18-Mar-2021,338.63,338.35,341.00,336.40,339.16,339.82,339.72,"3,33,800","11,33,99,448.00","1,238","2,28,400",68.42
EMBASSY,RR,19-Mar-2021,339.82,339.70,339.70,325.50,326.34,330.63,331.15,"49,17,400","1,62,84,10,112.00","6,072","43,16,800",87.79
EMBASSY,RR,22-Mar-2021,330.63,333.70,334.50,330.64,334.40,333.26,333.11,"2,82,000","9,39,35,828.00",926,"2,33,400",82.77
EMBASSY,RR,23-Mar-2021,333.26,333.50,333.99,325.14,325.50,325.55,330.16,"7,73,000","25,52,10,874.00","1,401","6,96,600",90.12
EMBASSY,RR,24-Mar-2021,325.55,326.00,331.00,325.23,325.51,325.80,326.56,"13,93,600","45,50,93,894.00","1,339","12,03,800",86.38
EMBASSY,RR,25-Mar-2021,325.80,326.01,328.81,324.39,325.00,324.65,325.62,"14,91,000","48,55,02,386.00","1,299","14,43,000",96.78
EMBASSY,RR,26-Mar-2021,324.65,325.02,328.49,324.15,324.79,324.32,325.93,"2,22,800","7,26,17,170.00",898,"1,78,400",80.07
EMBASSY,RR,30-Mar-2021,324.32,324.50,330.75,324.50,327.40,327.42,327.64,"6,38,400","20,91,66,948.00","1,997","5,39,400",84.49
EMBASSY,RR,31-Mar-2021,327.42,327.00,327.25,323.10,326.70,325.45,325.53,"5,67,800","18,48,33,924.00","1,410","4,92,600",86.76
EMBASSY,RR,01-Apr-2021,325.45,325.40,328.21,324.45,325.55,325.30,325.63,"2,64,200","8,60,31,230.00",856,"2,30,200",87.13
EMBASSY,RR,05-Apr-2021,325.30,325.00,328.00,318.05,319.65,319.66,320.29,"6,62,200","21,20,93,134.00","2,310","6,05,800",91.48
EMBASSY,RR,06-Apr-2021,319.66,321.68,322.35,316.51,320.00,319.96,318.81,"5,14,600","16,40,61,492.00","1,361","4,51,000",87.64
EMBASSY,RR,07-Apr-2021,319.96,320.00,324.50,318.51,319.95,320.06,320.31,"3,90,600","12,51,12,144.00",845,"3,32,200",85.05
EMBASSY,RR,08-Apr-2021,320.06,324.50,324.50,315.32,320.20,318.35,319.96,"6,10,800","19,54,31,944.00","1,222","5,23,600",85.72
EMBASSY,RR,09-Apr-2021,318.35,318.50,320.00,312.01,314.85,313.82,316.32,"6,01,800","19,03,58,990.00","1,707","5,31,600",88.33
EMBASSY,RR,12-Apr-2021,313.82,315.00,316.00,309.01,309.60,309.76,310.77,"5,91,800","18,39,14,084.00","2,316","5,17,400",87.43
EMBASSY,RR,13-Apr-2021,309.76,309.00,313.85,308.75,312.80,310.40,310.82,"4,34,000","13,48,97,988.00","1,459","3,60,800",83.13
EMBASSY,RR,15-Apr-2021,310.40,310.01,313.95,306.00,306.78,306.64,306.90,"7,08,600","21,74,69,464.00","1,820","5,73,800",80.98
EMBASSY,RR,16-Apr-2021,306.64,307.00,312.00,306.02,309.73,309.55,309.92,"3,12,600","9,68,82,146.00","1,068","2,35,000",75.18
EMBASSY,RR,19-Apr-2021,309.55,308.79,309.00,304.00,304.99,304.57,305.73,"6,17,400","18,87,59,806.00","2,084","5,05,600",81.89
EMBASSY,RR,20-Apr-2021,304.57,306.01,317.90,306.01,314.21,312.60,307.83,"8,30,000","25,55,00,128.00","2,796","6,69,400",80.65
EMBASSY,RR,22-Apr-2021,312.60,310.87,313.70,308.56,311.70,310.84,310.83,"3,37,800","10,49,99,976.00",976,"2,88,400",85.38
EMBASSY,RR,23-Apr-2021,310.84,311.77,316.40,309.00,309.80,309.71,311.87,"3,63,800","11,34,57,908.00","1,214","2,87,600",79.05
EMBASSY,RR,26-Apr-2021,309.71,312.20,312.50,308.75,310.60,310.21,310.03,"12,52,000","38,81,57,296.00",794,"12,03,800",96.15
EMBASSY,RR,27-Apr-2021,310.21,310.40,311.45,309.00,310.05,310.59,310.17,"4,61,400","14,31,12,368.00","1,431","4,19,200",90.85
EMBASSY,RR,28-Apr-2021,310.59,311.50,317.90,310.59,313.35,312.46,314.56,"6,58,600","20,71,71,636.00","1,182","5,67,400",86.15
EMBASSY,RR,29-Apr-2021,312.46,312.00,316.99,311.40,311.40,311.83,311.98,"3,13,600","9,78,37,654.00",952,"2,50,600",79.91
EMBASSY,RR,30-Apr-2021,311.83,311.03,317.96,311.00,313.01,312.61,316.36,"11,05,200","34,96,44,510.00","1,310","10,20,600",92.35
EMBASSY,RR,03-May-2021,312.61,311.61,320.45,311.61,316.50,316.06,316.51,"6,79,800","21,51,66,314.00","1,582","6,15,400",90.53
EMBASSY,RR,04-May-2021,316.06,319.00,321.00,316.79,319.00,319.19,319.56,"3,71,600","11,87,47,032.00",918,"3,40,400",91.60
EMBASSY,RR,05-May-2021,319.19,320.98,322.55,317.20,321.00,319.60,319.05,"42,31,200","1,34,99,75,108.00",587,"41,87,400",98.96
EMBASSY,RR,06-May-2021,319.60,317.00,321.90,316.00,317.10,317.29,319.25,"3,76,400","12,01,65,858.00","1,517","3,04,200",80.82
EMBASSY,RR,07-May-2021,317.29,316.00,319.80,312.11,314.20,313.51,316.19,"4,63,800","14,66,49,878.00","1,783","3,79,600",81.85
EMBASSY,RR,10-May-2021,313.51,315.49,318.50,315.20,316.86,316.99,317.03,"4,64,400","14,72,27,954.00","1,583","3,83,400",82.56
EMBASSY,RR,11-May-2021,316.99,316.24,317.48,314.70,316.00,316.04,315.23,"26,42,400","83,29,64,758.00","1,819","25,19,400",95.35
EMBASSY,RR,12-May-2021,316.04,314.55,319.70,314.16,319.00,318.72,316.38,"3,18,400","10,07,36,170.00",761,"2,78,200",87.37
EMBASSY,RR,14-May-2021,318.72,319.99,319.99,316.75,318.51,319.29,318.70,"2,00,800","6,39,94,316.00",719,"1,57,000",78.19
EMBASSY,RR,17-May-2021,319.29,319.37,324.70,314.00,323.00,322.19,319.02,"23,58,600","75,24,51,448.00","1,001","23,11,400",98.00
EMBASSY,RR,18-May-2021,322.19,319.10,330.50,319.10,328.03,328.82,327.01,"2,62,000","8,56,77,358.00","1,095","1,86,800",71.30
EMBASSY,RR,19-May-2021,328.82,329.42,335.01,327.05,330.00,329.96,331.62,"3,83,600","12,72,08,454.00","1,028","2,88,600",75.23
EMBASSY,RR,20-May-2021,329.96,332.90,332.90,327.15,330.00,330.23,328.95,"6,59,200","21,68,41,876.00","1,263","6,24,200",94.69
EMBASSY,RR,21-May-2021,330.23,330.00,330.00,325.10,326.50,326.54,328.33,"12,06,400","39,61,01,332.00","1,609","11,65,200",96.58
EMBASSY,RR,24-May-2021,326.54,326.60,328.49,321.10,321.25,322.73,325.31,"9,02,200","29,34,91,288.00","2,354","8,08,200",89.58
EMBASSY,RR,25-May-2021,322.73,322.00,325.00,321.55,323.00,323.38,323.03,"5,57,200","17,99,89,748.00","2,378","4,71,400",84.60
EMBASSY,RR,26-May-2021,323.38,323.70,323.70,320.51,322.83,322.21,322.00,"6,54,000","21,05,88,402.00","2,890","5,06,200",77.40
EMBASSY,RR,27-May-2021,322.21,320.51,329.98,320.51,327.00,326.34,323.78,"10,49,000","33,96,46,718.00","3,579","8,63,200",82.29
EMBASSY,RR,28-May-2021,326.34,325.50,330.60,324.20,330.00,327.03,326.09,"3,19,600","10,42,17,250.00",736,"2,67,400",83.67
EMBASSY,RR,31-May-2021,327.03,331.00,331.00,324.12,325.00,325.21,325.97,"5,74,000","18,71,08,854.00",708,"5,51,600",96.10
EMBASSY,RR,01-Jun-2021,325.21,325.70,328.50,324.52,325.60,326.32,325.90,"5,90,000","19,22,78,616.00","1,131","5,33,000",90.34
EMBASSY,RR,02-Jun-2021,326.32,327.20,327.30,324.14,324.50,324.49,324.75,"7,43,600","24,14,85,630.00","1,464","7,23,200",97.26
EMBASSY,RR,03-Jun-2021,324.49,324.60,326.00,323.00,324.50,324.47,323.99,"6,75,600","21,88,90,506.00","2,232","6,39,200",94.61
EMBASSY,RR,04-Jun-2021,324.47,323.30,333.00,323.30,332.95,331.43,328.79,"3,86,000","12,69,12,742.00","1,093","3,33,800",86.48
EMBASSY,RR,07-Jun-2021,331.43,332.40,332.95,330.05,332.90,332.37,331.99,"4,73,000","15,70,30,058.00",885,"4,12,600",87.23
EMBASSY,RR,08-Jun-2021,332.37,332.99,339.25,332.90,338.40,338.50,336.37,"7,70,000","25,90,04,566.00","2,739","7,23,800",94.00
EMBASSY,RR,09-Jun-2021,338.50,338.70,344.90,336.81,342.00,342.76,339.70,"29,56,000","1,00,41,56,094.00","1,549","24,86,800",84.13
EMBASSY,RR,10-Jun-2021,342.76,343.95,350.23,343.55,349.00,349.51,347.00,"3,48,600","12,09,63,976.00","1,159","2,98,400",85.60
EMBASSY,RR,11-Jun-2021,349.51,350.00,355.60,350.00,353.25,353.74,353.77,"9,03,600","31,96,70,072.00","2,355","8,19,400",90.68
EMBASSY,RR,14-Jun-2021,353.74,353.74,355.90,285.00,349.99,350.38,348.16,"3,60,400","12,54,76,964.00","1,212","2,50,800",69.59
EMBASSY,RR,15-Jun-2021,350.38,352.95,356.00,350.13,352.50,352.84,353.42,"3,79,200","13,40,16,476.00","1,114","3,14,400",82.91
EMBASSY,RR,16-Jun-2021,352.84,354.00,354.00,341.20,342.48,341.88,347.61,"2,93,000","10,18,50,712.00",965,"2,37,600",81.09
EMBASSY,RR,17-Jun-2021,341.88,337.77,344.80,336.00,336.75,336.73,338.23,"2,29,200","7,75,23,384.00",758,"1,88,600",82.29
EMBASSY,RR,18-Jun-2021,336.73,338.00,339.80,322.65,329.60,333.06,334.27,"19,32,000","64,58,11,726.00","5,213","17,37,600",89.94
EMBASSY,RR,21-Jun-2021,333.06,328.10,337.85,328.06,337.00,336.91,335.98,"3,11,800","10,47,57,320.00",910,"2,65,200",85.05
EMBASSY,RR,22-Jun-2021,336.91,338.00,339.93,336.01,339.00,339.33,338.67,"3,72,800","12,62,54,860.00",596,"3,47,400",93.19
EMBASSY,RR,23-Jun-2021,339.33,338.01,341.00,337.50,337.68,337.74,339.03,"1,00,800","3,41,73,768.00",291,"78,000",77.38
EMBASSY,RR,24-Jun-2021,337.74,340.48,340.48,338.55,339.70,339.30,339.40,"82,200","2,78,98,994.00",255,"70,000",85.16
EMBASSY,RR,25-Jun-2021,339.30,340.01,344.90,337.27,344.90,343.96,341.67,"1,64,600","5,62,38,358.00",445,"1,19,600",72.66
EMBASSY,RR,28-Jun-2021,343.96,345.00,345.60,339.40,342.39,340.30,342.74,"4,20,200","14,40,19,372.00",513,"3,77,800",89.91
EMBASSY,RR,29-Jun-2021,340.30,340.20,356.10,340.20,349.00,349.32,343.08,"22,81,000","78,25,62,628.00","1,471","21,07,400",92.39
EMBASSY,RR,30-Jun-2021,349.32,351.69,354.83,348.20,350.00,350.38,350.43,"3,78,200","13,25,33,230.00",895,"3,17,800",84.03
EMBASSY,RR,01-Jul-2021,350.38,352.98,352.98,346.00,346.05,346.68,348.76,"1,30,800","4,56,18,446.00",354,"1,07,000",81.80
EMBASSY,RR,02-Jul-2021,346.68,345.20,349.50,345.20,349.29,348.21,347.58,"11,02,800","38,33,08,000.00","2,601","8,10,800",73.52
EMBASSY,RR,05-Jul-2021,348.21,350.00,350.60,347.05,349.20,349.95,349.42,"6,71,600","23,46,71,060.00","1,460","6,02,000",89.64
EMBASSY,RR,06-Jul-2021,349.95,349.89,352.00,349.00,351.40,351.21,350.49,"2,24,200","7,85,80,374.00",810,"1,56,200",69.67
EMBASSY,RR,07-Jul-2021,351.21,349.05,353.50,349.00,352.00,352.58,352.13,"2,53,200","8,91,58,764.00",901,"1,91,800",75.75
EMBASSY,RR,08-Jul-2021,352.58,352.90,357.76,350.06,354.26,354.42,355.50,"5,61,800","19,97,21,360.00","1,655","4,79,200",85.30
EMBASSY,RR,09-Jul-2021,354.42,354.10,359.90,353.00,358.00,357.80,358.05,"4,61,200","16,51,31,752.00","1,705","3,79,200",82.22
EMBASSY,RR,12-Jul-2021,357.80,358.40,359.69,355.20,359.00,358.39,358.32,"1,60,200","5,74,02,066.00",554,"1,20,400",75.16
EMBASSY,RR,13-Jul-2021,358.39,359.25,359.25,354.21,357.05,357.97,355.75,"2,21,000","7,86,21,120.00",797,"1,89,400",85.70
EMBASSY,RR,14-Jul-2021,357.97,356.20,359.95,356.20,359.00,359.24,359.43,"2,37,600","8,54,00,586.00",759,"2,05,200",86.36
EMBASSY,RR,15-Jul-2021,359.24,359.89,359.89,355.60,356.05,357.27,357.01,"99,000","3,53,43,562.00",349,"79,200",80.00
EMBASSY,RR,16-Jul-2021,357.27,358.49,362.49,350.40,357.10,357.58,356.36,"8,83,200","31,47,35,938.00","1,276","6,42,200",72.71
EMBASSY,RR,19-Jul-2021,357.58,355.98,359.59,354.40,355.01,355.24,356.53,"1,47,200","5,24,81,176.00",413,"1,21,600",82.61
EMBASSY,RR,20-Jul-2021,355.24,357.90,358.85,354.37,358.00,357.98,357.97,"19,21,000","68,76,55,596.00",260,"19,00,800",98.95
EMBASSY,RR,22-Jul-2021,357.98,358.95,358.95,348.05,348.58,349.85,354.97,"9,63,000","34,18,40,908.00","1,241","8,59,200",89.22
EMBASSY,RR,23-Jul-2021,349.85,351.00,353.80,351.00,352.12,352.51,352.01,"1,63,800","5,76,59,320.00",408,"1,46,600",89.50
EMBASSY,RR,26-Jul-2021,352.51,350.10,354.70,350.10,353.15,352.84,352.72,"1,05,600","3,72,47,564.00",373,"89,000",84.28
EMBASSY,RR,27-Jul-2021,352.84,353.80,358.70,351.25,357.05,356.67,354.00,"1,30,200","4,60,90,872.00",404,"99,400",76.34
EMBASSY,RR,28-Jul-2021,356.67,353.60,359.75,350.00,356.26,357.50,354.10,"1,75,200","6,20,38,440.00",655,"1,21,400",69.29
EMBASSY,RR,29-Jul-2021,357.50,357.70,370.99,352.20,362.00,361.90,362.68,"2,57,200","9,32,80,524.00",889,"1,90,000",73.87
EMBASSY,RR,30-Jul-2021,361.90,361.80,364.75,360.60,361.22,361.79,361.86,"4,11,400","14,88,68,942.00","1,427","3,04,400",73.99
EMBASSY,RR,02-Aug-2021,361.79,361.95,364.01,361.00,362.50,362.52,362.58,"2,18,600","7,92,60,976.00",616,"1,64,200",75.11
EMBASSY,RR,03-Aug-2021,362.52,363.00,365.00,360.24,360.50,361.87,363.45,"7,89,800","28,70,48,984.00","2,335","7,01,800",88.86
EMBASSY,RR,04-Aug-2021,361.87,360.40,362.25,357.70,361.00,360.59,360.55,"4,62,000","16,65,75,814.00","1,549","3,30,200",71.47
EMBASSY,RR,05-Aug-2021,360.59,359.78,361.45,355.30,357.00,356.96,358.42,"3,10,400","11,12,52,882.00",800,"2,45,200",78.99
EMBASSY,RR,06-Aug-2021,356.96,356.96,362.00,355.99,359.00,358.94,359.17,"16,40,800","58,93,20,258.00",887,"16,13,200",98.32
EMBASSY,RR,09-Aug-2021,358.94,359.00,359.09,357.00,357.90,357.92,358.09,"2,21,600","7,93,53,610.00",767,"2,11,000",95.22
EMBASSY,RR,10-Aug-2021,357.92,358.00,359.60,350.30,351.60,353.67,356.07,"4,64,200","16,52,86,176.00","1,504","3,71,200",79.97
EMBASSY,RR,11-Aug-2021,353.67,356.80,356.80,347.50,348.02,348.25,348.94,"4,19,234","14,62,88,823.03","9,348","3,34,729",79.84
EMBASSY,RR,12-Aug-2021,348.25,349.77,350.88,346.50,348.70,349.45,349.49,"3,16,830","11,07,28,997.08","3,629","2,39,831",75.70
EMBASSY,RR,13-Aug-2021,349.45,350.90,355.79,347.20,355.00,352.56,351.31,"2,72,756","9,58,21,602.54","4,177","2,41,445",88.52
EMBASSY,RR,16-Aug-2021,352.56,360.80,360.80,348.25,350.00,349.77,350.26,"2,38,625","8,35,80,354.85","2,893","2,19,430",91.96
EMBASSY,RR,17-Aug-2021,349.77,353.99,353.99,346.20,346.58,347.05,348.91,"2,59,583","9,05,69,997.29","1,477","2,43,988",93.99
EMBASSY,RR,18-Aug-2021,347.05,345.30,350.80,345.30,347.00,346.99,347.18,"1,38,977","4,82,49,686.91","1,995","1,26,508",91.03
EMBASSY,RR,20-Aug-2021,346.99,346.20,348.85,342.00,343.83,344.63,346.33,"78,76,404","2,72,78,59,241.21","2,923","78,19,020",99.27
EMBASSY,RR,23-Aug-2021,344.63,347.40,347.40,341.01,345.00,345.08,344.89,"1,84,076","6,34,85,676.55","3,194","1,66,453",90.43
EMBASSY,RR,24-Aug-2021,345.08,347.20,353.00,345.50,347.64,347.20,349.51,"13,49,882","47,18,03,420.34","1,960","13,00,736",96.36
EMBASSY,RR,25-Aug-2021,347.20,348.40,351.06,346.01,347.16,347.49,347.32,"1,44,457","5,01,72,703.20","2,168","1,34,235",92.92
EMBASSY,RR,26-Aug-2021,347.49,347.20,350.80,346.00,350.80,347.66,347.08,"2,05,763","7,14,16,868.48","1,489","1,76,539",85.80
EMBASSY,RR,27-Aug-2021,347.66,349.98,351.45,347.05,348.50,349.83,349.38,"1,82,532","6,37,73,068.93","1,545","1,54,006",84.37
EMBASSY,RR,30-Aug-2021,349.83,349.99,358.00,348.15,355.10,355.30,353.24,"1,85,321","6,54,61,921.11","4,112","1,42,191",76.73
EMBASSY,RR,31-Aug-2021,355.30,355.00,359.85,350.50,358.90,357.60,357.53,"2,42,494","8,66,98,278.69","2,778","1,78,100",73.45
EMBASSY,RR,01-Sep-2021,357.60,357.60,362.46,355.20,359.02,360.02,360.18,"2,70,425","9,74,01,253.34","4,408","1,89,976",70.25
EMBASSY,RR,02-Sep-2021,360.02,362.80,367.52,358.10,365.60,366.02,365.18,"1,95,361","7,13,42,020.75","5,072","1,76,954",90.58
EMBASSY,RR,03-Sep-2021,366.02,366.00,371.70,363.97,368.00,368.55,368.73,"7,11,664","26,24,10,467.97","6,609","6,43,441",90.41
EMBASSY,RR,06-Sep-2021,368.55,368.55,372.55,366.20,372.00,371.98,371.33,"3,28,337","12,19,21,767.63","6,104","2,94,530",89.70
EMBASSY,RR,07-Sep-2021,371.98,372.98,381.00,369.65,371.65,372.78,378.69,"10,50,775","39,79,23,065.01","18,494","9,79,898",93.25
EMBASSY,RR,08-Sep-2021,372.78,374.00,377.70,372.00,374.00,374.76,374.61,"8,12,174","30,42,45,439.38","2,591","7,98,762",98.35
EMBASSY,RR,09-Sep-2021,374.76,375.98,375.98,368.80,369.90,370.15,372.93,"6,32,954","23,60,46,687.43","2,176","6,21,665",98.22
EMBASSY,RR,13-Sep-2021,370.15,372.70,376.95,370.55,372.56,374.33,373.76,"5,54,071","20,70,86,807.53","5,368","5,32,319",96.07
EMBASSY,RR,14-Sep-2021,374.33,372.48,377.00,372.02,373.89,374.21,374.70,"6,95,946","26,07,68,718.92","4,138","2,37,797",34.17
EMBASSY,RR,15-Sep-2021,374.21,364.07,364.07,353.31,355.72,355.47,357.61,"35,46,274","1,26,82,00,381.04","17,791","23,74,440",66.96
EMBASSY,RR,16-Sep-2021,355.47,358.40,358.90,356.50,358.11,358.13,357.70,"7,86,735","28,14,13,336.95","6,093","7,43,318",94.48
EMBASSY,RR,17-Sep-2021,358.13,359.90,360.85,349.15,355.00,352.03,353.66,"21,04,429","74,42,53,406.20","30,122","18,14,760",86.24
EMBASSY,RR,20-Sep-2021,352.03,353.50,353.50,327.51,331.75,330.01,337.10,"44,69,289","1,50,66,07,526.59","42,897","34,80,843",77.88
EMBASSY,RR,21-Sep-2021,330.01,332.00,338.40,330.00,334.71,335.30,334.93,"21,04,729","70,49,43,457.55","20,479","17,91,108",85.10
EMBASSY,RR,22-Sep-2021,335.30,337.90,343.50,334.20,340.75,341.63,338.63,"6,44,873","21,83,76,420.43","9,991","5,32,939",82.64
EMBASSY,RR,23-Sep-2021,341.63,341.65,343.70,335.00,336.60,337.22,337.76,"15,70,565","53,04,80,394.83","15,567","13,54,834",86.26
EMBASSY,RR,24-Sep-2021,337.22,338.90,339.50,331.18,334.00,333.89,334.56,"16,19,000","54,16,49,560.58","20,472","14,66,497",90.58
EMBASSY,RR,27-Sep-2021,333.89,338.99,339.00,329.69,331.14,330.60,333.08,"16,20,878","53,98,81,913.96","23,297","11,26,925",69.53
EMBASSY,RR,28-Sep-2021,330.60,330.98,332.90,327.10,331.00,331.10,329.80,"13,05,260","43,04,68,888.84","23,451","10,65,079",81.60
EMBASSY,RR,29-Sep-2021,331.10,331.95,338.80,328.20,336.06,334.64,333.62,"10,36,717","34,58,69,338.05","16,838","8,20,963",79.19
EMBASSY,RR,30-Sep-2021,334.64,334.99,340.90,334.90,337.30,339.07,339.00,"6,47,639","21,95,47,988.05","13,598","5,21,811",80.57
EMBASSY,RR,01-Oct-2021,339.07,337.50,342.00,336.51,341.19,340.36,340.40,"5,04,856","17,18,51,725.53","16,840","3,74,706",74.22
EMBASSY,RR,04-Oct-2021,340.36,341.99,345.84,340.50,344.05,344.79,344.64,"7,45,467","25,69,21,299.76","7,049","6,85,654",91.98
EMBASSY,RR,05-Oct-2021,344.79,344.79,350.99,343.01,343.11,344.48,348.05,"7,20,330","25,07,13,001.86","14,200","5,73,254",79.58
EMBASSY,RR,06-Oct-2021,344.48,345.80,348.99,342.00,343.20,345.08,346.32,"7,17,506","24,84,89,525.56","17,138","5,68,990",79.30
EMBASSY,RR,07-Oct-2021,345.08,344.01,351.36,344.01,346.00,346.89,348.76,"13,30,426","46,39,99,148.64","19,884","10,71,551",80.54
EMBASSY,RR,08-Oct-2021,346.89,346.90,350.05,345.26,346.53,345.94,348.37,"7,86,069","27,38,44,579.37","11,762","6,03,365",76.76
EMBASSY,RR,11-Oct-2021,345.94,346.41,350.00,343.50,344.50,344.82,347.93,"5,50,144","19,14,11,332.11","8,004","4,29,229",78.02
EMBASSY,RR,12-Oct-2021,344.82,345.75,347.99,337.50,341.23,341.98,343.97,"6,53,093","22,46,45,689.06","8,588","4,77,629",73.13
EMBASSY,RR,13-Oct-2021,341.98,344.40,347.00,341.55,344.65,344.46,344.87,"5,81,168","20,04,29,596.69","9,648","4,57,082",78.65
EMBASSY,RR,14-Oct-2021,344.46,344.46,351.65,344.46,350.02,349.88,349.23,"6,03,451","21,07,40,568.93","6,195","4,88,826",81.01
EMBASSY,RR,18-Oct-2021,349.88,352.00,356.70,350.30,351.05,351.39,354.78,"17,93,965","63,64,59,187.55","14,264","15,97,882",89.07
EMBASSY,RR,19-Oct-2021,351.39,351.11,352.05,348.75,349.05,349.99,350.54,"11,81,960","41,43,26,303.69","11,129","10,71,337",90.64
EMBASSY,RR,20-Oct-2021,349.99,350.00,351.00,347.55,347.95,348.00,348.30,"3,97,194","13,83,41,687.98","9,210","3,44,199",86.66
EMBASSY,RR,21-Oct-2021,348.00,350.50,355.30,349.13,349.72,350.84,351.93,"6,94,093","24,42,71,114.55","5,569","5,59,329",80.58
EMBASSY,RR,22-Oct-2021,350.84,351.60,352.00,347.60,348.00,349.09,350.13,"6,43,574","22,53,35,051.72","6,835","6,03,670",93.80
EMBASSY,RR,25-Oct-2021,349.09,351.00,351.00,346.55,347.60,347.86,349.00,"1,41,902","4,95,24,145.51","3,664","1,19,647",84.32
EMBASSY,RR,26-Oct-2021,347.86,349.70,354.00,347.60,349.07,349.36,352.04,"9,03,089","31,79,23,414.00","12,710","8,37,477",92.73
EMBASSY,RR,27-Oct-2021,349.36,349.90,354.70,349.00,353.99,353.66,350.85,"50,55,473","1,77,37,07,748.68","16,564","48,52,495",95.98
EMBASSY,RR,28-Oct-2021,353.66,353.99,356.00,350.61,351.48,351.12,351.90,"3,16,164","11,12,58,582.75","10,947","2,39,764",75.84
EMBASSY,RR,29-Oct-2021,351.12,353.30,353.30,349.00,350.00,349.64,350.35,"6,31,259","22,11,62,507.18","10,091","5,05,578",80.09
EMBASSY,RR,01-Nov-2021,349.64,352.00,356.00,351.00,352.35,352.73,353.73,"3,45,528","12,22,23,967.79","9,609","2,75,147",79.63
EMBASSY,RR,02-Nov-2021,352.73,353.00,356.80,353.00,356.38,355.70,355.77,"5,84,297","20,78,74,469.46","20,956","4,77,981",81.80
EMBASSY,RR,03-Nov-2021,355.70,356.28,356.75,354.05,354.58,355.20,355.28,"2,24,582","7,97,89,875.40","7,041","1,91,343",85.20
EMBASSY,RR,04-Nov-2021,355.20,356.80,358.49,355.10,358.00,357.55,357.30,"45,803","1,63,65,224.97",851,"38,833",84.78
EMBASSY,RR,08-Nov-2021,357.55,361.90,375.00,357.60,368.00,365.19,369.09,"15,50,378","57,22,33,520.40","54,136","13,10,321",84.52
EMBASSY,RR,09-Nov-2021,365.19,367.00,369.80,360.55,368.47,368.64,365.54,"6,44,788","23,56,98,913.70","18,951","5,54,088",85.93
EMBASSY,RR,10-Nov-2021,368.64,368.64,370.00,364.76,366.50,368.10,367.63,"2,29,974","8,45,45,223.43","7,683","1,69,451",73.68
EMBASSY,RR,11-Nov-2021,368.10,365.01,367.00,358.50,364.40,364.02,362.69,"2,71,947","9,86,32,282.59","8,379","2,09,890",77.18
EMBASSY,RR,12-Nov-2021,364.02,366.80,374.00,364.05,369.90,370.14,366.14,"47,28,717","1,73,13,92,580.73","22,897","44,86,824",94.88
EMBASSY,RR,15-Nov-2021,370.14,371.99,373.90,368.29,372.70,372.01,371.51,"7,99,105","29,68,75,016.69","14,536","7,58,814",94.96
EMBASSY,RR,16-Nov-2021,372.01,372.99,373.75,366.10,367.95,367.98,369.75,"4,58,424","16,95,00,078.00","11,170","4,18,726",91.34
EMBASSY,RR,17-Nov-2021,367.98,368.99,369.99,366.20,367.80,368.45,368.50,"4,40,826","16,24,44,049.97","15,599","3,53,138",80.11
EMBASSY,RR,18-Nov-2021,368.45,368.00,369.00,365.10,367.00,366.66,367.07,"5,75,614","21,12,89,823.56","16,527","4,95,514",86.08
EMBASSY,RR,22-Nov-2021,366.66,367.00,375.45,365.80,367.95,368.01,370.92,"12,66,576","46,97,94,138.62","42,921","9,90,533",78.21
EMBASSY,RR,23-Nov-2021,368.01,369.80,372.25,368.05,370.00,370.11,370.95,"15,46,266","57,35,80,495.82","46,200","13,46,764",87.10
EMBASSY,RR,24-Nov-2021,370.11,371.98,379.70,366.31,369.90,368.14,372.02,"13,87,659","51,62,33,701.82","39,853","7,11,345",51.26
EMBASSY,RR,25-Nov-2021,368.14,372.38,377.00,367.67,374.99,371.42,373.33,"15,04,752","56,17,73,570.78","58,053","7,98,034",53.03
EMBASSY,RR,26-Nov-2021,371.42,371.00,372.00,365.00,366.00,365.99,367.84,"6,08,235","22,37,35,972.62","29,534","4,86,487",79.98
EMBASSY,RR,29-Nov-2021,365.99,362.00,369.00,350.01,367.00,363.89,360.87,"3,29,547","11,89,22,763.08","11,124","2,39,959",72.81
EMBASSY,RR,30-Nov-2021,363.89,361.25,371.00,335.05,360.00,360.20,360.33,"97,35,971","3,50,81,89,400.12","47,875","87,75,968",90.14
EMBASSY,RR,01-Dec-2021,360.20,359.45,362.55,354.00,361.70,361.60,359.67,"1,45,556","5,23,51,453.27","6,346","1,07,885",74.12
EMBASSY,RR,02-Dec-2021,361.60,362.80,364.20,359.00,361.92,362.18,361.22,"2,61,700","9,45,32,008.87","11,724","2,23,529",85.41
EMBASSY,RR,03-Dec-2021,362.18,361.80,365.80,361.05,363.83,363.40,362.23,"1,84,703","6,69,04,044.98","6,597","1,45,192",78.61
EMBASSY,RR,06-Dec-2021,363.40,365.80,365.80,359.00,360.00,360.22,360.45,"7,44,500","26,83,51,324.51","12,053","6,30,047",84.63
EMBASSY,RR,07-Dec-2021,360.22,361.90,361.90,346.00,350.00,347.75,352.59,"19,51,179","68,79,56,847.70","16,004","15,80,519",81.00
EMBASSY,RR,08-Dec-2021,347.75,351.40,357.40,348.11,355.60,353.11,349.67,"15,44,937","54,02,21,606.98","18,767","13,76,188",89.08
EMBASSY,RR,09-Dec-2021,353.11,354.80,360.10,354.06,358.80,359.35,358.98,"3,22,299","11,57,00,233.82","9,074","2,36,257",73.30
EMBASSY,RR,10-Dec-2021,359.35,359.80,361.45,357.00,358.00,358.65,358.64,"5,73,371","20,56,33,462.32","3,191","4,80,667",83.83
EMBASSY,RR,13-Dec-2021,358.65,359.90,363.00,357.80,359.15,358.56,360.56,"3,04,903","10,99,36,254.66","5,416","2,38,596",78.25
EMBASSY,RR,14-Dec-2021,358.56,360.00,364.90,358.20,362.20,363.33,363.39,"3,83,284","13,92,80,412.71","6,922","2,66,613",69.56
EMBASSY,RR,15-Dec-2021,363.33,362.33,363.80,360.31,362.00,361.72,361.74,"1,19,405","4,31,93,354.58","2,516","86,766",72.67
EMBASSY,RR,16-Dec-2021,361.72,361.72,363.00,358.10,358.67,358.83,359.64,"3,30,089","11,87,12,684.74","8,838","3,04,519",92.25
EMBASSY,RR,17-Dec-2021,358.83,358.80,359.70,345.05,346.90,349.45,350.53,"23,98,157","84,06,32,355.84","17,519","19,46,119",81.15
EMBASSY,RR,20-Dec-2021,349.45,348.00,351.00,340.00,340.97,340.89,347.30,"11,42,191","39,66,86,659.88","17,255","10,09,970",88.42
EMBASSY,RR,21-Dec-2021,340.89,342.40,350.00,341.89,349.90,349.30,345.43,"3,93,926","13,60,71,896.02","9,258","3,38,747",85.99
EMBASSY,RR,22-Dec-2021,349.30,350.50,350.50,348.00,349.70,349.99,349.12,"1,27,824","4,46,25,868.84","4,925","99,119",77.54
EMBASSY,RR,23-Dec-2021,349.99,352.35,352.35,345.51,346.69,346.97,347.69,"1,82,450","6,34,35,169.82","8,541","1,53,859",84.33
EMBASSY,RR,24-Dec-2021,346.97,346.97,349.35,343.11,343.50,343.48,343.88,"2,53,846","8,72,93,446.38","6,546","2,29,467",90.40
EMBASSY,RR,27-Dec-2021,343.48,343.50,345.99,341.01,341.48,341.20,342.56,"2,47,153","8,46,64,246.80","8,036","2,04,666",82.81
EMBASSY,RR,28-Dec-2021,341.20,343.94,343.94,339.99,341.50,341.59,341.42,"3,67,018","12,53,05,898.23","10,908","2,82,607",77.00
EMBASSY,RR,29-Dec-2021,341.59,342.90,342.90,340.04,341.65,341.14,341.08,"3,66,781","12,51,00,028.92","6,771","3,24,939",88.59
EMBASSY,RR,30-Dec-2021,341.14,342.45,343.90,339.00,340.05,340.02,340.71,"6,57,363","22,39,72,982.15","8,585","5,90,706",89.86
EMBASSY,RR,31-Dec-2021,340.02,342.00,342.00,339.00,339.79,339.63,339.94,"3,72,749","12,67,10,636.73","12,080","3,25,322",87.28
EMBASSY,RR,03-Jan-2022,339.63,341.45,343.98,339.05,339.88,339.61,340.06,"2,25,106","7,65,50,438.47","4,706","2,01,597",89.56
EMBASSY,RR,04-Jan-2022,339.61,340.00,348.00,339.50,346.80,346.20,341.48,"7,12,914","24,34,48,203.34","7,238","6,12,484",85.91
EMBASSY,RR,05-Jan-2022,346.20,347.80,350.00,342.25,349.13,349.08,348.36,"2,48,391","8,65,29,962.42","6,649","1,97,392",79.47
EMBASSY,RR,06-Jan-2022,349.08,349.30,355.50,347.10,354.21,353.20,349.37,"7,17,450","25,06,58,844.44","11,468","6,02,768",84.02
EMBASSY,RR,07-Jan-2022,353.20,351.25,353.95,350.25,353.48,353.09,351.22,"5,50,844","19,34,65,854.34","3,689","4,98,638",90.52
EMBASSY,RR,10-Jan-2022,353.09,353.00,356.00,350.01,354.01,354.84,352.09,"5,38,004","18,94,27,929.16","6,441","4,80,719",89.35
EMBASSY,RR,11-Jan-2022,354.84,354.50,358.75,352.40,356.45,356.25,355.13,"2,62,152","9,30,98,718.54","4,797","1,73,782",66.29
EMBASSY,RR,12-Jan-2022,356.25,356.25,359.00,355.10,358.60,358.69,357.28,"1,16,592","4,16,56,313.45","3,170","91,502",78.48
EMBASSY,RR,13-Jan-2022,358.69,359.00,361.45,356.10,360.11,360.96,360.07,"1,82,289","6,56,36,783.72","3,537","1,61,351",88.51
EMBASSY,RR,14-Jan-2022,360.96,362.00,365.50,358.16,358.70,359.48,361.75,"6,64,152","24,02,58,808.37","14,301","6,32,241",95.20
EMBASSY,RR,17-Jan-2022,359.48,360.20,363.75,359.50,362.40,362.22,362.09,"8,72,946","31,60,84,354.62","7,804","8,47,110",97.04
EMBASSY,RR,18-Jan-2022,362.22,364.80,367.29,361.10,365.50,365.52,364.14,"3,03,321","11,04,50,765.45","4,759","2,55,149",84.12
EMBASSY,RR,19-Jan-2022,365.52,366.00,367.00,362.55,366.14,365.81,365.16,"6,79,057","24,79,66,089.23","8,868","6,53,060",96.17
EMBASSY,RR,20-Jan-2022,365.81,365.98,367.00,348.00,366.69,366.76,364.22,"2,18,778","7,96,82,968.03","4,076","1,80,471",82.49
EMBASSY,RR,21-Jan-2022,366.76,362.60,366.27,362.56,366.27,364.91,363.67,"1,40,052","5,09,32,234.54","6,165","1,25,618",89.69
EMBASSY,RR,24-Jan-2022,364.91,364.91,365.90,360.05,362.00,361.48,361.51,"5,81,839","21,03,43,384.74","6,258","5,46,323",93.90
EMBASSY,RR,25-Jan-2022,361.48,361.80,362.00,358.02,359.08,359.12,360.10,"3,49,566","12,58,77,324.99","15,100","3,13,232",89.61
EMBASSY,RR,27-Jan-2022,359.12,359.00,362.00,357.00,359.01,360.22,359.93,"1,65,938","5,97,25,389.15","11,384","1,38,241",83.31
EMBASSY,RR,28-Jan-2022,360.22,361.75,364.20,359.00,362.00,361.97,360.22,"7,51,760","27,07,98,449.39","4,795","7,16,023",95.25
EMBASSY,RR,31-Jan-2022,361.97,364.00,370.00,361.75,367.15,368.06,364.41,"6,68,372","24,35,61,849.18","9,307","6,34,392",94.92
EMBASSY,RR,01-Feb-2022,368.06,369.85,371.30,367.01,369.50,370.26,369.58,"4,92,741","18,21,06,627.01","7,488","4,65,100",94.39
EMBASSY,RR,02-Feb-2022,370.26,370.00,371.93,368.50,370.56,370.36,370.16,"8,10,547","30,00,31,188.41","4,904","7,57,883",93.50
EMBASSY,RR,03-Feb-2022,370.36,372.00,373.25,369.50,370.01,370.99,371.35,"1,87,321","6,95,61,359.34","2,284","1,63,469",87.27
EMBASSY,RR,04-Feb-2022,370.99,369.90,378.00,369.20,377.00,376.79,372.38,"10,56,092","39,32,63,303.45","8,936","10,18,482",96.44
EMBASSY,RR,07-Feb-2022,376.79,376.79,378.40,363.00,368.37,372.09,374.25,"6,39,425","23,93,07,765.11","8,046","5,52,288",86.37
EMBASSY,RR,08-Feb-2022,372.09,366.25,380.00,366.25,379.00,377.81,374.45,"8,27,522","30,98,68,913.59","9,503","7,59,507",91.78
EMBASSY,RR,09-Feb-2022,377.81,380.00,384.86,376.50,381.01,381.91,380.11,"18,10,342","68,81,29,455.61","3,910","17,70,301",97.79
EMBASSY,RR,10-Feb-2022,381.91,384.44,384.49,378.05,380.05,380.41,382.43,"2,64,085","10,09,95,304.79","13,930","2,07,519",78.58
EMBASSY,RR,11-Feb-2022,380.41,380.41,395.00,380.41,388.25,389.98,388.41,"6,56,413","25,49,57,539.73","13,686","5,68,643",86.63
EMBASSY,RR,14-Feb-2022,389.98,390.00,392.00,376.35,380.04,380.55,387.33,"33,01,112","1,27,86,22,724.70","11,481","32,25,715",97.72
EMBASSY,RR,15-Feb-2022,380.55,384.90,384.90,376.25,381.69,380.87,380.79,"5,69,512","21,68,64,869.36","15,996","4,59,842",80.74
EMBASSY,RR,16-Feb-2022,380.87,384.37,389.00,381.02,387.50,388.08,387.68,"9,61,487","37,27,53,844.41","15,326","8,58,002",89.24
EMBASSY,RR,17-Feb-2022,388.08,392.90,394.00,375.05,379.21,384.73,385.72,"9,91,383","38,23,95,382.11","11,383","3,56,006",35.91
EMBASSY,RR,18-Feb-2022,384.73,381.50,387.89,380.00,384.00,383.77,384.55,"52,994","2,03,79,084.25","2,330","38,146",71.98
EMBASSY,RR,21-Feb-2022,383.77,383.77,388.90,366.65,378.00,374.48,379.79,"2,58,980","9,83,57,738.17","8,106","1,39,165",53.74
EMBASSY,RR,22-Feb-2022,374.48,374.00,378.00,369.10,374.50,374.55,374.23,"1,74,211","6,51,95,362.39","7,639","1,38,145",79.30
EMBASSY,RR,23-Feb-2022,374.55,374.55,389.00,372.61,383.01,383.66,384.89,"3,52,278","13,55,88,376.17","14,391","2,52,724",71.74
EMBASSY,RR,24-Feb-2022,383.66,376.00,384.80,369.10,379.00,379.33,380.18,"5,02,239","19,09,43,214.50","30,732","4,40,161",87.64
EMBASSY,RR,25-Feb-2022,379.33,381.00,386.00,370.33,373.85,373.74,373.94,"2,75,340","10,29,60,974.15","11,635","2,22,900",80.95
EMBASSY,RR,28-Feb-2022,373.74,373.80,379.80,370.45,370.45,373.91,374.02,"6,63,931","24,83,26,304.93","15,482","5,92,771",89.28
EMBASSY,RR,02-Mar-2022,373.91,373.91,383.00,373.00,376.72,379.17,380.45,"6,23,641","23,72,61,452.17","22,326","4,48,086",71.85
EMBASSY,RR,03-Mar-2022,379.17,380.00,380.00,371.80,374.89,373.95,376.44,"1,50,218","5,65,48,803.59","5,886","1,19,308",79.42
EMBASSY,RR,04-Mar-2022,373.95,377.00,377.47,371.00,373.65,373.54,373.49,"42,717","1,59,54,182.83","3,189","33,525",78.48
EMBASSY,RR,07-Mar-2022,373.54,374.80,374.90,365.65,367.95,369.13,369.13,"2,75,234","10,15,98,117.16","13,849","2,32,470",84.46
EMBASSY,RR,08-Mar-2022,369.13,368.95,372.00,365.40,368.60,368.75,368.44,"2,29,166","8,44,32,911.35","14,515","2,04,262",89.13
EMBASSY,RR,09-Mar-2022,368.75,373.50,373.50,366.00,369.50,366.93,367.08,"7,70,645","28,28,86,074.93","14,787","7,03,895",91.34
EMBASSY,RR,10-Mar-2022,366.93,370.90,379.70,368.55,373.16,372.93,373.01,"2,01,140","7,50,26,863.92","7,645","1,32,826",66.04
EMBASSY,RR,11-Mar-2022,372.93,373.90,384.80,372.85,374.55,376.40,379.39,"2,83,534","10,75,68,735.64","22,293","1,86,606",65.81
EMBASSY,RR,14-Mar-2022,376.40,376.90,382.10,369.00,377.80,376.35,377.09,"1,87,967","7,08,80,012.14","6,383","1,30,453",69.40
EMBASSY,RR,15-Mar-2022,376.35,377.50,384.70,377.50,378.79,379.78,381.24,"4,51,897","17,22,81,499.24","21,843","3,64,187",80.59
EMBASSY,RR,16-Mar-2022,379.78,382.40,382.40,368.10,376.11,376.30,375.66,"4,06,781","15,28,09,909.68","10,206","3,03,223",74.54
EMBASSY,RR,17-Mar-2022,376.30,377.50,380.70,352.25,358.00,362.05,364.82,"12,14,523","44,30,80,713.06","15,672","9,21,373",75.86
EMBASSY,RR,21-Mar-2022,362.05,359.69,369.00,356.00,367.30,367.88,365.32,"2,61,527","9,55,41,928.15","6,002","1,89,584",72.49
EMBASSY,RR,22-Mar-2022,367.88,369.50,377.70,364.00,376.00,375.54,365.83,"19,17,517","70,14,94,556.24","8,547","18,14,328",94.62
EMBASSY,RR,23-Mar-2022,375.54,377.60,381.00,375.54,378.20,379.19,378.86,"5,56,480","21,08,28,353.79","11,814","4,42,868",79.58
EMBASSY,RR,24-Mar-2022,379.19,376.91,378.02,368.21,374.99,375.12,374.85,"2,42,065","9,07,38,479.23","15,361","1,76,087",72.74
EMBASSY,RR,25-Mar-2022,375.12,378.00,378.00,367.18,367.57,369.29,372.16,"2,56,152","9,53,30,715.04","12,216","2,14,923",83.90
EMBASSY,RR,28-Mar-2022,369.29,367.30,375.00,367.30,374.00,374.32,371.91,"1,22,762","4,56,56,436.63","6,038","1,04,090",84.79
EMBASSY,RR,29-Mar-2022,374.32,375.00,375.81,362.50,367.99,367.70,368.18,"8,28,426","30,50,07,862.28","6,368","7,69,075",92.84
EMBASSY,RR,30-Mar-2022,367.70,369.80,372.95,367.70,372.00,371.87,371.71,"5,88,104","21,86,04,454.10","5,070","5,52,346",93.92
EMBASSY,RR,31-Mar-2022,371.87,372.40,375.54,370.00,370.11,371.75,372.32,"3,11,078","11,58,20,704.09","9,560","2,26,933",72.95
EMBASSY,RR,01-Apr-2022,371.75,371.00,373.89,367.55,372.30,371.66,369.19,"9,95,131","36,73,95,177.08","13,951","9,23,313",92.78
EMBASSY,RR,04-Apr-2022,371.66,374.30,377.00,371.05,375.17,375.56,373.96,"1,92,317","7,19,18,524.08","8,654","1,24,433",64.70
EMBASSY,RR,05-Apr-2022,375.56,377.40,380.00,375.00,378.55,379.62,378.33,"1,33,631","5,05,56,272.41","13,325","1,03,868",77.73
EMBASSY,RR,06-Apr-2022,379.62,379.62,381.20,376.09,379.20,379.73,380.36,"6,47,577","24,63,14,907.89","11,842","6,08,046",93.90
EMBASSY,RR,07-Apr-2022,379.73,380.00,381.20,375.05,376.05,376.05,378.47,"1,82,650","6,91,27,652.64","7,627","1,59,581",87.37
EMBASSY,RR,08-Apr-2022,376.05,375.15,379.49,368.00,371.70,371.69,372.96,"4,42,005","16,48,51,665.52","13,887","3,47,134",78.54
EMBASSY,RR,11-Apr-2022,371.69,374.48,374.89,372.00,373.27,373.65,372.84,"3,32,504","12,39,71,127.79","14,975","2,60,521",78.35
EMBASSY,RR,12-Apr-2022,373.65,374.90,375.99,372.04,374.00,373.65,373.67,"5,33,112","19,92,07,313.28","11,598","4,57,025",85.73
EMBASSY,RR,13-Apr-2022,373.65,373.85,377.00,372.55,374.66,374.45,374.31,"2,22,393","8,32,43,155.49","6,361","1,76,903",79.55
EMBASSY,RR,18-Apr-2022,374.45,375.70,377.00,372.25,372.55,373.60,374.85,"3,14,098","11,77,39,142.61","6,284","2,55,092",81.21
EMBASSY,RR,19-Apr-2022,373.60,374.75,377.89,370.10,370.87,371.87,373.97,"2,96,086","11,07,28,538.56","4,349","2,61,931",88.46
EMBASSY,RR,20-Apr-2022,371.87,374.00,378.49,371.63,375.15,376.39,373.96,"5,08,958","19,03,32,442.51","5,507","4,71,600",92.66
EMBASSY,RR,21-Apr-2022,376.39,374.51,377.40,374.51,376.33,375.99,375.97,"1,24,906","4,69,60,848.28","4,171","1,10,600",88.55
EMBASSY,RR,22-Apr-2022,375.99,375.80,387.85,375.12,382.50,382.52,382.54,"28,83,963","1,10,32,23,153.24","6,969","28,24,199",97.93
EMBASSY,RR,25-Apr-2022,382.52,384.80,384.80,381.20,382.97,382.59,382.96,"98,510","3,77,25,001.53","4,902","87,910",89.24
EMBASSY,RR,26-Apr-2022,382.59,385.00,385.83,382.00,385.65,384.62,383.06,"1,67,440","6,41,39,669.59","4,949","1,55,896",93.11
EMBASSY,RR,27-Apr-2022,384.62,384.99,391.00,381.20,387.50,389.49,385.35,"3,15,623","12,16,24,266.34","4,242","2,80,056",88.73
EMBASSY,RR,28-Apr-2022,389.49,390.40,390.40,384.50,388.00,388.86,386.63,"6,11,197","23,63,08,779.28","5,156","5,91,404",96.76
EMBASSY,RR,29-Apr-2022,388.86,390.00,392.70,382.52,386.80,385.12,384.45,"16,53,760","63,57,90,771.15","18,861","16,14,741",97.64
EMBASSY,RR,02-May-2022,385.12,385.15,390.00,382.00,383.50,383.78,382.87,"3,94,354","15,09,85,847.73","3,865","3,82,069",96.88
EMBASSY,RR,04-May-2022,383.78,391.70,391.70,383.78,387.00,386.85,388.04,"8,77,550","34,05,20,609.63","22,029","7,96,189",90.73
EMBASSY,RR,05-May-2022,386.85,388.55,388.72,384.02,384.95,384.74,386.16,"81,523","3,14,81,002.30","3,452","67,207",82.44
EMBASSY,RR,06-May-2022,384.74,382.90,388.00,380.21,382.84,382.58,383.61,"2,29,145","8,79,03,058.61","9,285","1,83,861",80.24
EMBASSY,RR,09-May-2022,382.58,382.95,385.27,374.01,374.48,374.71,377.23,"2,54,113","9,58,59,053.98","7,906","2,20,505",86.77
EMBASSY,RR,10-May-2022,374.71,377.90,377.90,367.25,370.00,369.54,370.90,"5,02,108","18,62,32,723.87","6,304","4,22,081",84.06
EMBASSY,RR,11-May-2022,369.54,371.00,373.50,369.11,370.55,371.89,370.82,"2,90,664","10,77,83,197.42","13,362","2,52,866",87.00
EMBASSY,RR,12-May-2022,371.89,371.89,389.95,368.45,375.50,377.35,371.04,"16,96,967","62,96,36,210.39","8,204","15,98,580",94.20
EMBASSY,RR,13-May-2022,377.35,372.30,381.75,372.27,373.00,372.80,375.70,"2,87,028","10,78,35,122.01","7,440","2,37,775",82.84
EMBASSY,RR,16-May-2022,372.80,375.50,375.50,371.00,371.00,371.29,372.25,"3,23,487","12,04,18,083.81","2,640","2,92,773",90.51
EMBASSY,RR,17-May-2022,371.29,369.01,374.99,369.01,370.88,371.34,371.66,"2,43,479","9,04,91,769.58","3,733","2,09,437",86.02
EMBASSY,RR,18-May-2022,371.34,371.50,373.75,369.15,370.10,370.01,371.38,"3,26,969","12,14,29,448.70","6,008","2,89,252",88.46
EMBASSY,RR,19-May-2022,370.01,370.45,377.50,369.00,373.85,373.20,373.64,"80,178","2,99,57,864.17","2,866","58,038",72.39
EMBASSY,RR,20-May-2022,373.20,375.85,382.00,370.50,371.67,373.22,375.01,"2,13,537","8,00,78,304.72","5,546","1,69,350",79.31
EMBASSY,RR,23-May-2022,373.22,374.70,381.70,372.53,376.00,375.98,375.58,"67,378","2,53,06,114.06","3,000","58,477",86.79
EMBASSY,RR,24-May-2022,375.98,378.40,378.80,375.00,377.25,377.02,377.06,"1,69,008","6,37,25,810.24","1,874","1,50,496",89.05
EMBASSY,RR,25-May-2022,377.02,378.89,378.89,375.00,375.40,375.46,375.90,"3,92,229","14,74,40,634.33","8,704","3,20,202",81.64
EMBASSY,RR,26-May-2022,375.46,378.26,378.26,372.40,373.99,374.11,374.76,"4,43,183","16,60,88,555.30","8,404","3,90,801",88.18
EMBASSY,RR,27-May-2022,374.11,376.48,376.70,373.50,375.93,375.88,375.70,"2,32,206","8,72,40,862.86","3,572","2,15,098",92.63
EMBASSY,RR,30-May-2022,375.88,376.10,383.00,375.90,380.50,380.55,378.08,"5,82,581","22,02,64,721.27","3,101","5,42,809",93.17
EMBASSY,RR,31-May-2022,380.55,381.64,399.00,380.00,394.81,394.67,390.16,"21,48,286","83,81,82,606.43","10,392","18,38,374",85.57
EMBASSY,RR,01-Jun-2022,394.67,396.95,397.88,386.26,391.95,390.18,389.53,"3,63,078","14,14,31,219.95","4,525","3,20,811",88.36
EMBASSY,RR,02-Jun-2022,390.18,393.80,396.00,390.36,393.00,392.49,392.17,"8,36,538","32,80,62,763.55","5,830","7,62,816",91.19
EMBASSY,RR,03-Jun-2022,392.49,396.00,396.80,390.50,394.50,393.13,392.55,"3,06,658","12,03,79,117.86","3,740","2,71,127",88.41
EMBASSY,RR,06-Jun-2022,393.13,394.89,395.16,382.00,392.00,389.31,390.14,"9,38,583","36,61,75,717.31","5,403","8,77,039",93.44
EMBASSY,RR,07-Jun-2022,389.31,390.00,395.00,390.00,394.86,394.97,394.74,"13,97,821","55,17,80,629.51","4,977","13,58,443",97.18
EMBASSY,RR,08-Jun-2022,394.97,396.00,406.95,393.00,399.05,402.08,396.89,"5,23,652","20,78,31,996.87","8,074","4,73,630",90.45
EMBASSY,RR,09-Jun-2022,402.08,402.08,405.00,395.10,404.00,404.78,400.63,"31,99,514","1,28,18,06,491.54","9,150","30,55,066",95.49
EMBASSY,RR,10-Jun-2022,404.78,401.00,405.00,400.99,405.00,404.99,404.60,"3,05,911","12,37,70,751.22","3,000","2,64,931",86.60
EMBASSY,RR,13-Jun-2022,404.99,404.00,404.88,399.65,404.25,402.09,400.53,"7,90,026","31,64,30,283.73","7,208","7,41,550",93.86
EMBASSY,RR,14-Jun-2022,402.09,403.50,403.50,385.05,386.70,388.75,398.05,"7,15,404","28,47,65,438.84","6,447","6,64,001",92.81
EMBASSY,RR,15-Jun-2022,388.75,387.85,387.85,373.05,374.18,374.73,376.48,"7,85,111","29,55,74,785.58","10,841","6,84,897",87.24
EMBASSY,RR,16-Jun-2022,374.73,382.00,383.30,376.25,382.38,381.35,380.95,"3,31,536","12,62,99,802.79","7,272","2,80,501",84.61
EMBASSY,RR,17-Jun-2022,381.35,383.40,383.40,365.20,366.50,368.42,371.58,"8,51,867","31,65,38,780.15","13,477","6,79,847",79.81
EMBASSY,RR,20-Jun-2022,368.42,368.42,375.00,368.00,371.50,370.77,371.87,"2,68,351","9,97,90,544.37","5,253","2,12,067",79.03
EMBASSY,RR,21-Jun-2022,370.77,372.00,373.89,370.00,373.00,373.18,372.36,"1,97,653","7,35,98,002.63","3,587","1,60,435",81.17
EMBASSY,RR,22-Jun-2022,373.18,372.50,377.00,370.67,372.00,372.09,372.84,"1,49,260","5,56,49,681.27","4,229","1,33,969",89.76
EMBASSY,RR,23-Jun-2022,372.09,372.00,374.80,368.00,368.25,368.85,370.70,"5,65,473","20,96,20,587.08","12,015","5,08,332",89.90
EMBASSY,RR,24-Jun-2022,368.85,370.50,371.00,365.15,367.91,368.38,369.09,"3,24,047","11,96,03,167.08","7,991","2,84,246",87.72
EMBASSY,RR,27-Jun-2022,368.38,368.32,371.00,367.00,367.27,367.78,368.21,"3,76,124","13,84,91,841.37","6,888","3,26,049",86.69
EMBASSY,RR,28-Jun-2022,367.78,368.00,369.45,366.00,367.70,366.96,367.39,"6,89,028","25,31,41,207.03","6,631","6,14,169",89.14
EMBASSY,RR,29-Jun-2022,366.96,367.00,371.00,365.25,367.80,367.16,367.94,"2,77,423","10,20,74,678.33","5,486","2,41,837",87.17
EMBASSY,RR,30-Jun-2022,367.16,369.40,375.89,367.75,373.16,374.21,372.40,"4,62,909","17,23,89,103.57","13,285","4,00,220",86.46
EMBASSY,RR,01-Jul-2022,374.21,375.06,384.40,369.11,372.28,371.34,374.37,"3,04,615","11,40,37,263.53","9,290","1,97,057",64.69
EMBASSY,RR,04-Jul-2022,371.34,371.34,372.70,363.00,367.00,367.18,366.90,"3,59,621","13,19,46,398.05","7,857","3,01,114",83.73
EMBASSY,RR,05-Jul-2022,367.18,369.80,372.86,367.20,372.50,371.81,370.16,"1,81,899","6,73,32,192.99","4,169","1,51,120",83.08
EMBASSY,RR,06-Jul-2022,371.81,372.99,384.40,371.32,381.00,379.94,377.59,"2,02,820","7,65,81,795.78","6,177","1,64,872",81.29
EMBASSY,RR,07-Jul-2022,379.94,382.88,382.88,372.00,374.98,374.72,377.82,"2,46,275","9,30,47,210.13","7,721","2,11,084",85.71
EMBASSY,RR,08-Jul-2022,374.72,374.72,375.72,371.26,372.09,372.61,372.30,"2,30,060","8,56,50,578.21","4,298","2,14,247",93.13
EMBASSY,RR,11-Jul-2022,372.61,371.95,373.50,370.00,370.10,371.34,371.57,"3,08,999","11,48,15,304.38","6,762","2,48,979",80.58
EMBASSY,RR,12-Jul-2022,371.34,370.95,370.95,367.20,368.50,367.38,368.36,"4,61,532","17,00,08,640.02","7,458","4,17,425",90.44
EMBASSY,RR,13-Jul-2022,367.38,370.70,371.00,368.00,368.99,368.25,369.25,"2,17,514","8,03,17,713.87","5,335","1,98,322",91.18
EMBASSY,RR,14-Jul-2022,368.25,371.60,371.60,369.50,369.99,369.99,370.26,"3,18,312","11,78,59,338.82","6,418","3,12,733",98.25
EMBASSY,RR,15-Jul-2022,369.99,371.85,371.85,369.00,369.09,369.31,369.93,"2,32,758","8,61,04,841.01","4,979","2,13,699",91.81
EMBASSY,RR,18-Jul-2022,369.31,370.00,371.20,367.66,369.00,368.98,368.99,"1,80,702","6,66,77,539.14","3,073","1,77,074",97.99
EMBASSY,RR,19-Jul-2022,368.98,369.99,374.00,367.70,367.85,368.36,368.89,"3,20,044","11,80,59,491.88","3,599","3,05,052",95.32
EMBASSY,RR,20-Jul-2022,368.36,371.20,371.40,368.09,368.30,368.38,368.97,"1,68,790","6,22,78,834.59","4,606","1,54,629",91.61
EMBASSY,RR,21-Jul-2022,368.38,369.79,369.79,367.50,367.50,368.01,368.41,"3,00,556","11,07,27,225.73","3,129","2,94,062",97.84
EMBASSY,RR,22-Jul-2022,368.01,369.50,370.49,366.00,369.00,367.91,368.52,"7,25,786","26,74,68,963.10","7,684","7,03,451",96.92
EMBASSY,RR,25-Jul-2022,367.91,369.00,369.00,363.50,363.65,363.91,364.82,"7,55,299","27,55,49,135.76","5,832","7,34,982",97.31
EMBASSY,RR,26-Jul-2022,363.91,365.00,365.00,362.50,362.90,362.84,363.00,"5,61,224","20,37,23,775.75","6,646","5,53,935",98.70
EMBASSY,RR,27-Jul-2022,362.84,364.65,364.70,361.55,362.95,363.05,362.26,"6,59,584","23,89,41,358.07","5,204","6,21,620",94.24
EMBASSY,RR,28-Jul-2022,363.05,362.99,366.49,360.35,365.00,364.82,364.81,"3,08,121","11,24,04,308.96","4,510","2,73,073",88.63
EMBASSY,RR,29-Jul-2022,364.82,365.90,365.90,362.79,364.15,363.92,364.30,"3,94,237","14,36,20,546.11","6,485","3,59,579",91.21
EMBASSY,RR,01-Aug-2022,363.92,369.00,369.00,364.00,364.50,364.60,364.90,"3,25,942","11,89,36,066.61","7,052","2,93,619",90.08
EMBASSY,RR,02-Aug-2022,364.60,364.95,365.67,361.00,362.00,361.99,362.24,"38,42,795","1,39,20,18,636.26","17,675","37,85,218",98.50
EMBASSY,RR,03-Aug-2022,361.99,363.35,367.80,351.00,362.01,362.05,362.29,"11,40,958","41,33,56,238.32","3,147","10,94,964",95.97
EMBASSY,RR,04-Aug-2022,362.05,362.95,370.00,362.50,369.70,368.84,365.57,"4,83,720","17,68,32,973.99","4,823","3,58,859",74.19
EMBASSY,RR,05-Aug-2022,368.84,369.99,370.45,361.99,367.65,365.92,362.42,"28,85,876","1,04,59,11,392.68","5,857","27,85,448",96.52
EMBASSY,RR,08-Aug-2022,365.92,367.65,372.00,361.30,370.20,370.07,367.11,"2,74,076","10,06,17,248.84","5,409","2,02,769",73.98
EMBASSY,RR,10-Aug-2022,370.07,373.40,375.50,369.00,374.00,373.70,371.69,"3,50,614","13,03,18,399.07","15,870","3,02,517",86.28
EMBASSY,RR,11-Aug-2022,373.70,374.89,376.25,372.01,375.95,375.39,374.28,"1,69,311","6,33,69,671.80","6,591","1,54,194",91.07
EMBASSY,RR,12-Aug-2022,375.39,377.00,378.45,373.66,377.45,375.95,376.46,"4,83,686","18,20,87,197.05","7,077","4,32,675",89.45
EMBASSY,RR,16-Aug-2022,375.95,377.00,377.89,374.00,374.30,374.51,375.12,"1,25,359","4,70,24,466.53","6,775","1,03,623",82.66
EMBASSY,RR,17-Aug-2022,374.51,374.75,376.27,373.50,374.30,374.44,374.74,"3,20,143","11,99,68,947.95","6,329","2,85,506",89.18
EMBASSY,RR,18-Aug-2022,374.44,372.80,373.97,358.10,360.70,360.92,361.28,"1,10,52,049","3,99,28,77,300.04","24,185","61,86,653",55.98
EMBASSY,RR,19-Aug-2022,360.92,361.88,366.10,361.50,365.10,365.85,364.66,"12,79,673","46,66,40,266.20","13,632","11,31,063",88.39
EMBASSY,RR,22-Aug-2022,365.85,367.45,369.00,364.40,366.50,366.85,367.31,"4,02,443","14,78,20,942.32","5,962","3,37,002",83.74
EMBASSY,RR,23-Aug-2022,366.85,367.20,367.30,363.10,363.25,364.85,365.21,"2,16,521","7,90,75,184.38","5,472","1,92,925",89.10
EMBASSY,RR,24-Aug-2022,364.85,366.85,366.85,363.00,364.10,364.78,364.74,"2,31,200","8,43,26,795.25","5,545","2,00,326",86.65
EMBASSY,RR,25-Aug-2022,364.78,365.90,366.70,364.01,366.00,366.04,365.54,"2,41,888","8,84,20,302.39","5,195","2,08,333",86.13
EMBASSY,RR,26-Aug-2022,366.04,366.04,367.36,364.09,364.80,364.85,365.44,"1,47,494","5,39,00,452.24","1,795","1,24,372",84.32
EMBASSY,RR,29-Aug-2022,364.85,364.80,365.79,362.95,363.50,363.78,364.72,"1,46,462","5,34,17,347.55","2,142","1,16,330",79.43
EMBASSY,RR,30-Aug-2022,363.78,364.01,366.00,363.00,363.30,363.14,363.90,"3,78,014","13,75,61,030.71","5,453","3,20,334",84.74
EMBASSY,RR,01-Sep-2022,363.14,363.85,366.95,363.00,366.40,366.08,364.77,"3,40,235","12,41,06,769.89","5,692","2,95,287",86.79
EMBASSY,RR,02-Sep-2022,366.08,366.99,367.27,364.40,366.00,365.94,365.15,"12,17,742","44,46,54,796.27","2,231","11,84,960",97.31
EMBASSY,RR,05-Sep-2022,365.94,365.60,367.00,363.55,363.99,363.96,364.99,"5,95,582","21,73,82,251.16","5,751","5,57,685",93.64
EMBASSY,RR,06-Sep-2022,363.96,365.99,365.99,362.51,362.75,363.02,363.44,"2,65,946","9,66,54,108.68","2,427","2,32,340",87.36
EMBASSY,RR,07-Sep-2022,363.02,362.90,364.67,350.30,351.00,353.23,355.77,"25,46,785","90,60,76,279.06","15,513","18,94,525",74.39
EMBASSY,RR,08-Sep-2022,353.23,353.48,358.50,352.49,358.11,358.15,356.27,"31,42,095","1,11,94,34,944.86","17,798","28,11,592",89.48
EMBASSY,RR,09-Sep-2022,358.15,359.50,361.48,358.00,359.50,359.86,359.94,"4,16,591","14,99,48,625.19","14,188","3,92,951",94.33
EMBASSY,RR,12-Sep-2022,359.86,360.80,362.39,359.60,362.35,361.72,360.69,"3,16,046","11,39,94,096.94","8,465","2,70,647",85.64
EMBASSY,RR,13-Sep-2022,361.72,362.40,363.00,359.63,360.60,360.45,362.15,"2,64,639","9,58,37,774.17","5,422","2,38,794",90.23
EMBASSY,RR,14-Sep-2022,360.45,359.60,362.00,358.00,358.70,359.44,360.81,"6,25,056","22,55,28,865.14","5,013","5,56,578",89.04
EMBASSY,RR,15-Sep-2022,359.44,359.40,362.54,359.00,362.39,362.01,360.96,"5,03,827","18,18,62,716.67","6,465","4,50,272",89.37
EMBASSY,RR,16-Sep-2022,362.01,362.01,362.48,349.92,351.90,351.31,351.32,"1,77,09,364","6,22,16,18,303.51","16,417","1,64,00,505",92.61
EMBASSY,RR,19-Sep-2022,351.31,352.70,353.95,348.55,351.95,350.27,351.55,"13,84,160","48,66,03,150.08","9,543","12,55,583",90.71
EMBASSY,RR,20-Sep-2022,350.27,351.58,354.90,351.00,354.00,354.10,353.35,"1,69,569","5,99,16,980.17","2,645","1,60,035",94.38
EMBASSY,RR,21-Sep-2022,354.10,356.75,356.75,353.01,354.20,355.15,355.20,"9,82,036","34,88,15,714.46","4,141","9,30,641",94.77
EMBASSY,RR,22-Sep-2022,355.15,355.15,355.91,353.05,353.51,354.07,354.88,"2,41,496","8,57,01,611.49","3,247","2,22,500",92.13
EMBASSY,RR,23-Sep-2022,354.07,354.00,355.48,352.05,354.50,354.52,354.79,"3,87,905","13,76,25,923.65","4,816","3,29,006",84.82
EMBASSY,RR,26-Sep-2022,354.52,350.00,353.06,347.50,351.37,350.82,350.09,"6,39,812","22,39,90,861.77","13,935","5,49,506",85.89
EMBASSY,RR,27-Sep-2022,350.82,347.70,349.90,345.00,346.99,346.98,345.16,"8,19,09,391","28,27,21,86,067.11","11,547","7,83,32,064",95.63
EMBASSY,RR,28-Sep-2022,346.98,348.79,351.27,346.90,350.48,349.84,349.56,"8,23,589","28,78,96,631.66","7,304","6,90,243",83.81
EMBASSY,RR,29-Sep-2022,349.84,351.45,354.95,350.00,352.00,354.12,353.46,"12,55,795","44,38,67,972.61","13,220","10,79,502",85.96
EMBASSY,RR,30-Sep-2022,354.12,352.35,352.98,345.05,345.21,345.84,346.86,"21,76,141","75,48,14,843.64","27,640","18,04,872",82.94
EMBASSY,RR,03-Oct-2022,345.84,346.40,348.14,344.50,344.75,345.05,346.69,"8,05,454","27,92,46,137.61","9,505","6,46,912",80.32
EMBASSY,RR,04-Oct-2022,345.05,347.35,347.40,342.61,345.56,345.07,344.82,"4,43,828","15,30,41,695.24","13,014","3,99,083",89.92
EMBASSY,RR,06-Oct-2022,345.07,344.02,346.00,341.50,342.00,342.20,343.18,"6,15,091","21,10,87,375.93","10,881","5,64,970",91.85
EMBASSY,RR,07-Oct-2022,342.20,341.03,344.99,341.03,344.52,343.82,342.77,"4,93,063","16,90,06,350.11","15,304","4,56,123",92.51
EMBASSY,RR,10-Oct-2022,343.82,344.75,345.00,342.01,344.01,343.91,343.92,"3,10,474","10,67,79,740.70","4,935","2,62,401",84.52
EMBASSY,RR,11-Oct-2022,343.91,344.98,346.97,343.00,346.61,345.63,344.48,"8,69,440","29,95,07,646.08","11,800","7,68,937",88.44
EMBASSY,RR,12-Oct-2022,345.63,346.49,349.50,345.01,347.58,348.53,347.21,"10,05,815","34,92,33,432.01","15,515","8,29,384",82.46
EMBASSY,RR,13-Oct-2022,348.53,349.90,349.90,345.52,345.63,346.63,347.73,"2,06,885","7,19,39,132.61","3,329","1,78,639",86.35
EMBASSY,RR,14-Oct-2022,346.63,345.80,348.40,341.52,343.49,342.39,344.54,"16,46,573","56,73,15,504.06","10,687","15,76,657",95.75
EMBASSY,RR,17-Oct-2022,342.39,343.80,348.49,342.39,348.00,346.67,345.02,"2,65,064","9,14,53,477.04","8,099","2,32,137",87.58
EMBASSY,RR,18-Oct-2022,346.67,347.00,349.99,346.67,349.60,349.30,348.50,"4,08,225","14,22,67,816.41","10,866","3,64,713",89.34
EMBASSY,RR,19-Oct-2022,349.30,350.70,350.70,344.01,344.50,345.21,346.94,"3,13,431","10,87,40,361.07","6,059","2,92,135",93.21
EMBASSY,RR,20-Oct-2022,345.21,344.90,348.49,343.01,343.50,343.64,345.73,"2,33,319","8,06,66,475.58","4,721","1,91,668",82.15
EMBASSY,RR,21-Oct-2022,343.64,346.00,346.27,342.51,343.30,343.52,344.39,"3,43,100","11,81,59,762.79","4,022","2,90,007",84.53
EMBASSY,RR,24-Oct-2022,343.52,346.00,348.94,345.51,348.00,348.33,347.44,"45,850","1,59,30,210.00","1,836","36,543",79.70
EMBASSY,RR,25-Oct-2022,348.33,349.89,349.89,343.00,343.00,343.46,344.32,"6,75,209","23,24,88,843.60","8,925","6,13,566",90.87
EMBASSY,RR,27-Oct-2022,343.46,343.76,346.89,343.76,344.97,345.15,345.37,"9,59,374","33,13,35,057.35","10,966","9,25,934",96.51
EMBASSY,RR,28-Oct-2022,345.15,346.25,348.00,345.40,347.50,347.49,347.45,"8,34,635","28,99,94,568.15","4,711","7,95,760",95.34
EMBASSY,RR,31-Oct-2022,347.49,346.00,347.50,343.25,344.99,344.38,345.47,"3,09,668","10,69,82,488.16","4,181","2,17,860",70.35
EMBASSY,RR,01-Nov-2022,344.38,344.99,345.47,343.50,344.01,344.33,344.46,"3,43,117","11,81,89,250.05","4,260","3,13,005",91.22
EMBASSY,RR,02-Nov-2022,344.33,342.55,344.89,341.50,342.03,342.33,343.57,"19,78,064","67,95,96,475.71","6,245","19,33,436",97.74
EMBASSY,RR,03-Nov-2022,342.33,343.00,343.00,339.50,340.00,340.08,341.00,"4,48,485","15,29,33,235.42","10,324","3,65,242",81.44
EMBASSY,RR,04-Nov-2022,340.08,342.40,342.54,333.00,333.54,333.84,335.26,"13,08,027","43,85,28,275.13","11,117","12,19,202",93.21
EMBASSY,RR,07-Nov-2022,333.84,337.00,337.00,332.55,334.00,333.76,333.82,"12,16,372","40,60,50,384.39","10,743","11,23,711",92.38
EMBASSY,RR,09-Nov-2022,333.76,335.90,336.00,333.03,333.61,334.08,334.54,"10,68,525","35,74,63,583.42","7,424","10,13,097",94.81
EMBASSY,RR,10-Nov-2022,334.08,334.90,335.36,332.50,333.00,333.13,333.74,"10,88,484","36,32,72,865.75","9,410","10,15,447",93.29
EMBASSY,RR,11-Nov-2022,333.13,333.05,343.69,333.05,340.35,341.82,336.87,"5,34,076","17,99,14,481.94","9,301","4,96,503",92.96
EMBASSY,RR,14-Nov-2022,341.82,341.00,345.00,340.10,342.45,343.45,343.11,"4,44,245","15,24,23,845.43","10,414","4,09,275",92.13
EMBASSY,RR,15-Nov-2022,343.45,344.70,345.07,335.00,336.00,336.15,342.53,"17,51,766","60,00,33,290.71","16,081","16,40,917",93.67
EMBASSY,RR,16-Nov-2022,336.15,337.30,338.81,334.08,335.82,335.97,336.06,"9,51,627","31,98,00,857.71","14,922","8,34,653",87.71
EMBASSY,RR,17-Nov-2022,335.97,336.70,336.70,334.02,334.74,334.86,335.63,"6,22,304","20,88,63,624.32","13,043","5,65,691",90.90
EMBASSY,RR,18-Nov-2022,334.86,340.00,341.55,323.20,328.00,326.15,327.32,"44,45,765","1,45,51,77,880.93","20,515","42,32,174",95.20
EMBASSY,RR,21-Nov-2022,326.15,328.75,333.94,325.45,329.61,329.85,326.95,"30,58,852","1,00,00,95,762.94","6,119","29,31,528",95.84
EMBASSY,RR,22-Nov-2022,329.85,330.00,338.99,329.85,336.91,336.48,334.04,"5,45,451","18,22,03,156.19","5,408","4,91,929",90.19
EMBASSY,RR,23-Nov-2022,336.48,336.90,340.50,336.48,340.00,339.87,339.45,"3,92,772","13,33,25,940.71","13,940","3,65,552",93.07
EMBASSY,RR,24-Nov-2022,339.87,341.50,341.50,337.95,338.70,338.33,339.63,"4,35,171","14,77,96,670.46","6,903","4,09,034",93.99
EMBASSY,RR,25-Nov-2022,338.33,339.00,340.99,338.00,338.60,338.59,339.46,"1,83,931","6,24,37,369.61","5,227","1,63,804",89.06
EMBASSY,RR,28-Nov-2022,338.59,340.99,342.89,338.05,339.75,340.30,340.05,"5,27,010","17,92,09,117.83","7,775","4,33,373",82.23
EMBASSY,RR,29-Nov-2022,340.30,341.39,343.70,340.35,340.75,340.94,341.88,"4,82,146","16,48,35,315.19","7,560","4,28,566",88.89
EMBASSY,RR,30-Nov-2022,340.94,341.50,346.47,339.50,340.10,342.91,342.51,"15,13,544","51,84,06,015.15","7,189","12,18,447",80.50
EMBASSY,RR,01-Dec-2022,342.91,342.00,343.95,340.50,341.95,341.54,341.72,"1,69,641","5,79,69,411.08","3,959","1,50,108",88.49
EMBASSY,RR,02-Dec-2022,341.54,341.70,342.40,339.15,341.56,341.92,340.61,"2,70,988","9,23,01,853.80","7,230","2,47,674",91.40
EMBASSY,RR,05-Dec-2022,341.92,342.92,344.62,341.13,343.01,343.03,342.74,"4,14,092","14,19,27,951.97","9,888","3,99,302",96.43
EMBASSY,RR,06-Dec-2022,343.03,343.92,344.80,343.00,344.70,344.48,344.12,"2,09,544","7,21,07,235.01","3,215","1,86,738",89.12
EMBASSY,RR,07-Dec-2022,344.48,344.50,349.70,344.48,347.00,348.46,346.89,"4,52,331","15,69,09,027.59","5,672","4,03,580",89.22
EMBASSY,RR,08-Dec-2022,348.46,348.40,351.97,346.80,348.30,349.99,349.73,"1,59,120","5,56,49,340.34","4,718","1,33,194",83.71
EMBASSY,RR,09-Dec-2022,349.99,351.40,354.00,349.00,353.00,353.46,352.15,"9,14,357","32,19,88,842.98","14,363","8,93,927",97.77
EMBASSY,RR,12-Dec-2022,353.46,354.98,354.98,350.75,353.00,353.61,353.34,"4,82,937","17,06,38,664.59","13,235","4,30,814",89.21
EMBASSY,RR,13-Dec-2022,353.61,353.33,353.33,346.00,350.26,350.22,350.05,"4,32,657","15,14,50,196.49","18,753","3,71,845",85.94
EMBASSY,RR,14-Dec-2022,350.22,351.80,354.00,348.30,350.00,349.93,350.86,"3,39,310","11,90,51,387.93","7,297","3,11,526",91.81
EMBASSY,RR,15-Dec-2022,349.93,350.80,353.84,348.33,350.50,351.47,350.20,"7,23,909","25,35,13,497.38","4,993","6,78,272",93.70
EMBASSY,RR,16-Dec-2022,351.47,350.00,355.00,347.40,355.00,350.54,350.04,"10,38,425","36,34,88,741.54","9,118","9,96,424",95.96
EMBASSY,RR,19-Dec-2022,350.54,352.80,353.00,348.51,348.97,349.00,349.62,"2,65,420","9,27,96,400.23","18,163","2,19,913",82.85
EMBASSY,RR,20-Dec-2022,349.00,349.50,352.40,348.10,351.92,349.77,349.00,"3,30,590","11,53,76,426.06","17,192","2,64,859",80.12
EMBASSY,RR,21-Dec-2022,349.77,350.00,351.79,346.51,347.70,347.85,350.21,"6,50,493","22,78,11,976.86","14,808","5,80,598",89.26
EMBASSY,RR,22-Dec-2022,347.85,347.25,349.40,346.25,347.00,347.42,347.85,"3,01,035","10,47,15,502.54","12,733","2,60,621",86.57
EMBASSY,RR,23-Dec-2022,347.42,347.00,349.50,340.00,341.90,340.15,344.43,"4,10,676","14,14,50,419.18","7,121","3,62,309",88.22
EMBASSY,RR,26-Dec-2022,340.15,342.00,342.40,335.10,338.77,338.93,338.47,"3,80,421","12,87,59,266.53","8,673","3,12,696",82.20
EMBASSY,RR,27-Dec-2022,338.93,339.80,340.01,334.00,335.00,335.57,335.87,"3,00,309","10,08,63,477.00","8,581","2,47,194",82.31
EMBASSY,RR,28-Dec-2022,335.57,335.95,338.00,332.80,337.99,336.20,335.18,"3,56,542","11,95,05,407.64","13,045","3,14,076",88.09
EMBASSY,RR,29-Dec-2022,336.20,335.10,345.11,335.10,341.17,337.51,341.15,"4,86,126","16,58,44,229.77","7,055","2,37,141",48.78
EMBASSY,RR,30-Dec-2022,337.51,340.31,342.10,335.27,336.00,336.05,336.90,"5,28,211","17,79,56,251.17","7,876","4,16,053",78.77
EMBASSY,RR,02-Jan-2023,336.05,338.00,338.00,335.10,337.60,337.02,337.13,"92,476","3,11,76,862.42","5,785","78,953",85.38
EMBASSY,RR,03-Jan-2023,337.02,337.00,341.48,336.40,339.86,339.98,340.12,"1,57,991","5,37,36,453.96","2,465","1,37,283",86.89
EMBASSY,RR,04-Jan-2023,339.98,341.25,341.90,338.00,340.05,340.41,340.55,"81,447","2,77,36,609.44","2,653","60,481",74.26
EMBASSY,RR,05-Jan-2023,340.41,338.75,341.65,337.54,340.95,340.55,340.35,"2,16,618","7,37,26,416.13","8,507","1,80,034",83.11
EMBASSY,RR,06-Jan-2023,340.55,341.50,342.99,339.25,340.21,340.09,340.51,"3,52,509","12,00,31,730.44","5,597","3,11,285",88.31
EMBASSY,RR,09-Jan-2023,340.09,340.00,341.49,337.25,338.00,338.33,339.05,"2,49,065","8,44,45,118.51","9,557","2,09,636",84.17
EMBASSY,RR,10-Jan-2023,338.33,337.00,342.40,337.00,338.84,339.42,339.48,"2,69,770","9,15,81,764.26","5,867","1,95,485",72.46
EMBASSY,RR,11-Jan-2023,339.42,340.50,344.00,338.31,344.00,343.18,341.92,"2,60,352","8,90,19,685.64","7,947","2,08,669",80.15
EMBASSY,RR,12-Jan-2023,343.18,341.50,346.54,336.05,342.61,344.89,341.81,"4,50,593","15,40,15,021.67","12,071","3,31,316",73.53
EMBASSY,RR,13-Jan-2023,344.89,344.88,344.88,338.05,338.97,338.50,339.48,"2,11,496","7,17,98,068.58","6,700","1,81,902",86.01
EMBASSY,RR,16-Jan-2023,338.50,339.40,340.90,336.05,338.30,337.65,337.94,"3,61,299","12,20,98,617.95","11,089","3,19,992",88.57
EMBASSY,RR,17-Jan-2023,337.65,339.40,339.85,336.50,338.94,338.47,338.04,"90,725","3,06,69,100.22","2,868","74,772",82.42
EMBASSY,RR,18-Jan-2023,338.47,339.40,339.70,333.47,333.98,334.94,336.63,"3,97,111","13,36,80,963.16","10,226","3,66,677",92.34
EMBASSY,RR,19-Jan-2023,334.94,336.50,337.85,334.00,337.01,337.73,335.88,"1,91,283","6,42,48,914.26","3,687","1,46,654",76.67
EMBASSY,RR,20-Jan-2023,337.73,338.80,338.80,335.10,335.90,335.76,336.69,"1,28,383","4,32,25,592.77","3,826","1,10,673",86.21
EMBASSY,RR,23-Jan-2023,335.76,335.90,341.50,335.90,341.50,341.12,338.62,"1,36,414","4,61,93,121.21","2,702","1,23,251",90.35
EMBASSY,RR,24-Jan-2023,341.12,342.15,343.50,338.36,343.00,342.21,341.05,"2,11,565","7,21,54,148.74","3,709","1,90,475",90.03
EMBASSY,RR,25-Jan-2023,342.21,342.40,342.40,339.00,339.91,340.06,340.09,"1,31,246","4,46,35,936.83","4,747","1,13,172",86.23
EMBASSY,RR,27-Jan-2023,340.06,339.91,341.50,335.00,336.50,336.49,337.22,"3,61,204","12,18,05,889.04","10,819","3,13,122",86.69
EMBASSY,RR,30-Jan-2023,336.49,340.00,340.88,330.05,330.70,331.75,333.23,"7,45,238","24,83,35,079.69","12,758","6,64,700",89.19
EMBASSY,RR,31-Jan-2023,331.75,332.40,332.40,327.50,327.90,328.33,329.73,"10,59,227","34,92,62,076.55","11,671","10,16,720",95.99
EMBASSY,RR,01-Feb-2023,328.33,329.80,332.27,315.00,318.00,319.63,324.88,"5,77,580","18,76,45,649.90","20,364","4,67,294",80.91
EMBASSY,RR,02-Feb-2023,319.63,319.95,319.95,304.75,306.50,306.26,308.41,"25,63,724","79,06,67,257.39","20,365","22,50,501",87.78
EMBASSY,RR,03-Feb-2023,306.26,307.00,312.48,300.26,301.80,301.71,303.61,"11,01,529","33,44,32,046.05","16,837","7,95,036",72.18
EMBASSY,RR,06-Feb-2023,301.71,303.30,307.99,298.90,303.50,302.57,302.04,"12,23,289","36,94,83,761.52","11,565","11,28,132",92.22
EMBASSY,RR,07-Feb-2023,302.57,304.96,310.00,302.60,304.74,304.54,306.64,"4,21,662","12,93,00,495.62","6,536","3,53,430",83.82
EMBASSY,RR,08-Feb-2023,304.54,304.60,308.64,304.60,307.01,307.04,307.08,"7,94,711","24,40,40,754.44","6,188","7,54,708",94.97
EMBASSY,RR,09-Feb-2023,307.04,308.80,309.81,305.01,306.00,305.93,307.67,"17,39,268","53,51,12,271.55","9,542","16,73,519",96.22
EMBASSY,RR,10-Feb-2023,305.93,307.00,309.27,304.30,308.49,308.04,306.34,"4,62,308","14,16,21,862.76","7,605","3,89,390",84.23
EMBASSY,RR,13-Feb-2023,308.04,309.90,310.00,305.51,307.00,307.33,308.51,"1,66,797","5,14,57,782.09","3,469","1,37,349",82.35
EMBASSY,RR,14-Feb-2023,307.33,308.50,309.00,307.20,308.85,308.77,308.13,"2,16,129","6,65,94,987.70","2,321","1,99,027",92.09
EMBASSY,RR,15-Feb-2023,308.77,309.98,312.20,308.00,309.25,309.69,309.58,"2,08,179","6,44,47,643.27","5,026","1,71,724",82.49
EMBASSY,RR,16-Feb-2023,309.69,311.49,311.49,308.00,309.29,309.30,309.28,"13,90,274","42,99,82,890.16","6,047","13,53,670",97.37
EMBASSY,RR,17-Feb-2023,309.30,309.30,309.50,305.00,305.60,305.91,306.91,"3,29,220","10,10,39,448.77","4,522","2,96,106",89.94
EMBASSY,RR,20-Feb-2023,305.91,307.15,307.38,303.50,304.32,303.86,304.37,"8,12,887","24,74,16,376.80","8,478","7,58,174",93.27
EMBASSY,RR,21-Feb-2023,303.86,305.40,306.00,304.00,305.01,304.80,305.14,"10,05,194","30,67,24,576.63","7,789","9,26,391",92.16
EMBASSY,RR,22-Feb-2023,304.80,305.46,308.00,304.01,305.01,305.00,305.09,"12,06,160","36,79,89,716.98","5,638","11,57,985",96.01
EMBASSY,RR,23-Feb-2023,305.00,305.80,306.49,304.50,305.01,305.00,305.04,"11,01,190","33,59,12,266.94","8,065","10,34,307",93.93
EMBASSY,RR,24-Feb-2023,305.00,304.95,307.54,304.50,305.00,304.95,305.29,"11,18,949","34,16,01,908.69","10,726","10,32,177",92.25
EMBASSY,RR,27-Feb-2023,304.95,306.50,306.85,303.10,305.00,304.98,305.04,"6,63,159","20,22,92,412.17","7,203","6,20,616",93.58
EMBASSY,RR,28-Feb-2023,304.98,305.80,308.00,303.10,307.00,305.00,304.99,"19,93,603","60,80,35,812.30","11,167","19,62,986",98.46
EMBASSY,RR,01-Mar-2023,305.00,305.00,306.00,304.00,304.36,304.83,305.67,"3,39,025","10,36,29,497.33","5,129","3,13,508",92.47
EMBASSY,RR,02-Mar-2023,304.83,305.67,305.67,302.00,302.10,302.36,304.03,"2,05,824","6,25,77,439.05","4,724","1,37,759",66.93
EMBASSY,BL,03-Mar-2023,300.00,299.34,299.34,299.34,299.34,299.34,299.34,"4,26,20,523","12,75,80,27,354.82",2,-,-
EMBASSY,RR,03-Mar-2023,302.36,302.75,304.78,301.00,301.60,301.38,302.39,"1,93,929","5,86,43,113.77","8,333","1,65,417",85.30
EMBASSY,RR,06-Mar-2023,301.38,303.70,306.47,301.30,304.55,304.65,304.98,"6,31,374","19,25,57,039.56","6,606","5,48,717",86.91
EMBASSY,RR,08-Mar-2023,304.65,304.00,305.40,302.50,304.49,304.04,304.07,"16,40,072","49,86,93,928.87","14,356","15,49,803",94.50
EMBASSY,RR,09-Mar-2023,304.04,303.89,305.00,302.61,304.25,303.75,304.06,"4,97,248","15,11,95,693.90","7,976","4,52,628",91.03
EMBASSY,RR,10-Mar-2023,303.75,303.90,306.40,301.00,303.37,303.72,303.65,"9,79,606","29,74,56,811.43","10,771","6,37,253",65.05
EMBASSY,RR,13-Mar-2023,303.72,304.70,304.70,300.80,301.50,301.00,301.57,"6,33,007","19,08,94,407.88","9,731","6,05,244",95.61
EMBASSY,RR,14-Mar-2023,301.00,302.96,302.96,300.00,301.22,301.07,300.30,"8,16,144","24,50,92,121.93","6,617","7,84,928",96.18
EMBASSY,RR,15-Mar-2023,301.07,301.00,303.88,301.00,301.05,301.04,301.24,"14,42,342","43,44,89,045.10","5,696","14,17,541",98.28
EMBASSY,RR,16-Mar-2023,301.04,302.50,304.80,301.51,303.44,303.01,303.00,"6,45,140","19,54,80,354.16","5,809","6,19,274",95.99
EMBASSY,RR,17-Mar-2023,303.01,304.44,304.44,301.01,301.95,301.86,302.03,"8,44,309","25,50,04,724.74","12,687","7,98,283",94.55
EMBASSY,RR,20-Mar-2023,301.86,301.86,314.00,300.00,310.00,303.65,302.29,"12,28,387","37,13,26,808.45","8,710","11,16,388",90.88
EMBASSY,RR,21-Mar-2023,303.65,308.90,310.00,305.01,307.00,307.01,307.21,"11,21,881","34,46,57,000.06","3,445","10,85,653",96.77
EMBASSY,RR,22-Mar-2023,307.01,309.40,309.99,305.35,306.25,306.42,306.64,"7,55,039","23,15,25,282.59","7,352","6,20,669",82.20
EMBASSY,RR,23-Mar-2023,306.42,307.00,308.70,303.05,305.56,305.08,306.04,"9,66,852","29,58,91,312.01","3,411","8,82,854",91.31
EMBASSY,RR,24-Mar-2023,305.08,307.30,324.25,307.01,323.00,322.55,314.07,"11,55,787","36,30,02,145.97","11,271","9,94,399",86.04
EMBASSY,RR,27-Mar-2023,322.55,325.00,326.75,314.00,315.40,314.77,318.18,"6,48,007","20,61,81,525.04","6,122","5,74,353",88.63
EMBASSY,RR,28-Mar-2023,314.77,315.00,318.78,304.36,309.10,305.70,311.30,"5,74,491","17,88,39,622.26","6,607","4,91,101",85.48
EMBASSY,RR,29-Mar-2023,305.70,308.99,313.20,305.95,309.00,308.74,308.81,"6,59,855","20,37,71,648.28","2,473","6,16,162",93.38
EMBASSY,RR,31-Mar-2023,308.74,310.80,321.77,308.00,312.60,312.17,314.16,"9,48,116","29,78,62,965.10","4,553","8,89,155",93.78
EMBASSY,RR,03-Apr-2023,312.17,313.61,317.99,312.25,313.40,314.03,314.32,"2,73,584","8,59,92,582.50","4,375","2,44,699",89.44
EMBASSY,RR,05-Apr-2023,314.03,314.00,317.84,312.03,314.37,313.18,314.97,"3,08,863","9,72,83,133.06","10,294","2,61,434",84.64
EMBASSY,RR,06-Apr-2023,313.18,314.94,316.90,313.00,314.23,314.95,314.69,"1,07,358","3,37,84,419.78","2,876","96,185",89.59
EMBASSY,RR,10-Apr-2023,314.95,316.30,316.30,312.50,313.90,314.00,314.15,"2,96,039","9,29,99,454.74","3,471","2,69,764",91.12
EMBASSY,RR,11-Apr-2023,314.00,315.50,316.91,312.25,315.00,314.97,315.12,"2,48,673","7,83,63,041.07","4,170","2,17,804",87.59
EMBASSY,RR,12-Apr-2023,314.97,315.00,316.98,313.00,315.00,314.99,313.10,"36,83,282","1,15,32,18,086.36","3,332","36,60,199",99.37
EMBASSY,RR,13-Apr-2023,314.99,315.80,315.80,314.12,314.30,315.01,314.86,"1,10,623","3,48,30,294.90","1,972","1,00,619",90.96
EMBASSY,RR,17-Apr-2023,315.01,316.50,319.65,315.02,316.25,316.91,317.70,"5,41,647","17,20,81,694.72","21,851","4,61,927",85.28
EMBASSY,RR,18-Apr-2023,316.91,311.45,324.46,311.45,321.00,322.87,319.18,"2,96,155","9,45,26,441.24","8,002","2,12,152",71.64
EMBASSY,RR,19-Apr-2023,322.87,322.87,323.90,319.85,320.65,321.04,321.15,"1,65,608","5,31,85,204.87","5,033","1,39,408",84.18
EMBASSY,RR,20-Apr-2023,321.04,321.04,323.50,320.00,321.69,321.57,322.08,"2,11,659","6,81,70,622.21","10,859","1,46,098",69.03
EMBASSY,RR,21-Apr-2023,321.57,322.40,322.89,321.15,322.89,322.80,322.15,"64,370","2,07,37,042.92","2,509","59,919",93.09
EMBASSY,RR,24-Apr-2023,322.80,322.15,323.80,318.36,322.00,321.89,321.47,"6,43,900","20,69,93,602.46","5,833","6,14,058",95.37
EMBASSY,RR,25-Apr-2023,321.89,322.60,322.60,315.81,317.00,317.08,319.45,"3,26,144","10,41,87,727.23","6,894","2,78,534",85.40
EMBASSY,RR,26-Apr-2023,317.08,317.00,323.54,316.06,323.50,322.40,321.77,"2,13,207","6,86,03,318.31","7,631","1,69,160",79.34
EMBASSY,RR,27-Apr-2023,322.40,323.45,325.85,321.11,324.00,323.34,323.45,"2,82,872","9,14,94,814.39","4,558","2,18,367",77.20
EMBASSY,RR,28-Apr-2023,323.34,324.90,332.50,321.01,332.00,329.69,325.43,"4,28,731","13,95,22,303.39","9,203","3,31,338",77.28
EMBASSY,RR,02-May-2023,329.69,329.69,334.80,327.10,329.98,329.95,329.51,"8,77,556","28,91,65,112.76","11,106","8,08,300",92.11
EMBASSY,RR,03-May-2023,329.95,332.61,332.61,326.21,330.00,329.46,328.76,"1,99,106","6,54,58,861.32","9,307","1,43,121",71.88
EMBASSY,RR,04-May-2023,329.46,329.00,329.18,315.00,318.00,318.06,315.53,"49,17,894","1,55,17,38,258.47","7,370","48,23,293",98.08
EMBASSY,RR,05-May-2023,318.06,318.00,318.00,313.01,315.45,315.16,315.52,"1,91,128","6,03,03,987.38","14,002","1,62,676",85.11
EMBASSY,RR,08-May-2023,315.16,316.80,318.00,311.40,312.08,312.21,314.22,"2,72,559","8,56,43,521.12","13,806","2,06,643",75.82
EMBASSY,RR,09-May-2023,312.21,313.60,313.98,309.00,311.83,311.39,310.82,"7,63,230","23,72,23,933.99","12,863","6,62,831",86.85
EMBASSY,RR,10-May-2023,311.39,312.65,318.50,311.62,317.90,317.91,316.19,"3,32,432","10,51,11,064.76","11,226","2,92,768",88.07
EMBASSY,RR,11-May-2023,317.91,317.00,318.00,310.26,312.79,311.42,314.27,"3,73,115","11,72,58,914.98","13,488","2,87,080",76.94
EMBASSY,RR,12-May-2023,311.42,312.90,314.80,310.00,311.01,311.09,311.54,"4,62,720","14,41,57,500.49","12,105","3,84,922",83.19
EMBASSY,RR,15-May-2023,311.09,312.50,313.99,308.21,309.37,309.73,310.40,"1,77,934","5,52,31,215.97","6,243","1,39,332",78.31
EMBASSY,RR,16-May-2023,309.73,310.00,311.49,308.00,309.30,309.85,309.70,"3,11,283","9,64,05,737.82","6,679","2,76,817",88.93
EMBASSY,RR,17-May-2023,309.85,310.00,310.20,302.88,304.90,305.34,303.28,"46,14,859","1,39,96,15,676.39","11,500","45,82,010",99.29
EMBASSY,RR,18-May-2023,305.34,306.00,307.40,304.01,305.00,304.65,305.69,"3,09,766","9,46,91,702.13","13,001","2,79,409",90.20
EMBASSY,RR,19-May-2023,304.65,305.15,305.45,304.10,305.44,304.53,304.66,"5,84,862","17,81,84,555.14","10,345","5,66,858",96.92
EMBASSY,RR,22-May-2023,304.53,307.00,307.00,303.80,305.00,304.73,304.38,"5,36,011","16,31,49,518.91","7,454","4,94,117",92.18
EMBASSY,RR,23-May-2023,304.73,305.48,306.17,302.01,303.90,303.45,304.44,"4,21,251","12,82,44,963.12","5,123","3,76,074",89.28
EMBASSY,RR,24-May-2023,303.45,304.90,304.90,302.05,304.01,303.62,303.24,"3,71,580","11,26,76,398.92","4,978","3,39,085",91.25
EMBASSY,RR,25-May-2023,303.62,303.62,304.00,295.10,297.75,297.10,299.05,"55,20,265","1,65,08,40,987.88","12,848","53,88,075",97.61
EMBASSY,RR,26-May-2023,297.10,297.77,303.85,297.10,300.50,300.67,300.37,"16,04,133","48,18,29,876.39","17,908","14,81,796",92.37
EMBASSY,RR,29-May-2023,300.67,301.10,306.95,301.00,303.00,304.33,302.51,"5,17,727","15,66,17,291.40","7,444","4,69,960",90.77
EMBASSY,RR,30-May-2023,304.33,304.50,307.80,303.20,305.60,306.35,305.45,"2,52,667","7,71,78,312.57","5,027","2,33,243",92.31
EMBASSY,RR,31-May-2023,306.35,306.00,311.01,304.01,310.00,307.99,307.72,"15,01,802","46,21,33,587.66","11,343","12,44,092",82.84
EMBASSY,RR,01-Jun-2023,307.99,309.50,310.10,302.56,307.15,308.34,307.56,"4,20,491","12,93,25,347.23","11,649","3,37,514",80.27
EMBASSY,RR,02-Jun-2023,308.34,306.10,309.90,301.00,302.00,301.98,303.47,"3,53,568","10,72,97,836.68","8,464","2,68,320",75.89
EMBASSY,RR,05-Jun-2023,301.98,304.00,306.49,301.00,302.14,302.78,302.61,"4,03,815","12,21,98,725.51","9,296","3,40,849",84.41
EMBASSY,RR,06-Jun-2023,302.78,302.75,305.00,302.35,305.00,304.17,304.34,"1,71,594","5,22,23,225.91","3,509","1,46,556",85.41
EMBASSY,RR,07-Jun-2023,304.17,304.95,306.00,304.05,304.99,304.89,305.07,"1,12,559","3,43,38,686.65","8,199","98,077",87.13
EMBASSY,RR,08-Jun-2023,304.89,304.89,305.99,301.65,302.16,302.17,303.68,"1,87,404","5,69,10,161.98","11,846","1,45,466",77.62
EMBASSY,RR,09-Jun-2023,302.17,302.75,303.98,299.00,299.11,299.67,300.79,"4,81,899","14,49,50,614.53","7,861","3,81,345",79.13
EMBASSY,RR,12-Jun-2023,299.67,301.60,303.49,300.16,301.87,302.61,302.73,"1,22,387","3,70,50,628.18","3,404","1,04,351",85.26
EMBASSY,RR,13-Jun-2023,302.61,302.90,302.90,294.84,297.00,296.91,295.30,"92,29,346","2,72,54,32,040.64","11,068","84,40,044",91.45
EMBASSY,RR,14-Jun-2023,296.91,298.00,300.25,297.00,300.00,299.60,299.07,"6,94,344","20,76,54,224.72","14,327","6,06,199",87.31
EMBASSY,RR,15-Jun-2023,299.60,300.00,300.49,296.00,296.51,297.29,298.73,"5,73,344","17,12,72,774.02","5,365","5,06,890",88.41
EMBASSY,RR,16-Jun-2023,297.29,297.29,299.81,295.41,296.55,296.55,297.29,"5,53,306","16,44,94,743.75","10,020","4,68,128",84.61
EMBASSY,RR,19-Jun-2023,296.55,297.01,298.49,295.50,296.00,295.96,296.95,"2,53,334","7,52,27,704.49","7,868","2,34,402",92.53
EMBASSY,RR,20-Jun-2023,295.96,296.00,297.99,289.25,291.47,291.32,291.89,"9,00,895","26,29,58,352.83","11,205","8,51,355",94.50
EMBASSY,RR,21-Jun-2023,291.32,292.12,293.97,288.00,292.00,292.10,291.52,"4,59,216","13,38,70,656.44","5,833","3,90,190",84.97
EMBASSY,RR,22-Jun-2023,292.10,288.05,297.99,288.05,297.53,296.83,295.18,"7,16,972","21,16,36,379.22","10,405","6,20,856",86.59
EMBASSY,RR,23-Jun-2023,296.83,296.70,297.79,292.80,295.00,293.48,294.94,"6,48,047","19,11,38,188.38","20,487","5,69,371",87.86
EMBASSY,RR,26-Jun-2023,293.48,295.90,296.49,292.15,293.70,293.79,294.54,"6,55,171","19,29,76,061.16","3,973","6,20,403",94.69
EMBASSY,RR,27-Jun-2023,293.79,294.99,294.99,292.21,293.00,292.93,293.24,"5,28,754","15,50,52,268.44","11,042","5,11,444",96.73
EMBASSY,RR,28-Jun-2023,292.93,292.15,294.25,290.05,292.00,291.07,291.57,"17,11,223","49,89,47,669.95","35,688","16,42,697",96.00
EMBASSY,RR,30-Jun-2023,291.07,290.80,293.15,289.42,291.80,291.66,290.44,"15,19,777","44,14,01,715.69","9,047","14,44,998",95.08
EMBASSY,RR,03-Jul-2023,291.66,293.70,295.60,292.50,295.00,294.96,294.88,"7,33,351","21,62,49,275.92","5,243","7,08,640",96.63
EMBASSY,RR,04-Jul-2023,294.96,295.50,296.25,292.01,293.13,293.08,293.21,"1,28,887","3,77,91,067.53","10,557","1,01,908",79.07
EMBASSY,RR,05-Jul-2023,293.08,293.98,295.60,292.61,293.51,293.54,293.93,"1,60,690","4,72,31,502.00","9,753","1,37,370",85.49
EMBASSY,RR,06-Jul-2023,293.54,294.79,297.18,293.15,294.40,295.46,294.79,"3,18,308","9,38,35,518.56","4,089","2,78,080",87.36
EMBASSY,RR,07-Jul-2023,295.46,294.79,302.72,294.40,300.84,301.88,298.62,"3,44,465","10,28,65,362.08","5,657","3,02,973",87.95
EMBASSY,RR,10-Jul-2023,301.88,302.00,302.99,299.50,301.32,300.79,300.87,"3,33,106","10,02,22,456.63","4,133","2,95,788",88.80
EMBASSY,RR,11-Jul-2023,300.79,302.00,303.10,300.00,303.00,302.54,302.32,"3,12,852","9,45,81,798.88","3,828","2,75,983",88.22
EMBASSY,RR,12-Jul-2023,302.54,303.10,303.10,292.50,299.99,299.35,299.00,"2,23,885","6,69,41,272.58","8,168","1,88,535",84.21
EMBASSY,RR,13-Jul-2023,299.35,301.89,301.89,297.50,299.99,299.11,300.00,"1,36,849","4,10,55,086.63","1,788","1,15,541",84.43
EMBASSY,RR,14-Jul-2023,299.11,301.00,304.70,299.16,304.00,303.90,303.05,"4,06,059","12,30,58,164.23","3,741","3,63,531",89.53
EMBASSY,RR,17-Jul-2023,303.90,304.60,309.15,301.51,308.01,308.29,306.44,"2,82,726","8,66,39,669.45","4,009","2,45,070",86.68
EMBASSY,RR,18-Jul-2023,308.29,308.30,309.50,304.50,309.00,308.19,306.65,"3,49,354","10,71,29,926.60","3,365","2,96,709",84.93
EMBASSY,RR,19-Jul-2023,308.19,308.19,309.90,305.05,307.00,306.51,308.57,"4,29,481","13,25,23,711.35","3,196","3,68,720",85.85
EMBASSY,RR,20-Jul-2023,306.51,308.00,312.30,305.01,306.50,306.13,309.64,"5,51,892","17,08,85,892.45","4,465","3,91,991",71.03
EMBASSY,RR,21-Jul-2023,306.13,305.80,309.00,302.35,308.90,308.20,305.24,"1,89,990","5,79,93,345.05","3,192","1,47,152",77.45
EMBASSY,RR,24-Jul-2023,308.20,308.20,311.35,308.00,308.48,309.23,309.45,"1,97,730","6,11,87,853.69","1,998","1,68,143",85.04
EMBASSY,RR,25-Jul-2023,309.23,309.65,310.96,306.21,308.50,308.72,308.90,"3,36,409","10,39,16,806.51","4,108","2,91,409",86.62
EMBASSY,RR,26-Jul-2023,308.72,309.95,311.00,301.05,302.10,302.57,306.92,"4,73,648","14,53,71,344.82","8,957","3,78,110",79.83
EMBASSY,RR,27-Jul-2023,302.57,302.85,309.30,302.81,308.01,308.09,306.17,"1,71,063","5,23,74,111.63","3,542","1,28,186",74.93
EMBASSY,RR,28-Jul-2023,308.09,308.89,310.44,307.11,310.00,309.93,309.70,"1,61,540","5,00,28,131.65","2,786","1,35,335",83.78
EMBASSY,RR,31-Jul-2023,309.93,311.40,313.34,310.00,310.95,311.98,312.07,"6,47,623","20,21,03,850.17","5,222","5,78,530",89.33
EMBASSY,RR,01-Aug-2023,311.98,311.94,311.94,301.26,307.00,306.68,306.47,"5,10,363","15,64,12,231.24","9,478","3,86,758",75.78
EMBASSY,RR,02-Aug-2023,306.68,308.50,309.90,304.11,309.00,308.24,307.53,"3,37,211","10,37,02,397.07","5,606","2,74,229",81.32
EMBASSY,RR,03-Aug-2023,308.24,306.90,309.70,305.33,306.79,307.14,307.17,"1,12,253","3,44,81,062.17","2,012","87,867",78.28
EMBASSY,RR,04-Aug-2023,307.14,307.00,307.08,299.17,304.00,304.13,301.46,"3,37,540","10,17,54,553.72","6,097","2,83,962",84.13
EMBASSY,RR,07-Aug-2023,304.13,305.99,307.20,302.05,306.00,305.03,304.02,"2,35,197","7,15,05,662.41","5,604","2,15,672",91.70
EMBASSY,RR,08-Aug-2023,305.03,305.00,305.00,303.00,304.95,304.17,303.99,"2,90,306","8,82,50,180.32","3,432","2,77,235",95.50
EMBASSY,RR,09-Aug-2023,304.17,304.00,306.72,303.29,304.49,304.77,304.32,"3,12,162","9,49,96,083.80","3,741","2,80,934",90.00
EMBASSY,RR,10-Aug-2023,304.77,304.77,310.67,304.01,309.90,309.52,307.47,"7,63,128","23,46,37,664.70","10,306","6,72,647",88.14
EMBASSY,RR,11-Aug-2023,309.52,309.80,312.00,308.85,311.50,311.08,310.24,"4,84,469","15,02,99,884.25","3,990","4,29,445",88.64
EMBASSY,RR,14-Aug-2023,311.08,312.50,312.99,307.80,309.97,310.63,310.12,"3,49,160","10,82,81,363.31","6,663","2,97,514",85.21
EMBASSY,RR,16-Aug-2023,310.63,311.88,311.92,308.05,309.94,309.47,310.03,"20,59,433","63,84,91,593.14","13,598","20,14,418",97.81
EMBASSY,RR,17-Aug-2023,309.47,310.50,310.50,305.30,306.48,306.44,307.48,"1,57,076","4,82,97,949.78","2,803","1,37,213",87.35
EMBASSY,RR,18-Aug-2023,306.44,313.00,313.00,303.49,306.74,305.55,306.75,"2,46,010","7,54,63,187.47","7,661","1,99,627",81.15
EMBASSY,RR,21-Aug-2023,305.55,307.80,309.90,304.41,309.50,308.35,306.63,"1,76,830","5,42,22,210.18","10,922","1,50,597",85.16
EMBASSY,RR,22-Aug-2023,308.35,308.00,308.00,305.50,305.80,306.60,307.05,"1,40,313","4,30,83,084.60","2,658","1,25,353",89.34
EMBASSY,RR,23-Aug-2023,306.60,306.51,308.80,305.20,306.40,306.60,306.34,"3,67,640","11,26,21,873.55","2,973","3,11,466",84.72
EMBASSY,RR,24-Aug-2023,306.60,305.99,306.50,303.30,303.76,304.28,304.96,"1,69,237","5,16,10,950.09","3,269","1,44,214",85.21
EMBASSY,RR,25-Aug-2023,304.28,303.90,304.99,301.00,302.01,302.05,302.18,"3,49,621","10,56,47,561.13","5,984","3,24,797",92.90
EMBASSY,RR,28-Aug-2023,302.05,303.00,305.50,301.00,302.99,301.96,302.99,"2,67,665","8,10,98,729.72","5,532","2,51,049",93.79
EMBASSY,RR,29-Aug-2023,301.96,303.00,305.50,301.20,305.49,304.25,302.86,"3,71,717","11,25,79,022.01","8,432","3,13,150",84.24
EMBASSY,RR,30-Aug-2023,304.25,304.25,305.50,303.00,304.50,304.01,304.04,"6,54,146","19,88,84,067.21","5,303","6,03,321",92.23
EMBASSY,RR,31-Aug-2023,304.01,303.95,306.85,301.10,304.10,305.17,303.67,"4,86,786","14,78,21,679.30","5,343","3,96,729",81.50
EMBASSY,RR,01-Sep-2023,305.17,306.95,309.00,304.01,307.30,306.74,305.61,"8,75,615","26,75,93,856.52","2,880","8,57,678",97.95
EMBASSY,RR,04-Sep-2023,306.74,309.00,311.01,306.74,309.01,309.46,307.17,"14,45,607","44,40,51,731.67","5,762","14,14,949",97.88
EMBASSY,RR,05-Sep-2023,309.46,309.00,310.50,308.39,308.68,309.23,309.25,"3,26,230","10,08,85,397.40","4,241","2,80,800",86.07
EMBASSY,RR,06-Sep-2023,309.23,309.00,312.00,307.16,307.80,307.63,308.66,"1,05,476","3,25,56,005.46","2,794","89,848",85.18
EMBASSY,RR,07-Sep-2023,307.63,308.50,309.44,302.99,305.00,304.78,306.19,"2,56,781","7,86,24,086.87","5,311","2,34,415",91.29
EMBASSY,RR,08-Sep-2023,304.78,305.80,309.50,304.10,309.31,309.34,305.86,"9,65,051","29,51,73,313.74","7,532","9,42,024",97.61
EMBASSY,RR,11-Sep-2023,309.34,310.00,311.05,303.55,305.70,305.03,306.96,"3,69,368","11,33,79,374.98","8,230","3,25,969",88.25
EMBASSY,RR,12-Sep-2023,305.03,307.80,309.50,303.10,307.45,307.75,306.32,"2,19,144","6,71,27,114.88","4,635","1,87,318",85.48
EMBASSY,RR,13-Sep-2023,307.75,308.75,310.00,304.90,309.49,309.13,307.29,"2,54,490","7,82,02,377.97","5,434","2,25,260",88.51
EMBASSY,RR,14-Sep-2023,309.13,308.99,309.00,303.61,305.98,305.36,305.33,"3,23,105","9,86,54,490.86","8,796","2,84,859",88.16
EMBASSY,RR,15-Sep-2023,305.36,306.40,313.00,305.41,312.00,311.16,310.14,"6,38,037","19,78,82,513.58","13,078","5,83,307",91.42
EMBASSY,RR,18-Sep-2023,311.16,312.50,312.59,305.95,307.50,306.81,308.94,"5,95,185","18,38,75,269.15","5,842","5,53,159",92.94
EMBASSY,RR,20-Sep-2023,306.81,308.30,308.30,303.54,303.98,303.87,304.85,"7,45,294","22,71,99,959.45","8,170","6,91,487",92.78
EMBASSY,RR,21-Sep-2023,303.87,303.98,305.80,302.97,303.80,303.54,304.01,"18,17,905","55,26,53,193.32","3,440","18,03,484",99.21
EMBASSY,RR,22-Sep-2023,303.54,303.00,305.80,303.00,304.00,303.95,304.33,"1,87,700","5,71,22,134.29","3,343","1,67,704",89.35
EMBASSY,RR,25-Sep-2023,303.95,304.00,306.99,303.01,303.79,304.34,304.57,"2,03,827","6,20,78,850.93","6,246","1,69,423",83.12
EMBASSY,RR,26-Sep-2023,304.34,305.30,306.50,304.00,304.56,304.80,305.01,"2,20,537","6,72,65,039.31","9,271","1,99,135",90.30
EMBASSY,RR,27-Sep-2023,304.80,305.05,305.98,301.84,302.50,302.28,302.78,"3,08,573","9,34,30,276.98","7,658","2,71,965",88.14
EMBASSY,RR,28-Sep-2023,302.28,302.28,303.94,300.00,301.99,300.44,301.92,"4,92,228","14,86,14,145.83","8,069","4,72,659",96.02
EMBASSY,RR,29-Sep-2023,300.44,302.70,304.00,300.00,300.82,300.61,301.73,"4,77,580","14,41,02,361.64","10,041","4,21,627",88.28
EMBASSY,RR,03-Oct-2023,300.61,300.82,302.99,297.10,300.10,300.16,299.47,"6,77,814","20,29,85,102.59","18,122","5,77,610",85.22
EMBASSY,RR,04-Oct-2023,300.16,300.00,303.47,299.61,302.20,302.12,302.00,"2,60,817","7,87,65,912.25","4,025","2,32,236",89.04
EMBASSY,RR,05-Oct-2023,302.12,302.20,305.95,300.01,302.47,302.23,302.23,"6,80,132","20,55,57,544.23","11,157","6,15,829",90.55
EMBASSY,RR,06-Oct-2023,302.23,304.00,305.00,301.05,304.25,304.26,303.92,"1,31,929","4,00,96,034.24","7,024","1,14,032",86.43
EMBASSY,RR,09-Oct-2023,304.26,302.70,305.00,300.22,303.71,304.00,303.54,"3,25,387","9,87,68,479.39","4,007","2,85,366",87.70
EMBASSY,RR,10-Oct-2023,304.00,304.99,306.00,302.02,304.00,303.09,304.16,"1,31,691","4,00,55,318.88","4,128","1,05,224",79.90
EMBASSY,RR,11-Oct-2023,303.09,304.40,305.55,303.00,305.40,305.06,304.45,"2,18,821","6,66,19,006.83","5,391","1,97,368",90.20
EMBASSY,RR,12-Oct-2023,305.06,306.00,309.14,305.00,308.20,308.14,307.54,"2,28,318","7,02,16,067.55","4,539","2,05,732",90.11
EMBASSY,RR,13-Oct-2023,308.14,309.00,309.70,305.55,306.10,307.07,307.28,"2,23,471","6,86,67,216.79","3,371","1,87,899",84.08
EMBASSY,RR,16-Oct-2023,307.07,308.20,309.25,306.00,308.90,308.58,307.65,"1,64,339","5,05,58,322.02","3,804","1,50,186",91.39
EMBASSY,RR,17-Oct-2023,308.58,309.00,309.25,307.00,308.50,308.58,308.55,"1,94,238","5,99,33,046.45","5,856","1,81,694",93.54
EMBASSY,RR,18-Oct-2023,308.58,309.20,310.24,307.50,309.80,309.57,309.05,"2,98,368","9,22,12,042.62","3,219","2,79,970",93.83
EMBASSY,RR,19-Oct-2023,309.57,308.21,310.00,307.30,307.30,307.90,307.91,"2,63,297","8,10,72,924.75","6,586","2,41,708",91.80
EMBASSY,RR,20-Oct-2023,307.90,308.65,309.90,306.00,309.00,308.58,308.57,"4,02,810","12,42,94,183.12","12,167","3,82,111",94.86
EMBASSY,RR,23-Oct-2023,308.58,308.50,308.50,303.50,304.05,304.78,305.92,"3,71,432","11,36,28,575.58","9,608","3,42,373",92.18
EMBASSY,RR,25-Oct-2023,304.78,305.00,305.85,299.55,300.00,300.02,302.01,"7,14,099","21,56,68,261.77","8,856","6,79,212",95.11
EMBASSY,RR,26-Oct-2023,300.02,300.02,303.00,297.76,298.75,298.35,298.47,"14,38,982","42,94,99,213.89","10,329","14,07,551",97.82
EMBASSY,RR,27-Oct-2023,298.35,302.40,307.80,301.00,306.00,305.39,303.70,"1,15,886","3,51,94,922.98","4,567","90,376",77.99
EMBASSY,RR,30-Oct-2023,305.39,304.51,310.00,304.51,309.99,309.97,308.79,"2,29,909","7,09,93,230.52","3,541","2,08,440",90.66
EMBASSY,RR,31-Oct-2023,309.97,309.80,312.49,309.05,312.00,311.66,311.05,"2,71,847","8,45,57,325.53","3,123","2,47,827",91.16
EMBASSY,RR,01-Nov-2023,311.66,311.66,314.99,308.51,314.99,314.13,311.96,"3,86,403","12,05,40,373.54","4,078","3,48,285",90.14
EMBASSY,RR,02-Nov-2023,314.13,315.00,315.49,312.25,314.00,313.98,313.64,"2,64,431","8,29,35,711.46","4,788","2,50,500",94.73
EMBASSY,RR,03-Nov-2023,313.98,311.51,314.60,308.48,311.95,313.33,311.52,"3,71,319","11,56,74,037.67","5,663","3,18,106",85.67
EMBASSY,RR,06-Nov-2023,313.33,312.95,315.23,308.42,313.49,314.55,312.31,"1,89,355","5,91,37,281.63","4,053","1,60,367",84.69
EMBASSY,RR,07-Nov-2023,314.55,314.55,315.60,311.10,312.01,312.01,313.26,"1,69,066","5,29,61,969.41","3,970","1,40,285",82.98
EMBASSY,RR,08-Nov-2023,312.01,312.00,314.70,310.00,311.95,311.17,312.48,"5,50,757","17,21,00,382.64","4,403","5,21,177",94.63
EMBASSY,RR,09-Nov-2023,311.17,311.17,315.35,308.20,315.00,313.92,311.01,"2,43,356","7,56,85,125.20","6,355","1,95,453",80.32
EMBASSY,RR,10-Nov-2023,313.92,314.65,316.00,308.00,311.75,311.80,311.49,"2,46,806","7,68,78,089.02","13,357","2,05,385",83.22
EMBASSY,RR,12-Nov-2023,311.80,314.80,314.80,311.25,313.15,313.49,313.70,"27,661","86,77,292.16","1,255","20,622",74.55
EMBASSY,RR,13-Nov-2023,313.49,312.80,312.80,309.50,310.00,309.96,310.37,"2,28,218","7,08,31,249.78","8,785","2,01,395",88.25
EMBASSY,RR,15-Nov-2023,309.96,310.00,315.49,310.00,315.49,314.48,312.92,"3,46,725","10,84,97,494.52","5,888","3,06,459",88.39
EMBASSY,RR,16-Nov-2023,314.48,315.00,316.04,311.10,312.50,314.89,314.95,"4,42,863","13,94,79,737.91","2,484","4,27,465",96.52
EMBASSY,RR,17-Nov-2023,314.89,313.70,316.00,313.00,315.46,315.12,314.00,"5,91,290","18,56,66,288.34","9,548","5,69,531",96.32
EMBASSY,RR,20-Nov-2023,315.12,315.12,318.00,315.00,317.97,317.59,316.92,"2,46,894","7,82,45,747.75","3,473","2,32,890",94.33
EMBASSY,RR,21-Nov-2023,317.59,317.59,319.44,316.00,318.51,318.90,317.89,"2,68,533","8,53,64,471.11","4,070","2,42,513",90.31
EMBASSY,RR,22-Nov-2023,318.90,319.00,320.00,313.50,314.70,314.02,317.76,"5,56,528","17,68,43,257.99","5,663","4,79,647",86.19
EMBASSY,RR,23-Nov-2023,314.02,314.00,318.00,313.50,316.51,317.61,316.39,"65,170","2,06,19,136.98","1,485","56,909",87.32
EMBASSY,RR,24-Nov-2023,317.61,316.03,321.00,316.03,319.05,319.82,319.60,"1,31,083","4,18,93,545.56","2,135","1,09,810",83.77
EMBASSY,RR,28-Nov-2023,319.82,319.99,320.99,313.95,316.00,314.90,317.72,"2,82,387","8,97,18,664.92","4,492","2,58,796",91.65
EMBASSY,RR,29-Nov-2023,314.90,316.00,318.95,313.60,317.02,317.60,315.54,"1,64,954","5,20,49,435.99","4,675","1,29,863",78.73
EMBASSY,RR,30-Nov-2023,317.60,319.80,324.00,317.52,322.01,322.17,321.06,"3,40,324","10,92,65,694.20","6,329","3,03,484",89.18
EMBASSY,RR,01-Dec-2023,322.17,322.00,324.00,316.01,318.00,317.72,319.60,"2,22,428","7,10,88,749.86","6,786","1,69,328",76.13
EMBASSY,RR,04-Dec-2023,317.72,319.80,322.96,312.79,316.36,317.19,317.14,"2,75,858","8,74,84,604.72","6,458","2,28,701",82.91
EMBASSY,RR,05-Dec-2023,317.19,318.90,318.90,314.71,317.00,316.74,316.78,"4,61,344","14,61,42,750.33","8,698","4,01,234",86.97
EMBASSY,RR,06-Dec-2023,316.74,315.75,319.97,284.00,296.18,297.09,305.53,"11,89,493","36,34,25,297.98","12,467","9,22,108",77.52
EMBASSY,RR,07-Dec-2023,297.09,300.00,323.00,300.00,318.98,319.04,318.05,"14,05,963","44,71,68,981.50","19,957","12,16,310",86.51
EMBASSY,RR,08-Dec-2023,319.04,323.00,327.26,318.05,325.00,325.90,323.28,"23,15,670","74,86,03,856.68","20,065","22,36,333",96.57
EMBASSY,RR,11-Dec-2023,325.90,327.80,333.98,325.65,330.00,330.24,328.86,"16,41,079","53,96,92,220.60","16,277","14,52,929",88.53
EMBASSY,RR,12-Dec-2023,330.24,331.50,332.00,327.03,332.00,330.67,329.67,"18,05,677","59,52,72,191.25","8,199","17,38,794",96.30
EMBASSY,RR,13-Dec-2023,330.67,332.60,333.93,328.45,332.00,333.46,332.22,"19,71,837","65,50,91,432.17","4,661","19,24,899",97.62
EMBASSY,RR,14-Dec-2023,333.46,333.40,334.98,330.30,331.51,333.51,333.54,"14,09,082","46,99,82,001.93","5,792","13,52,146",95.96
EMBASSY,RR,15-Dec-2023,333.51,334.90,334.90,325.11,327.00,327.31,329.17,"8,35,652","27,50,75,010.37","15,192","7,07,599",84.68
EMBASSY,RR,18-Dec-2023,327.31,328.87,328.87,318.05,324.25,324.33,323.43,"11,51,896","37,25,59,962.20","7,773","10,65,647",92.51
EMBASSY,RR,19-Dec-2023,324.33,324.00,338.00,322.50,335.00,335.75,329.30,"10,77,318","35,47,65,275.78","10,939","9,69,205",89.96
EMBASSY,RR,20-Dec-2023,335.75,320.00,338.00,320.00,331.15,332.25,330.23,"99,28,943","3,27,87,87,306.45","36,621","67,64,948",68.13
EMBASSY,RR,21-Dec-2023,332.25,329.05,330.00,325.10,330.00,329.48,327.92,"6,13,724","20,12,54,908.90","12,696","5,21,400",84.96
EMBASSY,RR,22-Dec-2023,329.48,321.00,327.84,319.60,324.00,323.97,324.67,"16,90,545","54,88,77,206.28","22,550","13,73,722",81.26
EMBASSY,RR,26-Dec-2023,323.97,322.30,338.63,321.20,337.00,333.17,330.96,"49,62,810","1,64,25,05,964.68","35,279","40,99,502",82.60
EMBASSY,RR,27-Dec-2023,333.17,334.80,334.80,326.10,331.00,329.84,328.94,"15,04,883","49,50,23,382.66","21,369","13,26,429",88.14
EMBASSY,RR,28-Dec-2023,329.84,331.48,331.49,322.70,325.30,324.83,326.88,"6,94,107","22,68,87,571.32","20,359","5,78,987",83.41
EMBASSY,RR,29-Dec-2023,324.83,325.49,329.24,322.25,323.50,324.65,324.89,"18,82,095","61,14,68,537.69","27,144","17,30,687",91.96
EMBASSY,RR,01-Jan-2024,324.65,323.80,328.99,323.51,326.50,327.13,326.92,"1,50,496","4,92,00,436.29","9,272","1,18,106",78.48
EMBASSY,RR,02-Jan-2024,327.13,327.99,329.55,323.30,328.35,328.80,328.30,"13,29,680","43,65,32,430.73","21,538","12,22,852",91.97
EMBASSY,RR,03-Jan-2024,328.80,329.69,332.00,329.15,330.15,331.14,330.30,"10,01,154","33,06,85,969.60","21,260","9,58,805",95.77
EMBASSY,RR,04-Jan-2024,331.14,331.40,334.00,330.11,334.00,332.02,331.80,"36,69,515","1,21,75,44,697.72","19,361","36,34,604",99.05
EMBASSY,RR,05-Jan-2024,332.02,332.10,334.50,329.56,332.00,332.55,332.25,"13,35,087","44,35,82,585.55","12,405","12,40,915",92.95
EMBASSY,RR,08-Jan-2024,332.55,334.75,334.75,326.60,328.98,328.66,330.02,"6,08,945","20,09,61,243.44","9,225","5,52,728",90.77
EMBASSY,RR,09-Jan-2024,328.66,329.95,337.00,326.01,337.00,334.42,330.49,"7,09,492","23,44,82,923.26","14,902","6,26,559",88.31
EMBASSY,RR,10-Jan-2024,334.42,335.80,342.74,334.66,342.00,341.59,340.44,"10,51,273","35,78,97,468.79","21,149","9,66,702",91.96
EMBASSY,RR,11-Jan-2024,341.59,342.00,352.85,341.59,349.99,349.99,349.38,"14,59,904","51,00,56,015.04","11,555","13,60,313",93.18
EMBASSY,RR,12-Jan-2024,349.99,350.25,357.30,342.99,353.00,349.95,350.02,"19,57,234","68,50,71,492.66","9,701","17,39,223",88.86
EMBASSY,RR,15-Jan-2024,349.95,352.95,352.95,345.00,346.80,346.43,347.95,"4,66,777","16,24,15,155.20","14,141","4,10,022",87.84
EMBASSY,RR,16-Jan-2024,346.43,348.75,354.74,339.65,350.00,349.99,350.62,"13,72,110","48,10,83,305.21","24,672","12,79,813",93.27
EMBASSY,RR,17-Jan-2024,349.99,349.00,356.10,345.75,350.26,351.51,350.98,"63,41,638","2,22,57,70,343.94","47,243","52,16,490",82.26
EMBASSY,RR,18-Jan-2024,351.51,350.26,356.64,349.00,355.20,354.78,352.99,"9,75,575","34,43,67,516.24","19,305","7,81,613",80.12
EMBASSY,RR,19-Jan-2024,354.78,354.78,357.50,348.60,350.99,351.39,351.94,"6,35,181","22,35,48,082.68","23,210","5,02,693",79.14
EMBASSY,RR,20-Jan-2024,351.39,351.98,351.98,347.50,347.85,347.89,349.06,"36,727","1,28,20,109.23","1,433","28,765",78.32
EMBASSY,RR,23-Jan-2024,347.89,347.70,357.74,346.00,356.00,353.54,351.59,"19,50,274","68,56,97,638.57","11,912","16,99,835",87.16
EMBASSY,RR,24-Jan-2024,353.54,352.00,355.00,349.00,354.99,354.92,352.99,"4,68,900","16,55,17,282.65","5,822","3,92,591",83.73
EMBASSY,RR,25-Jan-2024,354.92,352.55,354.89,348.80,349.55,349.71,349.94,"3,27,861","11,47,31,880.22","5,809","2,73,348",83.37
EMBASSY,RR,29-Jan-2024,349.71,351.00,356.90,347.00,354.00,353.80,352.49,"7,15,524","25,22,14,545.95","14,748","5,48,613",76.67
EMBASSY,RR,30-Jan-2024,353.80,354.79,357.89,346.49,353.04,351.07,355.02,"4,67,850","16,60,97,970.96","8,581","3,38,215",72.29
EMBASSY,RR,31-Jan-2024,351.07,353.90,363.85,351.14,360.91,359.15,357.68,"14,05,725","50,28,00,301.82","8,500","12,40,740",88.26
EMBASSY,RR,01-Feb-2024,359.15,361.97,367.70,358.00,363.00,365.25,362.25,"6,46,520","23,41,99,249.97","7,149","5,36,768",83.02
EMBASSY,RR,02-Feb-2024,365.25,365.97,369.90,362.26,368.50,368.60,368.14,"5,66,187","20,84,36,542.38","14,117","4,90,756",86.68
EMBASSY,RR,05-Feb-2024,368.60,368.00,368.85,355.90,368.85,365.94,362.21,"2,40,346","8,70,55,733.44","8,011","1,71,532",71.37
EMBASSY,RR,06-Feb-2024,365.94,367.49,372.00,355.20,367.90,364.64,365.45,"10,28,310","37,57,93,982.71","29,475","7,23,675",70.38
EMBASSY,RR,07-Feb-2024,364.64,366.00,369.97,361.00,364.90,365.09,366.75,"6,84,512","25,10,47,826.69","9,455","5,85,868",85.59
EMBASSY,RR,08-Feb-2024,365.09,365.10,367.45,361.00,365.85,364.49,364.85,"3,47,315","12,67,18,395.84","4,829","3,15,494",90.84
EMBASSY,RR,09-Feb-2024,364.49,364.50,369.43,362.00,363.80,362.91,365.73,"3,55,284","12,99,37,088.43","5,513","3,14,947",88.65
EMBASSY,RR,12-Feb-2024,362.91,362.00,364.95,354.01,359.99,358.15,356.39,"8,52,623","30,38,66,749.86","6,718","7,62,120",89.39
EMBASSY,RR,13-Feb-2024,358.15,360.00,364.90,357.00,360.35,362.50,362.36,"13,16,546","47,70,66,393.52","18,496","11,79,637",89.60
EMBASSY,RR,14-Feb-2024,362.50,363.40,370.02,360.25,368.65,368.86,368.64,"7,21,744","26,60,63,385.83","12,998","6,16,822",85.46
EMBASSY,RR,15-Feb-2024,368.86,366.00,370.00,366.00,368.50,368.80,368.97,"6,28,023","23,17,22,237.29","14,223","5,95,333",94.79
EMBASSY,RR,16-Feb-2024,368.80,368.80,369.97,357.74,367.90,367.91,366.53,"4,92,154","18,03,87,315.04","31,167","3,88,856",79.01
EMBASSY,RR,19-Feb-2024,367.91,367.90,368.29,366.00,367.75,367.92,367.89,"32,37,102","1,19,08,86,256.14","7,106","30,87,167",95.37
EMBASSY,RR,20-Feb-2024,367.92,368.29,369.00,364.00,367.00,367.90,367.42,"46,20,159","1,69,75,21,688.11","26,839","44,31,853",95.92
EMBASSY,RR,21-Feb-2024,367.90,369.40,369.40,324.10,356.50,358.92,356.37,"5,12,582","18,26,70,668.01","17,387","3,91,309",76.34
EMBASSY,RR,22-Feb-2024,358.92,357.75,358.88,352.01,352.01,353.91,354.21,"4,18,856","14,83,61,157.14","22,030","3,60,108",85.97
EMBASSY,RR,23-Feb-2024,353.91,355.92,365.85,355.00,365.00,363.95,363.16,"44,57,217","1,61,86,61,414.97","12,316","43,51,651",97.63
EMBASSY,RR,26-Feb-2024,363.95,368.00,370.00,365.85,369.92,369.28,369.09,"12,64,740","46,68,05,492.52","14,875","11,53,582",91.21
EMBASSY,RR,27-Feb-2024,369.28,370.00,370.95,361.20,366.90,366.97,367.21,"12,67,182","46,53,25,532.13","13,085","12,35,072",97.47
EMBASSY,RR,28-Feb-2024,366.97,367.70,368.00,363.50,368.00,365.47,365.27,"6,40,049","23,37,88,245.84","5,989","6,19,878",96.85
EMBASSY,RR,29-Feb-2024,365.47,367.99,387.95,364.46,380.00,373.80,371.46,"24,03,844","89,29,32,310.22","10,751","21,13,522",87.92
EMBASSY,RR,01-Mar-2024,373.80,379.80,380.00,375.00,378.57,378.21,377.09,"3,66,366","13,81,52,237.64","12,987","2,82,191",77.02
EMBASSY,RR,02-Mar-2024,378.21,382.80,382.80,373.74,374.70,375.25,376.74,"10,460","39,40,693.79",493,"6,877",65.75
EMBASSY,RR,04-Mar-2024,375.25,378.30,378.48,372.25,372.31,373.51,374.63,"3,46,608","12,98,50,405.82","6,469","3,13,015",90.31
EMBASSY,RR,05-Mar-2024,373.51,376.00,386.95,374.99,381.23,383.65,380.89,"19,23,615","73,26,80,170.00","24,533","15,58,635",81.03
EMBASSY,RR,06-Mar-2024,383.65,382.55,382.55,371.00,379.03,373.92,373.59,"6,29,397","23,51,37,981.86","20,557","5,40,994",85.95
EMBASSY,RR,07-Mar-2024,373.92,377.65,380.00,373.92,379.95,378.35,377.21,"4,00,373","15,10,24,609.76","6,832","3,01,523",75.31
EMBASSY,RR,11-Mar-2024,378.35,380.80,380.90,375.00,376.25,379.54,379.52,"13,17,595","50,00,51,548.74","11,311","12,05,065",91.46
EMBASSY,RR,12-Mar-2024,379.54,380.99,381.00,371.11,374.90,375.44,375.83,"7,15,733","26,89,97,510.30","16,026","5,39,296",75.35
EMBASSY,RR,13-Mar-2024,375.44,376.40,384.00,374.11,382.00,382.16,378.51,"17,13,628","64,86,31,564.79","17,925","13,97,116",81.53
EMBASSY,RR,14-Mar-2024,382.16,381.80,387.00,365.25,381.26,385.17,383.90,"24,94,532","95,76,59,265.22","27,635","21,58,861",86.54
EMBASSY,RR,15-Mar-2024,385.17,383.64,399.00,382.00,392.00,395.03,392.65,"39,89,169","1,56,63,34,938.50","34,613","33,01,841",82.77
EMBASSY,RR,18-Mar-2024,395.03,395.03,395.99,380.20,385.00,384.85,387.71,"23,04,246","89,33,83,795.90","19,849","20,52,274",89.06
EMBASSY,RR,19-Mar-2024,384.85,385.35,385.35,370.26,382.11,383.06,379.24,"7,75,168","29,39,74,794.59","21,798","6,06,030",78.18
EMBASSY,RR,20-Mar-2024,383.06,384.95,384.95,368.00,370.78,370.23,371.50,"2,34,236","8,70,19,004.32","10,914","1,57,837",67.38
EMBASSY,RR,21-Mar-2024,370.23,372.20,377.97,369.00,374.90,375.23,374.47,"7,20,382","26,97,62,095.10","6,506","6,47,427",89.87
EMBASSY,RR,22-Mar-2024,375.23,375.97,376.95,374.03,375.23,375.98,375.90,"2,00,324","7,53,01,165.58","7,317","1,64,761",82.25
EMBASSY,RR,26-Mar-2024,375.98,375.23,378.64,372.00,375.94,375.48,375.05,"3,17,841","11,92,05,408.67","13,494","2,77,388",87.27
EMBASSY,RR,27-Mar-2024,375.48,377.40,379.97,371.00,376.00,377.03,377.63,"3,73,253","14,09,51,913.19","14,342","3,07,336",82.34
EMBASSY,RR,28-Mar-2024,377.03,377.97,382.95,366.90,367.99,369.61,373.71,"4,97,845","18,60,48,887.40","12,432","4,06,956",81.74
EMBASSY,RR,01-Apr-2024,369.61,373.00,374.95,364.15,368.11,366.74,367.15,"2,79,439","10,25,97,252.02","10,601","2,26,448",81.04
EMBASSY,RR,02-Apr-2024,366.74,368.00,375.97,366.70,370.00,370.64,371.40,"3,42,465","12,71,90,745.08","23,120","2,05,939",60.13
EMBASSY,RR,03-Apr-2024,370.64,369.50,376.95,369.01,370.32,371.92,372.17,"5,52,673","20,56,89,897.24","19,675","3,56,112",64.43
EMBASSY,RR,04-Apr-2024,371.92,371.92,378.65,371.52,375.51,375.49,374.58,"7,66,124","28,69,72,918.11","14,057","6,81,514",88.96
EMBASSY,RR,05-Apr-2024,375.49,376.80,377.90,370.55,375.00,374.54,375.40,"19,43,092","72,94,34,487.28","6,124","18,93,929",97.47
EMBASSY,RR,08-Apr-2024,374.54,378.00,378.00,370.50,374.00,374.20,374.52,"19,78,471","74,09,79,204.43","8,184","19,06,434",96.36
EMBASSY,RR,09-Apr-2024,374.20,374.00,375.00,368.50,370.00,369.77,370.58,"7,19,265","26,65,47,921.40","6,276","6,57,243",91.38
EMBASSY,RR,10-Apr-2024,369.77,369.00,370.24,362.50,364.05,365.18,365.00,"4,31,261","15,74,11,984.58","16,397","2,99,369",69.42
EMBASSY,RR,12-Apr-2024,365.18,364.73,364.99,352.60,357.20,356.11,357.03,"11,71,718","41,83,34,945.26","39,987","9,44,399",80.60
EMBASSY,RR,15-Apr-2024,356.11,356.00,358.30,349.49,356.00,353.31,354.99,"13,69,423","48,61,31,944.05","11,608","12,56,557",91.76
EMBASSY,RR,16-Apr-2024,353.31,356.70,356.70,349.22,349.99,349.90,351.94,"10,80,671","38,03,36,218.57","18,538","9,22,153",85.33
EMBASSY,RR,18-Apr-2024,349.90,353.00,374.50,350.61,365.00,363.91,365.98,"18,05,128","66,06,43,318.18","32,887","13,78,665",76.37
EMBASSY,RR,19-Apr-2024,363.91,364.95,370.00,363.05,367.64,364.99,366.68,"4,62,432","16,95,62,410.47","11,731","3,37,608",73.01
EMBASSY,RR,22-Apr-2024,364.99,368.50,369.49,358.15,359.76,359.30,361.46,"8,04,277","29,07,14,292.55","11,305","5,90,578",73.43
EMBASSY,RR,23-Apr-2024,359.30,360.00,367.00,359.51,363.80,364.00,362.93,"9,27,057","33,64,58,596.98","11,106","8,34,762",90.04
EMBASSY,RR,24-Apr-2024,364.00,365.49,368.95,356.53,366.49,367.29,366.77,"7,41,417","27,19,26,000.93","6,943","6,65,557",89.77
EMBASSY,RR,25-Apr-2024,367.29,369.00,374.00,368.00,370.00,370.02,370.35,"14,26,544","52,83,26,311.98","13,964","12,77,498",89.55
EMBASSY,RR,26-Apr-2024,370.02,373.46,373.80,361.11,361.90,362.02,366.18,"3,69,149","13,51,74,575.46","13,538","2,74,494",74.36
EMBASSY,RR,29-Apr-2024,362.02,362.00,367.00,355.01,355.81,355.84,358.15,"2,00,042","7,16,45,244.39","10,156","1,71,232",85.60
EMBASSY,RR,30-Apr-2024,355.84,358.00,362.85,356.00,360.00,359.68,359.98,"6,83,212","24,59,39,719.24","13,210","6,15,481",90.09
EMBASSY,RR,02-May-2024,359.68,358.11,361.99,354.01,356.05,356.59,356.96,"2,75,254","9,82,54,207.26","15,451","2,34,237",85.10
EMBASSY,RR,03-May-2024,356.59,357.80,357.80,351.30,353.10,353.06,353.93,"7,47,991","26,47,37,352.63","15,034","6,80,420",90.97
EMBASSY,RR,06-May-2024,353.06,351.00,352.89,341.25,344.98,344.63,345.22,"13,90,909","48,01,64,061.12","23,580","13,06,773",93.95
EMBASSY,RR,07-May-2024,344.63,348.00,353.80,344.60,344.70,344.87,345.82,"13,92,532","48,15,64,228.56","16,531","12,80,800",91.98
EMBASSY,RR,08-May-2024,344.87,347.00,351.42,345.11,349.00,349.83,349.23,"10,99,078","38,38,28,610.30","13,727","10,13,248",92.19
EMBASSY,RR,09-May-2024,349.83,349.83,354.75,349.83,353.45,352.84,352.78,"6,00,580","21,18,74,311.78","11,244","5,28,694",88.03
EMBASSY,RR,10-May-2024,352.84,353.99,354.70,350.00,351.15,352.93,353.36,"4,59,258","16,22,81,510.19","10,026","4,35,676",94.87
EMBASSY,RR,13-May-2024,352.93,354.95,355.30,345.05,346.51,346.95,347.00,"6,12,701","21,26,08,038.00","16,995","5,19,116",84.73
EMBASSY,RR,14-May-2024,346.95,346.90,347.99,346.40,347.00,346.77,346.86,"5,76,722","20,00,41,190.82","7,333","5,43,374",94.22
EMBASSY,RR,15-May-2024,346.77,349.80,349.99,341.20,342.47,343.01,343.74,"8,91,274","30,63,65,881.68","19,581","8,10,375",90.92
EMBASSY,RR,16-May-2024,343.01,343.77,345.99,341.21,344.57,344.89,344.15,"14,79,618","50,92,10,719.60","13,796","13,85,039",93.61
EMBASSY,RR,17-May-2024,344.89,345.25,346.99,336.80,338.70,339.38,341.44,"15,29,635","52,22,75,369.36","17,491","13,82,961",90.41
EMBASSY,RR,18-May-2024,339.38,338.10,356.34,338.10,356.00,356.06,351.82,"2,05,614","7,23,39,689.59","4,044","1,65,230",80.36
EMBASSY,RR,21-May-2024,356.06,356.06,365.00,346.25,347.40,348.33,352.46,"13,95,546","49,18,70,699.23","21,747","11,34,376",81.29
EMBASSY,RR,22-May-2024,348.33,350.00,356.00,338.05,339.35,339.77,342.75,"17,44,993","59,81,01,088.89","19,057","13,11,259",75.14
EMBASSY,RR,23-May-2024,339.77,344.00,349.96,335.00,339.00,338.28,340.53,"14,16,386","48,23,23,616.18","15,487","11,96,323",84.46
EMBASSY,RR,24-May-2024,338.28,340.45,345.00,340.10,340.50,341.17,341.69,"31,53,538","1,07,75,26,977.55","20,107","27,80,372",88.17
EMBASSY,RR,27-May-2024,341.17,344.92,345.00,339.00,339.60,339.95,341.31,"12,32,534","42,06,78,909.91","20,525","10,60,231",86.02
EMBASSY,RR,28-May-2024,339.95,339.00,343.89,339.00,340.00,340.00,340.39,"12,69,500","43,21,25,633.34","18,214","11,48,425",90.46
EMBASSY,RR,29-May-2024,340.00,340.75,347.10,339.55,347.10,345.56,342.37,"7,82,842","26,80,24,943.73","14,328","7,03,765",89.90
EMBASSY,RR,30-May-2024,345.56,347.90,350.96,342.00,346.30,347.07,349.02,"6,84,908","23,90,48,234.99","17,188","6,04,355",88.24
EMBASSY,RR,31-May-2024,347.07,349.99,350.85,345.00,349.00,349.86,348.04,"21,38,966","74,44,36,089.29","22,688","16,56,138",77.43
EMBASSY,RR,03-Jun-2024,349.86,352.00,360.00,351.11,356.90,357.37,356.98,"20,51,578","73,23,69,468.17","24,561","19,30,113",94.08
EMBASSY,RR,04-Jun-2024,357.37,356.48,356.48,342.12,348.48,350.92,349.04,"16,13,923","56,33,25,801.32","27,957","13,22,410",81.94
EMBASSY,RR,05-Jun-2024,350.92,350.92,351.00,342.00,350.05,349.99,349.31,"20,61,939","72,02,53,450.91","26,157","18,25,267",88.52
EMBASSY,RR,06-Jun-2024,349.99,351.45,357.00,348.95,352.50,353.64,351.66,"2,83,093","9,95,52,147.76","10,816","2,10,975",74.52
EMBASSY,RR,07-Jun-2024,353.64,350.60,356.49,349.99,353.50,352.31,351.68,"6,34,938","22,32,93,670.81","9,358","5,42,701",85.47
EMBASSY,RR,10-Jun-2024,352.31,355.00,361.00,352.00,354.21,354.52,354.89,"4,38,213","15,55,17,168.43","12,769","3,70,969",84.65
EMBASSY,RR,11-Jun-2024,354.52,356.35,360.20,354.10,356.00,357.45,356.98,"12,46,416","44,49,43,266.62","7,125","11,76,340",94.38
EMBASSY,RR,12-Jun-2024,357.45,358.50,361.45,357.01,360.00,360.59,359.83,"15,94,760","57,38,36,913.01","11,562","15,31,680",96.04
EMBASSY,RR,13-Jun-2024,360.59,361.95,363.60,356.30,362.02,362.16,360.64,"5,21,480","18,80,65,455.73","6,065","4,91,788",94.31
EMBASSY,RR,14-Jun-2024,362.16,363.00,365.00,360.01,363.22,364.11,364.49,"5,72,923","20,88,27,173.03","11,131","4,95,414",86.47
EMBASSY,RR,18-Jun-2024,364.11,363.00,364.11,357.00,361.00,360.79,358.91,"4,82,318","17,31,10,020.13","11,694","4,16,841",86.42
EMBASSY,RR,19-Jun-2024,360.79,360.79,363.50,355.01,358.00,357.96,357.32,"7,49,184","26,76,94,831.35","13,116","6,71,836",89.68
EMBASSY,RR,20-Jun-2024,357.96,359.00,360.80,356.52,359.50,359.33,358.82,"5,16,313","18,52,60,983.79","21,242","4,50,922",87.34
EMBASSY,RR,21-Jun-2024,359.33,358.00,361.00,356.11,358.00,358.76,358.41,"26,51,330","95,02,74,432.96","19,531","23,94,155",90.30
EMBASSY,RR,24-Jun-2024,358.76,357.66,358.00,347.75,350.25,349.39,353.08,"15,39,854","54,36,88,793.26","27,707","14,05,379",91.27
EMBASSY,RR,25-Jun-2024,349.39,349.95,356.00,348.39,352.20,353.77,352.02,"7,48,545","26,35,05,726.84","19,203","6,66,904",89.09
EMBASSY,RR,26-Jun-2024,353.77,354.70,355.00,349.16,352.60,352.77,352.61,"15,16,175","53,46,16,415.59","22,485","9,98,751",65.87
EMBASSY,RR,27-Jun-2024,352.77,351.20,354.50,350.07,353.99,353.31,352.98,"7,38,538","26,06,91,737.24","20,112","5,34,846",72.42
EMBASSY,RR,28-Jun-2024,353.31,351.41,360.20,351.06,355.40,355.32,355.41,"13,04,590","46,36,59,301.31","22,999","10,85,305",83.19
EMBASSY,RR,01-Jul-2024,355.32,357.40,358.49,353.51,357.00,357.10,355.75,"4,26,217","15,16,25,028.14","23,072","3,51,011",82.35
EMBASSY,RR,02-Jul-2024,357.10,356.00,357.50,354.50,355.70,355.26,355.96,"9,61,354","34,22,08,257.88","31,949","8,99,109",93.53
EMBASSY,RR,03-Jul-2024,355.26,355.70,357.20,343.00,357.00,355.45,353.90,"7,41,070","26,22,66,592.55","31,489","5,40,891",72.99
EMBASSY,RR,04-Jul-2024,355.45,356.50,358.49,355.00,357.00,357.93,356.60,"9,58,320","34,17,35,704.06","29,089","8,17,343",85.29
EMBASSY,RR,05-Jul-2024,357.93,357.06,358.49,355.10,355.66,357.03,357.35,"10,24,436","36,60,78,973.90","28,911","8,95,331",87.40
EMBASSY,RR,08-Jul-2024,357.03,355.10,357.00,350.51,355.05,354.96,354.21,"3,42,067","12,11,64,056.79","15,297","2,83,453",82.86
EMBASSY,RR,09-Jul-2024,354.96,355.00,360.00,354.03,359.99,358.81,357.89,"25,92,782","92,79,23,460.10","12,012","24,54,333",94.66
EMBASSY,RR,10-Jul-2024,358.81,359.64,361.00,357.05,360.05,360.00,359.73,"8,45,572","30,41,79,613.07","19,255","7,56,656",89.48
EMBASSY,RR,11-Jul-2024,360.00,360.00,361.90,356.14,361.90,360.65,359.52,"2,67,625","9,62,16,934.54","8,146","1,95,477",73.04
EMBASSY,RR,12-Jul-2024,360.65,361.70,365.00,359.01,360.00,362.35,360.88,"4,19,519","15,13,96,193.05","19,046","3,71,831",88.63
EMBASSY,RR,15-Jul-2024,362.35,362.01,363.69,358.20,360.95,360.71,360.79,"2,58,751","9,33,54,595.23","7,904","2,19,435",84.81
EMBASSY,RR,16-Jul-2024,360.71,361.70,362.74,360.00,361.90,361.98,361.23,"7,72,155","27,89,28,494.41","8,428","7,26,801",94.13
EMBASSY,RR,18-Jul-2024,361.98,361.75,365.50,359.70,364.50,364.37,362.40,"20,05,131","72,66,63,365.60","9,631","19,09,914",95.25
EMBASSY,RR,19-Jul-2024,364.37,362.00,367.00,359.27,366.99,365.16,360.93,"13,70,842","49,47,83,098.66","15,975","12,44,624",90.79
EMBASSY,RR,22-Jul-2024,365.16,363.00,365.00,362.00,365.00,364.42,363.19,"2,52,772","9,18,04,762.46","14,865","2,29,444",90.77
EMBASSY,RR,23-Jul-2024,364.42,364.42,374.69,361.00,372.00,369.92,366.70,"3,87,837","14,22,19,109.28","13,365","2,74,926",70.89
EMBASSY,RR,24-Jul-2024,369.92,373.56,374.00,363.55,364.79,365.19,370.58,"6,77,551","25,10,89,022.35","12,780","5,12,308",75.61
EMBASSY,RR,25-Jul-2024,365.19,365.00,371.90,363.00,370.01,370.18,369.59,"4,25,421","15,72,29,900.64","11,990","3,45,806",81.29
EMBASSY,RR,26-Jul-2024,370.18,370.00,373.00,368.01,373.00,371.94,371.10,"6,47,556","24,03,05,842.98","17,726","5,83,673",90.13
EMBASSY,RR,29-Jul-2024,371.94,373.00,379.00,370.11,371.00,371.81,374.44,"5,34,198","20,00,22,869.25","18,389","4,24,405",79.45
EMBASSY,RR,30-Jul-2024,371.81,371.80,377.90,371.50,372.50,374.14,376.57,"13,13,520","49,46,30,007.23","13,287","12,34,973",94.02
EMBASSY,RR,31-Jul-2024,374.14,375.00,376.00,362.00,369.70,362.68,364.20,"18,63,695","67,87,49,633.02","15,551","17,34,273",93.06
EMBASSY,RR,01-Aug-2024,362.68,367.10,376.81,367.10,374.60,374.79,374.76,"5,52,738","20,71,44,665.05","10,158","4,75,418",86.01
EMBASSY,RR,02-Aug-2024,374.79,368.90,373.45,366.51,367.62,369.42,369.14,"5,51,580","20,36,11,062.01","14,415","5,02,616",91.12
EMBASSY,RR,05-Aug-2024,369.42,366.11,368.00,363.10,365.00,365.99,365.76,"5,96,155","21,80,47,776.40","20,008","4,80,534",80.61
EMBASSY,RR,06-Aug-2024,365.99,365.80,376.99,365.00,372.96,373.30,372.51,"7,94,228","29,58,60,898.40","23,602","7,14,775",90.00
EMBASSY,RR,07-Aug-2024,373.30,371.40,373.30,368.00,369.40,369.70,370.82,"5,92,886","21,98,55,285.88","10,678","5,40,708",91.20
EMBASSY,RR,08-Aug-2024,369.70,368.00,371.55,368.00,370.20,370.67,370.40,"4,89,308","18,12,39,735.14","13,501","4,09,919",83.78
EMBASSY,RR,09-Aug-2024,370.67,371.10,377.01,369.00,376.19,376.08,374.96,"18,32,157","68,69,82,882.75","12,872","17,64,244",96.29
EMBASSY,RR,12-Aug-2024,376.08,377.90,382.00,371.10,380.14,381.01,379.69,"4,36,265","16,56,47,461.03","17,115","3,89,853",89.36
EMBASSY,RR,13-Aug-2024,381.01,380.60,381.95,375.35,375.55,377.89,380.23,"7,67,961","29,20,02,265.06","9,563","6,94,286",90.41
EMBASSY,RR,14-Aug-2024,377.89,376.00,383.85,375.90,382.07,383.15,381.78,"3,56,746","13,62,00,222.33","12,757","3,04,334",85.31
EMBASSY,RR,16-Aug-2024,383.15,384.75,386.80,381.00,386.44,385.99,385.39,"20,96,683","80,80,35,733.86","24,650","19,89,419",94.88
EMBASSY,RR,19-Aug-2024,385.99,386.00,388.60,383.00,386.99,387.97,387.73,"30,35,429","1,17,69,17,845.49","13,661","29,90,430",98.52
EMBASSY,RR,20-Aug-2024,387.97,387.97,388.95,371.33,372.31,372.63,376.28,"3,65,364","13,74,78,709.67","18,625","2,78,463",76.22
EMBASSY,RR,21-Aug-2024,372.63,372.50,381.00,371.00,380.50,377.88,375.16,"3,83,827","14,39,94,636.48","9,296","2,58,757",67.42
EMBASSY,RR,22-Aug-2024,377.88,377.20,381.77,370.98,374.78,375.24,374.49,"2,89,991","10,85,99,568.01","11,377","2,25,422",77.73
EMBASSY,RR,23-Aug-2024,375.24,375.00,377.91,372.00,372.20,373.34,375.22,"6,35,011","23,82,68,526.20","5,785","5,71,532",90.00
EMBASSY,RR,26-Aug-2024,373.34,374.70,375.00,366.01,368.50,368.40,371.74,"5,02,690","18,68,70,737.93","15,368","4,73,779",94.25
EMBASSY,RR,27-Aug-2024,368.40,368.01,376.80,365.00,371.50,369.61,371.59,"4,79,665","17,82,37,876.81","14,590","4,39,188",91.56
EMBASSY,RR,28-Aug-2024,369.61,370.00,377.85,369.81,374.11,376.26,374.66,"16,31,043","61,10,81,975.33","15,324","15,55,251",95.35
EMBASSY,RR,29-Aug-2024,376.26,373.00,380.85,372.86,379.05,379.74,377.50,"13,97,869","52,76,94,447.06","7,214","13,48,127",96.44
EMBASSY,RR,30-Aug-2024,379.74,379.50,390.00,378.20,384.50,388.14,385.58,"18,40,436","70,96,35,996.79","19,436","14,89,069",80.91
EMBASSY,RR,02-Sep-2024,388.14,387.80,387.80,381.50,385.50,386.37,386.45,"44,15,630","1,70,64,32,477.97","6,262","43,81,261",99.22
EMBASSY,RR,03-Sep-2024,386.37,386.39,386.40,382.25,384.00,384.19,385.01,"1,97,732","7,61,28,128.85","11,101","1,62,124",81.99
EMBASSY,RR,04-Sep-2024,384.19,384.20,390.00,381.79,390.00,389.89,387.73,"14,39,569","55,81,70,510.32","21,053","12,79,261",88.86
EMBASSY,RR,05-Sep-2024,389.89,389.84,393.00,387.03,391.00,390.69,390.04,"19,30,502","75,29,73,896.04","15,286","17,08,698",88.51
EMBASSY,RR,06-Sep-2024,390.69,391.77,394.01,388.01,391.01,392.69,393.37,"17,18,995","67,62,06,370.27","11,021","16,25,019",94.53
EMBASSY,RR,09-Sep-2024,392.69,392.70,392.99,390.05,391.49,391.02,392.16,"30,43,302","1,19,34,63,659.61","6,867","30,17,200",99.14
EMBASSY,RR,10-Sep-2024,391.02,391.00,394.50,390.00,391.75,391.48,392.27,"6,11,009","23,96,79,785.28","7,335","5,85,699",95.86
EMBASSY,RR,11-Sep-2024,391.48,392.00,394.50,390.50,391.50,391.70,392.57,"3,07,214","12,06,03,015.31","6,478","2,64,721",86.17
EMBASSY,RR,12-Sep-2024,391.70,391.70,394.50,390.55,391.99,391.61,392.70,"30,06,209","1,18,05,24,411.54","7,843","29,29,060",97.43
EMBASSY,RR,13-Sep-2024,391.61,393.64,394.00,385.50,386.12,386.71,391.69,"30,98,504","1,21,36,63,990.11","11,680","30,61,036",98.79
EMBASSY,RR,16-Sep-2024,386.71,388.68,391.98,388.00,389.95,390.73,390.18,"1,26,814","4,94,80,405.58","3,835","1,06,844",84.25
EMBASSY,RR,17-Sep-2024,390.73,391.00,391.95,377.25,386.99,385.06,382.09,"4,76,280","18,19,80,666.49","17,909","3,88,305",81.53
EMBASSY,RR,18-Sep-2024,385.06,385.50,385.58,376.00,379.40,379.76,377.39,"6,94,656","26,21,59,562.25","12,386","5,96,228",85.83
EMBASSY,RR,19-Sep-2024,379.76,380.80,390.00,379.00,388.26,389.32,386.00,"3,79,618","14,65,31,114.45","15,598","3,18,478",83.89
EMBASSY,RR,20-Sep-2024,389.32,386.40,391.00,382.00,386.00,385.18,387.55,"20,63,019","79,95,15,025.35","23,904","17,73,626",85.97
EMBASSY,RR,23-Sep-2024,385.18,386.38,394.85,383.00,390.25,390.09,387.35,"4,99,863","19,36,23,978.00","14,247","3,98,223",79.67
EMBASSY,RR,24-Sep-2024,390.09,391.80,395.00,387.06,394.00,394.22,393.16,"9,97,798","39,22,92,265.42","18,708","9,34,570",93.66
EMBASSY,RR,25-Sep-2024,394.22,394.22,395.00,389.65,394.70,393.03,393.00,"17,32,613","68,09,22,049.33","8,064","16,66,773",96.20
EMBASSY,RR,26-Sep-2024,393.03,394.40,398.00,393.03,394.80,396.13,394.99,"9,08,946","35,90,25,138.32","11,357","7,97,815",87.77
EMBASSY,RR,27-Sep-2024,396.13,398.25,398.25,386.07,390.50,389.60,390.80,"4,08,780","15,97,51,322.48","17,317","3,30,627",80.88
EMBASSY,RR,30-Sep-2024,389.60,388.00,392.90,384.80,392.00,389.91,388.39,"8,06,794","31,33,52,917.43","13,619","6,78,015",84.04
EMBASSY,RR,01-Oct-2024,389.91,391.40,391.85,386.00,389.90,389.97,389.35,"5,56,245","21,65,74,734.62","16,382","4,84,155",87.04
EMBASSY,RR,03-Oct-2024,389.97,391.00,395.01,388.12,394.95,393.50,394.33,"25,96,553","1,02,38,93,518.05","23,514","24,98,432",96.22
EMBASSY,RR,04-Oct-2024,393.50,393.00,397.80,390.00,394.30,394.82,394.37,"26,62,988","1,05,02,03,710.75","23,570","24,81,608",93.19
EMBASSY,RR,07-Oct-2024,394.82,395.00,396.99,391.12,394.95,394.84,394.88,"9,94,496","39,27,05,954.72","13,732","9,39,336",94.45
EMBASSY,RR,08-Oct-2024,394.84,394.98,398.45,390.00,394.34,394.82,395.51,"16,00,924","63,31,83,786.04","14,960","14,96,911",93.50
EMBASSY,RR,09-Oct-2024,394.82,394.00,395.00,390.50,391.00,391.26,394.71,"16,84,248","66,47,93,814.19","13,847","15,98,311",94.90
EMBASSY,RR,10-Oct-2024,391.26,391.00,395.70,390.05,394.50,394.99,394.87,"13,01,476","51,39,09,489.15","5,903","12,12,578",93.17
EMBASSY,RR,11-Oct-2024,394.99,394.00,396.99,386.00,387.99,387.70,390.66,"2,64,009","10,31,37,659.19","6,201","2,05,085",77.68
EMBASSY,RR,14-Oct-2024,387.70,387.00,391.20,387.00,389.90,390.01,389.85,"99,228","3,86,84,093.53","4,838","82,087",82.73
EMBASSY,RR,15-Oct-2024,390.01,392.40,392.40,387.72,389.50,390.02,389.76,"4,62,646","18,03,20,563.01","20,106","4,27,888",92.49
EMBASSY,RR,16-Oct-2024,390.02,391.55,391.55,389.72,390.00,389.99,390.01,"8,45,330","32,96,84,660.28","8,442","8,37,541",99.08
EMBASSY,RR,17-Oct-2024,389.99,390.00,392.47,385.25,385.50,388.20,389.89,"6,29,247","24,53,34,021.64","13,066","5,95,748",94.68
EMBASSY,RR,18-Oct-2024,388.20,387.45,394.50,385.10,391.00,391.49,391.55,"1,44,304","5,65,02,909.21","10,194","1,15,098",79.76
EMBASSY,RR,21-Oct-2024,391.49,391.70,394.00,389.50,392.50,392.08,392.01,"6,38,226","25,01,89,548.35","10,848","5,77,341",90.46
EMBASSY,RR,22-Oct-2024,392.08,394.45,395.00,389.01,390.10,391.30,392.20,"2,63,790","10,34,57,867.00","12,721","2,09,152",79.29
EMBASSY,RR,23-Oct-2024,391.30,393.00,393.00,385.10,389.99,388.68,388.19,"5,06,220","19,65,09,348.55","17,797","4,59,778",90.83
EMBASSY,RR,24-Oct-2024,388.68,391.00,391.00,384.01,385.00,384.96,388.87,"4,80,960","18,70,31,134.98","14,100","4,62,949",96.26
EMBASSY,RR,25-Oct-2024,384.96,385.20,391.80,385.20,390.00,389.54,389.87,"18,75,519","73,12,03,186.27","16,314","18,04,867",96.23
EMBASSY,RR,28-Oct-2024,389.54,388.25,395.00,388.25,393.00,393.08,389.99,"5,90,034","23,01,07,650.92","9,536","5,48,438",92.95
EMBASSY,RR,29-Oct-2024,393.08,390.10,398.00,390.10,398.00,397.09,396.06,"10,07,261","39,89,39,513.10","15,024","9,19,998",91.34
EMBASSY,RR,30-Oct-2024,397.09,391.35,398.00,390.00,394.25,394.06,393.03,"1,68,592","6,62,61,758.48","6,393","1,08,877",64.58
EMBASSY,RR,31-Oct-2024,394.06,397.90,398.00,390.50,398.00,395.32,394.70,"3,01,452","11,89,83,781.83","11,357","2,33,373",77.42
EMBASSY,RR,01-Nov-2024,395.32,398.35,398.35,394.10,395.72,395.96,396.71,"32,489","1,28,88,782.44","1,343","21,877",67.34
EMBASSY,RR,04-Nov-2024,395.96,398.46,405.00,395.96,403.00,403.08,401.59,"17,28,965","69,43,41,738.21","29,349","15,59,956",90.22
EMBASSY,RR,05-Nov-2024,403.08,399.80,399.80,392.00,394.90,394.93,396.04,"10,37,814","41,10,15,000.23","39,294","9,56,631",92.18
EMBASSY,RR,06-Nov-2024,394.93,394.93,396.00,388.55,389.00,389.11,390.39,"2,43,846","9,51,95,005.30","11,325","2,28,226",93.59
EMBASSY,RR,07-Nov-2024,389.11,389.11,393.00,389.00,390.99,390.83,391.32,"3,96,034","15,49,75,805.36","18,648","3,61,239",91.21
EMBASSY,RR,08-Nov-2024,390.83,390.83,393.50,386.00,388.80,389.20,389.32,"3,53,811","13,77,47,429.08","15,139","2,94,990",83.38
EMBASSY,RR,11-Nov-2024,389.20,389.20,391.90,384.00,388.98,388.93,388.94,"2,95,452","11,49,13,306.36","15,454","2,64,444",89.50
EMBASSY,RR,12-Nov-2024,388.93,390.20,391.00,385.48,389.00,388.06,388.35,"4,28,411","16,63,71,639.85","23,478","3,80,254",88.76
EMBASSY,RR,13-Nov-2024,388.06,387.00,388.00,378.21,379.43,379.24,380.50,"4,30,129","16,36,63,069.42","9,042","3,69,636",85.94
EMBASSY,RR,14-Nov-2024,379.24,379.24,381.85,361.30,381.19,380.07,373.36,"9,43,314","35,21,93,100.37","18,176","7,53,510",79.88
EMBASSY,RR,18-Nov-2024,380.07,379.96,379.96,372.02,376.95,376.12,376.30,"3,54,992","13,35,83,237.72","13,031","3,21,517",90.57
EMBASSY,RR,19-Nov-2024,376.12,378.00,378.20,375.00,376.20,375.93,376.64,"3,78,328","14,24,93,396.35","7,228","3,64,477",96.34
EMBASSY,RR,21-Nov-2024,375.93,377.86,378.00,367.00,368.00,367.99,369.34,"14,72,245","54,37,63,852.79","35,772","13,22,397",89.82
EMBASSY,RR,22-Nov-2024,367.99,368.36,370.97,366.51,370.00,368.09,368.01,"13,53,276","49,80,18,945.63","17,354","12,58,182",92.97
EMBASSY,RR,25-Nov-2024,368.09,371.88,375.85,365.09,370.40,368.20,368.33,"16,35,953","60,25,78,461.95","21,543","15,43,018",94.32
EMBASSY,RR,26-Nov-2024,368.20,371.80,371.80,366.30,368.69,369.65,368.61,"4,66,477","17,19,48,890.30","17,034","4,18,708",89.76
EMBASSY,RR,27-Nov-2024,369.65,367.35,375.00,367.35,374.65,374.01,370.32,"7,34,168","27,18,74,017.39","14,966","6,53,939",89.07
EMBASSY,RR,28-Nov-2024,374.01,375.80,375.80,369.55,372.47,372.38,372.02,"5,21,690","19,40,77,613.19","8,039","4,26,926",81.84
EMBASSY,RR,29-Nov-2024,372.38,372.38,376.00,369.10,376.00,371.43,371.39,"9,18,926","34,12,84,189.89","11,731","8,17,293",88.94
EMBASSY,RR,02-Dec-2024,371.43,373.50,373.55,366.06,369.90,369.68,369.62,"5,95,095","21,99,61,227.92","15,769","5,15,265",86.59
EMBASSY,RR,03-Dec-2024,369.68,369.68,373.60,366.01,368.00,368.21,368.32,"12,03,069","44,31,12,480.81","16,036","10,95,501",91.06
EMBASSY,RR,04-Dec-2024,368.21,366.83,368.90,363.01,365.80,364.99,365.32,"15,68,030","57,28,29,364.12","16,958","14,34,445",91.48
EMBASSY,RR,05-Dec-2024,364.99,366.50,377.95,365.80,376.90,373.87,371.66,"6,12,403","22,76,07,409.49","15,579","5,44,834",88.97
EMBASSY,RR,06-Dec-2024,373.87,375.20,379.65,370.03,371.70,371.07,373.77,"5,79,339","21,65,40,056.23","7,617","5,37,133",92.71
EMBASSY,RR,09-Dec-2024,371.07,370.82,370.82,367.00,369.45,367.97,367.96,"7,70,830","28,36,37,299.44","25,269","7,23,772",93.90
EMBASSY,RR,10-Dec-2024,367.97,369.58,379.85,368.40,378.00,374.28,370.35,"8,82,569","32,68,62,337.89","21,333","8,50,845",96.41
EMBASSY,RR,11-Dec-2024,374.28,372.64,375.99,371.10,371.70,371.87,373.44,"1,53,136","5,71,87,787.09","12,371","1,40,468",91.73
EMBASSY,RR,12-Dec-2024,371.87,371.87,373.99,370.20,371.63,372.06,372.04,"7,60,333","28,28,76,232.53","8,706","7,34,499",96.60
EMBASSY,RR,13-Dec-2024,372.06,373.60,376.00,372.00,373.00,374.26,374.87,"11,55,068","43,29,98,850.54","20,856","11,11,160",96.20
EMBASSY,RR,16-Dec-2024,374.26,375.80,377.49,374.31,375.50,375.49,375.84,"5,86,426","22,04,01,837.19","5,463","5,73,821",97.85
EMBASSY,RR,17-Dec-2024,375.49,376.95,377.00,371.00,371.01,372.29,372.58,"3,08,483","11,49,33,641.69","10,072","2,67,358",86.67
EMBASSY,RR,18-Dec-2024,372.29,371.79,378.00,370.00,374.35,376.31,374.56,"1,33,498","5,00,03,630.33","6,770","1,04,538",78.31
EMBASSY,RR,19-Dec-2024,376.31,372.60,378.01,372.32,375.56,376.46,375.88,"3,65,756","13,74,81,136.13","22,431","3,43,714",93.97
EMBASSY,RR,20-Dec-2024,376.46,375.73,375.85,350.20,357.90,356.11,361.12,"12,44,269","44,93,24,928.05","21,607","9,86,799",79.31
EMBASSY,RR,23-Dec-2024,356.11,360.00,367.65,360.00,365.50,365.34,365.49,"2,96,765","10,84,64,504.17","11,235","2,64,386",89.09
EMBASSY,RR,24-Dec-2024,365.34,365.95,374.60,364.00,373.99,372.84,368.08,"2,37,240","8,73,23,180.12","7,202","2,16,656",91.32
EMBASSY,RR,26-Dec-2024,372.84,375.20,375.35,368.00,372.95,373.96,372.79,"76,496","2,85,17,225.44","3,328","63,382",82.86
EMBASSY,RR,27-Dec-2024,373.96,373.99,376.35,371.15,373.02,374.07,373.81,"36,497","1,36,42,890.39","1,878","29,130",79.81
EMBASSY,RR,30-Dec-2024,374.07,374.07,375.00,366.10,368.98,368.60,368.30,"3,96,760","14,61,26,351.59","10,382","2,99,668",75.53
EMBASSY,RR,31-Dec-2024,368.60,369.95,370.71,363.00,370.01,369.51,367.60,"4,52,860","16,64,73,265.28","8,023","4,07,742",90.04
EMBASSY,RR,01-Jan-2025,369.51,369.80,374.50,368.11,371.00,371.12,373.34,"2,33,832","8,72,99,990.89","3,890","2,22,053",94.96
EMBASSY,RR,02-Jan-2025,371.12,372.88,372.88,369.12,372.00,370.40,371.44,"2,73,562","10,16,12,226.49","5,406","2,55,732",93.48
EMBASSY,RR,03-Jan-2025,370.40,371.80,376.90,369.90,371.15,370.28,373.32,"3,41,939","12,76,52,605.17","8,637","3,02,658",88.51
EMBASSY,RR,06-Jan-2025,370.28,372.75,374.10,369.00,369.20,369.56,372.07,"3,44,613","12,82,19,321.49","4,722","3,12,994",90.82
EMBASSY,RR,07-Jan-2025,369.56,369.20,374.15,366.33,370.00,370.34,370.66,"5,56,469","20,62,62,136.99","15,247","4,66,800",83.89
EMBASSY,RR,08-Jan-2025,370.34,370.90,374.00,370.01,371.00,370.98,371.15,"3,41,443","12,67,27,754.79","8,056","2,95,085",86.42
EMBASSY,RR,09-Jan-2025,370.98,372.50,374.00,370.15,371.50,371.38,371.96,"6,56,678","24,42,57,648.82","4,745","6,24,556",95.11
EMBASSY,RR,10-Jan-2025,371.38,369.60,380.00,369.60,379.80,375.15,373.71,"6,10,881","22,82,90,858.70","8,395","5,74,218",94.00
EMBASSY,RR,13-Jan-2025,375.15,378.90,378.90,367.50,370.35,371.53,372.57,"4,34,434","16,18,56,111.66","12,338","3,78,498",87.12
EMBASSY,RR,14-Jan-2025,371.53,373.40,377.80,368.26,374.05,376.46,373.15,"2,47,298","9,22,79,492.92","4,696","2,22,728",90.06
EMBASSY,RR,15-Jan-2025,376.46,375.99,376.41,371.11,372.05,373.87,374.89,"4,31,479","16,17,59,311.46","6,917","4,13,755",95.89
EMBASSY,RR,16-Jan-2025,373.87,373.00,377.00,372.10,374.90,375.98,374.68,"2,93,942","11,01,34,700.39","3,914","2,76,237",93.98
EMBASSY,RR,17-Jan-2025,375.98,373.00,379.31,373.00,376.81,375.65,376.97,"4,18,615","15,78,05,636.45","7,744","3,95,181",94.40
EMBASSY,RR,20-Jan-2025,375.65,376.79,377.90,362.02,372.55,372.75,373.86,"6,23,173","23,29,78,802.31","9,633","5,39,861",86.63
EMBASSY,RR,21-Jan-2025,372.75,372.80,375.04,371.44,374.15,374.06,373.99,"3,57,832","13,38,25,173.35","8,900","3,24,714",90.74
EMBASSY,RR,22-Jan-2025,374.06,375.50,375.50,362.10,365.76,365.97,368.59,"2,91,007","10,72,62,209.13","11,350","2,60,273",89.44
EMBASSY,RR,23-Jan-2025,365.97,366.00,366.80,360.60,363.01,362.24,362.59,"13,56,677","49,19,10,855.37","10,007","10,50,610",77.44
EMBASSY,RR,24-Jan-2025,362.24,364.00,368.90,363.00,364.05,364.73,364.16,"14,44,292","52,59,52,090.11","16,839","14,25,027",98.67
EMBASSY,RR,27-Jan-2025,364.73,364.70,366.90,361.10,365.00,365.26,362.44,"4,81,389","17,44,75,182.48","16,577","4,12,600",85.71
EMBASSY,RR,28-Jan-2025,365.26,365.90,365.90,360.28,364.00,363.11,362.32,"3,68,744","13,36,02,401.26","8,783","3,35,662",91.03
EMBASSY,RR,29-Jan-2025,363.11,363.20,368.99,361.21,365.40,365.47,365.22,"3,08,497","11,26,68,407.04","24,505","2,76,207",89.53
EMBASSY,RR,30-Jan-2025,365.47,363.50,376.00,363.50,375.70,371.73,365.39,"9,59,567","35,06,11,763.03","12,438","8,97,015",93.48
EMBASSY,RR,31-Jan-2025,371.73,371.80,374.00,368.10,371.00,370.14,370.58,"1,62,287","6,01,40,240.80","6,257","1,26,244",77.79
EMBASSY,RR,01-Feb-2025,370.14,373.00,373.00,368.20,369.90,369.08,369.53,"36,795","1,35,96,963.96","1,674","28,777",78.21
EMBASSY,RR,03-Feb-2025,369.08,371.45,372.99,368.00,371.00,370.80,370.51,"3,04,265","11,27,34,739.94","9,211","2,81,543",92.53
EMBASSY,RR,04-Feb-2025,370.80,370.80,371.50,363.00,365.50,365.30,365.44,"2,35,619","8,61,03,948.11","11,885","2,15,994",91.67
EMBASSY,RR,05-Feb-2025,365.30,366.80,366.80,362.00,362.99,363.38,363.80,"8,14,998","29,64,92,642.54","15,677","7,88,598",96.76
EMBASSY,RR,06-Feb-2025,363.38,363.70,377.00,361.20,369.55,369.73,364.80,"9,16,346","33,42,85,676.58","13,446","8,18,300",89.30
EMBASSY,RR,07-Feb-2025,369.73,371.80,372.65,364.06,365.50,366.29,369.49,"5,68,946","21,02,18,858.45","14,168","5,07,887",89.27
EMBASSY,RR,10-Feb-2025,366.29,366.00,367.95,362.25,365.16,366.21,364.94,"1,38,353","5,04,90,646.71","8,451","1,27,541",92.19
EMBASSY,RR,11-Feb-2025,366.21,365.80,367.30,362.50,363.38,363.60,364.99,"1,33,925","4,88,81,019.41","5,851","1,20,206",89.76
EMBASSY,RR,12-Feb-2025,363.60,363.50,363.50,360.00,362.50,361.85,360.84,"3,21,022","11,58,37,523.88","9,483","2,63,370",82.04
EMBASSY,RR,13-Feb-2025,361.85,363.97,364.70,359.00,361.10,360.02,360.21,"13,39,970","48,26,74,679.04","15,359","12,91,204",96.36
EMBASSY,RR,14-Feb-2025,360.02,361.70,363.00,358.05,359.40,359.41,359.75,"5,26,348","18,93,54,042.66","4,887","5,05,760",96.09
EMBASSY,RR,17-Feb-2025,359.41,360.00,361.95,358.00,359.90,359.27,359.39,"5,23,183","18,80,25,006.77","8,597","4,72,568",90.33
EMBASSY,RR,18-Feb-2025,359.27,358.28,359.48,355.75,356.99,357.04,356.92,"3,59,956","12,84,76,918.02","9,651","3,19,781",88.84
EMBASSY,RR,19-Feb-2025,357.04,357.04,358.00,342.10,352.30,352.46,351.75,"55,01,277","1,93,50,72,515.72","24,957","53,24,502",96.79
EMBASSY,RR,20-Feb-2025,352.46,350.15,357.85,350.15,356.50,357.01,353.72,"10,19,607","36,06,50,970.59","12,919","9,84,330",96.54
EMBASSY,RR,21-Feb-2025,357.01,357.00,364.80,355.99,363.00,363.24,360.77,"5,17,555","18,67,18,830.55","16,005","4,59,599",88.80
EMBASSY,RR,24-Feb-2025,363.24,366.00,366.00,355.00,355.00,355.61,357.42,"7,51,916","26,87,52,045.97","18,305","6,48,594",86.26
EMBASSY,RR,25-Feb-2025,355.61,355.61,358.82,355.00,355.00,355.11,356.75,"30,83,967","1,10,02,07,544.49","20,605","29,65,668",96.16
EMBASSY,RR,27-Feb-2025,355.11,356.40,369.50,355.90,365.51,367.52,360.76,"32,30,796","1,16,55,46,616.86","16,743","30,45,667",94.27
EMBASSY,RR,28-Feb-2025,367.52,366.85,367.00,360.35,364.20,364.24,364.52,"15,93,185","58,07,44,070.71","18,600","14,27,976",89.63
EMBASSY,RR,03-Mar-2025,364.24,365.28,365.80,360.00,362.48,363.67,362.79,"8,53,348","30,95,82,430.84","15,164","7,43,988",87.18
EMBASSY,RR,04-Mar-2025,363.67,362.69,368.90,360.00,367.15,366.95,364.65,"2,42,940","8,85,87,401.98","15,813","1,86,176",76.63
EMBASSY,RR,05-Mar-2025,366.95,365.80,373.89,360.34,361.20,362.14,368.64,"14,36,516","52,95,59,701.37","1,68,619","12,08,904",84.16
EMBASSY,RR,06-Mar-2025,362.14,361.55,365.00,356.78,357.00,358.29,359.87,"9,04,329","32,54,42,196.78","31,902","8,06,371",89.17
EMBASSY,RR,07-Mar-2025,358.29,357.40,363.99,357.01,360.00,360.25,360.06,"11,56,910","41,65,59,916.44","14,142","10,28,060",88.86
EMBASSY,RR,10-Mar-2025,360.25,361.40,364.98,357.00,361.94,360.88,361.65,"7,11,638","25,73,63,957.71","34,729","5,91,146",83.07
EMBASSY,RR,11-Mar-2025,360.88,360.00,362.00,358.02,360.02,359.94,360.33,"5,20,648","18,76,06,938.51","11,302","4,29,308",82.46
EMBASSY,RR,12-Mar-2025,359.94,361.00,369.50,360.00,366.36,364.92,366.88,"6,84,797","25,12,38,648.46","19,513","4,97,075",72.59
EMBASSY,RR,13-Mar-2025,364.92,367.00,368.01,361.11,367.00,366.86,365.46,"4,83,078","17,65,44,017.52","13,609","3,57,661",74.04
EMBASSY,RR,17-Mar-2025,366.86,374.00,374.00,357.75,363.90,364.71,364.58,"10,47,442","38,18,76,318.31","33,717","8,92,164",85.18
EMBASSY,RR,18-Mar-2025,364.71,366.00,366.50,357.20,361.30,362.52,360.18,"5,58,116","20,10,21,575.09","13,951","4,66,288",83.55
EMBASSY,RR,19-Mar-2025,362.52,361.98,365.00,359.02,363.00,362.60,363.62,"7,03,001","25,56,27,202.84","17,375","5,94,667",84.59
EMBASSY,RR,20-Mar-2025,362.60,363.80,365.10,359.50,363.34,363.10,362.13,"6,93,675","25,11,98,284.79","17,879","5,64,619",81.40
EMBASSY,RR,21-Mar-2025,363.10,364.38,364.50,355.00,356.00,356.19,358.22,"19,60,702","70,23,64,151.70","24,946","16,43,543",83.82
EMBASSY,RR,24-Mar-2025,356.19,356.50,359.79,355.20,357.39,356.37,357.00,"12,73,956","45,48,02,217.44","33,909","11,00,670",86.40
EMBASSY,RR,25-Mar-2025,356.37,359.50,364.90,358.50,364.49,364.25,362.05,"7,25,048","26,25,06,842.93","29,721","6,05,879",83.56
EMBASSY,RR,26-Mar-2025,364.25,363.70,364.90,363.00,363.90,363.94,363.94,"5,69,876","20,73,98,941.72","8,768","5,22,148",91.62
EMBASSY,RR,27-Mar-2025,363.94,362.11,371.02,362.11,371.02,369.51,366.77,"3,66,172","13,42,99,587.20","13,319","3,13,497",85.61
EMBASSY,RR,28-Mar-2025,369.51,371.90,371.95,362.66,367.99,365.49,367.47,"7,22,315","26,54,27,238.39","13,551","6,01,983",83.34
EMBASSY,RR,01-Apr-2025,365.49,368.00,373.48,362.10,367.90,367.22,368.19,"4,77,194","17,56,96,816.47","25,716","3,75,282",78.64
EMBASSY,RR,02-Apr-2025,367.22,367.00,373.90,366.99,372.11,371.86,370.44,"4,59,975","17,03,95,088.82","16,884","3,61,341",78.56
EMBASSY,RR,03-Apr-2025,371.86,371.00,377.99,369.20,374.96,374.08,373.27,"6,55,982","24,48,60,133.53","8,752","4,31,404",65.76
EMBASSY,RR,04-Apr-2025,374.08,374.49,378.00,373.00,378.00,377.87,375.19,"9,15,945","34,36,55,725.65","20,241","8,54,031",93.24
EMBASSY,RR,07-Apr-2025,377.87,376.30,379.00,363.20,374.20,374.43,375.58,"11,90,260","44,70,40,596.84","17,430","10,37,012",87.12
EMBASSY,RR,08-Apr-2025,374.43,375.90,378.45,367.80,367.92,368.42,374.57,"9,69,463","36,31,28,414.90","8,689","9,01,494",92.99
EMBASSY,RR,09-Apr-2025,368.42,369.47,376.00,368.47,374.00,373.95,374.14,"7,02,682","26,29,01,793.28","12,905","6,30,565",89.74
EMBASSY,RR,11-Apr-2025,373.95,373.95,373.95,368.95,369.50,370.11,370.74,"4,41,374","16,36,33,668.34","13,361","3,36,564",76.25
EMBASSY,RR,15-Apr-2025,370.11,371.80,374.35,368.25,374.35,371.66,371.68,"10,47,184","38,92,14,391.10","32,592","9,09,892",86.89
EMBASSY,RR,16-Apr-2025,371.66,370.61,374.00,369.00,371.60,370.65,370.24,"7,19,264","26,63,03,007.22","13,975","6,11,530",85.02
EMBASSY,RR,17-Apr-2025,370.65,369.66,371.60,368.40,369.78,369.19,369.88,"9,10,672","33,68,36,595.16","17,219","8,63,294",94.80
EMBASSY,RR,21-Apr-2025,369.19,369.19,371.60,368.20,369.00,369.86,369.41,"1,41,408","5,22,36,997.91","6,448","1,14,176",80.74
EMBASSY,RR,22-Apr-2025,369.86,369.95,375.00,368.41,375.00,373.31,369.36,"54,03,083","1,99,56,91,139.79","12,653","51,56,628",95.44
EMBASSY,RR,23-Apr-2025,373.31,375.74,384.92,375.00,380.88,380.91,379.85,"11,28,896","42,88,07,863.43","32,704","9,57,400",84.81
EMBASSY,RR,24-Apr-2025,380.91,381.10,383.99,379.00,382.50,380.16,380.12,"2,57,581","9,79,11,337.85","14,510","1,92,692",74.81
EMBASSY,RR,25-Apr-2025,380.16,380.50,382.00,378.86,379.80,380.29,380.49,"7,57,155","28,80,88,124.72","11,768","5,90,065",77.93
EMBASSY,RR,28-Apr-2025,380.29,380.29,384.00,376.01,382.65,381.91,381.24,"7,49,892","28,58,86,565.61","20,152","5,61,497",74.88
EMBASSY,RR,29-Apr-2025,381.91,383.68,384.00,380.10,381.98,381.99,382.47,"4,76,450","18,22,27,037.24","11,369","4,18,813",87.90
EMBASSY,RR,30-Apr-2025,381.99,383.70,386.00,381.00,381.75,381.77,382.39,"13,23,551","50,61,12,625.72","16,868","9,68,894",73.20
EMBASSY,RR,02-May-2025,381.77,382.00,382.80,374.50,377.50,376.09,377.62,"10,31,755","38,96,09,372.44","13,271","9,68,988",93.92
EMBASSY,RR,05-May-2025,376.09,379.75,382.28,376.50,379.51,379.84,380.67,"3,03,116","11,53,88,392.96","10,266","2,51,009",82.81
EMBASSY,RR,06-May-2025,379.84,379.80,384.00,379.61,381.50,381.72,382.06,"8,43,245","32,21,71,322.58","11,041","7,46,025",88.47
EMBASSY,RR,07-May-2025,381.72,380.05,385.00,378.06,384.50,383.96,383.56,"12,28,660","47,12,67,200.57","20,384","9,86,231",80.27
EMBASSY,RR,08-May-2025,383.96,385.40,385.40,378.00,378.06,379.55,381.21,"8,92,239","34,01,27,315.82","14,585","7,89,206",88.45
EMBASSY,RR,09-May-2025,379.55,374.05,384.50,374.05,380.88,382.35,380.32,"3,33,583","12,68,69,492.87","7,118","2,51,196",75.30
EMBASSY,RR,12-May-2025,382.35,382.50,383.14,378.50,379.95,380.00,380.01,"1,43,623","5,45,78,554.91","5,333","1,19,569",83.25
EMBASSY,RR,13-May-2025,380.00,380.01,385.00,380.01,381.02,381.94,382.01,"6,28,224","23,99,87,840.46","8,718","5,87,804",93.57
EMBASSY,RR,14-May-2025,381.94,383.00,385.00,380.00,385.00,383.81,381.60,"14,70,040","56,09,72,882.09","14,646","13,29,854",90.46
EMBASSY,RR,15-May-2025,383.81,385.00,385.55,383.82,384.50,384.52,384.59,"10,74,402","41,32,02,571.93","12,473","10,05,327",93.57
EMBASSY,RR,16-May-2025,384.52,382.26,387.90,381.05,385.05,385.42,385.88,"7,17,856","27,70,03,772.66","10,819","6,44,373",89.76
EMBASSY,RR,19-May-2025,385.42,383.15,388.95,383.15,388.00,388.39,387.46,"1,57,382","6,09,79,998.96","11,715","1,14,602",72.82
EMBASSY,RR,20-May-2025,388.39,389.00,392.00,388.50,390.00,389.74,390.38,"11,17,716","43,63,35,341.30","20,106","10,39,407",92.99
EMBASSY,RR,21-May-2025,389.74,389.00,392.00,385.00,389.69,389.45,386.42,"3,57,792","13,82,58,245.76","11,354","3,12,680",87.39
EMBASSY,RR,22-May-2025,389.45,389.45,391.80,385.52,389.50,389.87,386.84,"20,57,712","79,60,03,156.01","11,858","19,29,890",93.79
EMBASSY,RR,23-May-2025,389.87,390.86,392.80,388.99,390.86,390.43,390.02,"3,58,815","13,99,44,253.56","18,717","3,03,403",84.56
EMBASSY,RR,26-May-2025,390.43,395.00,395.00,374.25,381.90,380.58,385.45,"59,50,634","2,29,36,64,603.70","35,857","56,87,946",95.59
EMBASSY,RR,27-May-2025,380.58,380.58,384.50,379.10,381.40,382.08,382.04,"5,12,048","19,56,23,217.21","50,049","4,41,916",86.30
EMBASSY,RR,28-May-2025,382.08,382.08,384.40,382.08,383.07,383.36,383.45,"3,12,221","11,97,21,031.49","8,445","2,61,183",83.65
EMBASSY,RR,29-May-2025,383.36,383.36,389.69,382.71,388.40,388.55,384.76,"3,60,035","13,85,27,662.47","11,086","3,07,741",85.48
EMBASSY,RR,30-May-2025,388.55,387.78,391.00,378.20,381.90,381.40,386.07,"11,49,011","44,35,96,527.79","22,899","8,88,769",77.35
EMBASSY,RR,02-Jun-2025,381.40,381.01,390.00,381.01,388.30,389.19,389.13,"6,98,538","27,18,25,502.52","62,130","6,03,305",86.37
EMBASSY,RR,03-Jun-2025,389.19,389.70,390.20,386.33,389.00,388.98,388.91,"4,12,702","16,05,04,367.09","13,589","3,33,728",80.86
EMBASSY,RR,04-Jun-2025,388.98,389.04,389.95,385.00,386.65,387.92,388.84,"5,67,467","22,06,52,189.43","13,027","4,85,010",85.47
EMBASSY,RR,05-Jun-2025,387.92,386.90,396.43,386.00,395.00,394.88,394.26,"8,29,554","32,70,57,666.37","13,898","7,14,558",86.14
EMBASSY,RR,06-Jun-2025,394.88,394.95,397.00,389.05,395.75,395.98,395.67,"8,88,383","35,15,09,031.00","15,378","8,37,817",94.31
EMBASSY,RR,09-Jun-2025,395.98,395.85,398.00,394.15,397.00,395.92,396.28,"8,59,898","34,07,57,421.77","10,470","8,12,632",94.50
EMBASSY,RR,10-Jun-2025,395.92,395.33,397.95,394.26,396.50,395.58,396.36,"6,15,093","24,37,97,491.87","10,732","5,40,890",87.94
EMBASSY,RR,11-Jun-2025,395.58,394.92,398.00,393.10,396.40,396.94,396.20,"6,54,715","25,93,97,762.94","6,916","6,22,950",95.15
EMBASSY,RR,12-Jun-2025,396.94,397.00,398.85,393.59,394.41,397.09,397.38,"4,59,008","18,23,98,689.84","12,475","3,75,554",81.82
EMBASSY,RR,13-Jun-2025,397.09,394.14,398.85,393.51,394.89,394.92,395.78,"6,44,101","25,49,20,099.51","10,847","5,73,161",88.99
EMBASSY,RR,16-Jun-2025,394.92,395.90,399.00,390.55,393.85,393.88,394.23,"2,65,221","10,45,58,392.22","15,724","2,18,518",82.39
EMBASSY,RR,17-Jun-2025,393.88,394.96,395.89,391.00,391.25,392.01,392.69,"1,69,067","6,63,91,042.44","14,626","1,39,130",82.29
EMBASSY,RR,18-Jun-2025,392.01,393.70,395.90,390.25,390.90,391.65,393.10,"5,39,852","21,22,18,408.09","22,840","4,10,007",75.95
EMBASSY,RR,19-Jun-2025,391.65,391.00,392.85,388.82,390.24,390.66,390.63,"2,72,861","10,65,87,852.20","16,916","2,06,661",75.74
EMBASSY,RR,20-Jun-2025,390.66,389.10,393.50,385.00,389.08,388.43,388.37,"8,26,633","32,10,42,121.71","28,407","6,69,113",80.94
EMBASSY,RR,23-Jun-2025,388.43,385.30,394.90,384.00,394.00,390.89,387.52,"4,08,900","15,84,54,927.46","14,096","3,02,614",74.01
EMBASSY,RR,24-Jun-2025,390.89,392.25,392.67,385.00,385.40,385.24,386.88,"2,62,667","10,16,21,629.05","10,530","2,18,297",83.11
EMBASSY,RR,25-Jun-2025,385.24,385.95,399.00,382.42,396.00,395.93,389.73,"4,84,820","18,89,49,032.77","25,993","3,92,593",80.98
EMBASSY,RR,26-Jun-2025,395.93,391.41,395.00,384.61,394.98,393.70,387.83,"8,75,132","33,94,00,385.73","13,714","6,51,929",74.49
EMBASSY,RR,27-Jun-2025,393.70,392.03,396.59,388.11,392.25,395.02,393.36,"4,62,713","18,20,13,140.53","21,986","3,73,982",80.82
EMBASSY,RR,30-Jun-2025,395.02,393.96,393.96,388.00,390.00,389.50,389.27,"7,44,173","28,96,85,529.40","47,190","6,02,652",80.98
EMBASSY,RR,01-Jul-2025,389.50,389.20,395.45,387.31,391.49,391.48,390.22,"5,10,270","19,91,19,538.00","21,769","4,31,508",84.56
EMBASSY,RR,02-Jul-2025,391.48,392.60,392.90,389.00,390.69,390.92,391.08,"6,41,154","25,07,43,193.71","16,078","4,23,690",66.08
EMBASSY,RR,03-Jul-2025,390.92,390.88,392.90,389.06,391.50,391.49,391.82,"2,18,958","8,57,91,972.66","22,662","1,88,044",85.88
EMBASSY,RR,04-Jul-2025,391.49,390.12,392.90,389.45,392.00,392.03,391.69,"3,79,752","14,87,44,715.01","23,735","3,25,468",85.71
EMBASSY,RR,07-Jul-2025,392.03,393.30,394.80,387.30,391.02,391.60,390.20,"3,41,102","13,30,98,762.69","20,351","2,57,625",75.53
EMBASSY,RR,08-Jul-2025,391.60,392.80,398.90,388.10,398.30,395.16,394.36,"9,89,901","39,03,82,271.00","11,281","9,36,739",94.63
EMBASSY,RR,09-Jul-2025,395.16,396.48,399.00,396.48,398.90,397.74,397.72,"5,59,009","22,23,26,465.43","17,398","5,18,693",92.79
EMBASSY,RR,10-Jul-2025,397.74,388.90,397.00,388.05,391.20,390.89,391.95,"17,64,912","69,17,64,338.10","12,998","6,07,168",34.40
EMBASSY,RR,11-Jul-2025,390.89,389.13,392.55,388.15,389.20,390.08,389.67,"3,99,618","15,57,18,726.36","24,287","3,18,526",79.71
EMBASSY,RR,14-Jul-2025,390.08,389.06,391.00,388.00,388.50,389.02,388.92,"12,45,616","48,44,42,798.53","40,937","10,47,491",84.09
EMBASSY,RR,15-Jul-2025,389.02,388.99,391.90,388.30,390.52,390.70,390.53,"4,47,838","17,48,93,221.56","16,128","3,35,286",74.87
EMBASSY,RR,16-Jul-2025,390.70,390.11,392.90,390.01,392.75,392.31,391.66,"4,95,561","19,40,89,990.38","10,801","4,54,319",91.68
EMBASSY,RR,17-Jul-2025,392.31,392.80,392.80,389.35,390.13,390.30,390.90,"13,49,676","52,75,90,079.65","14,985","12,30,615",91.18
EMBASSY,RR,18-Jul-2025,390.30,390.99,397.94,390.31,395.00,397.18,394.12,"6,19,749","24,42,58,422.49","14,976","5,19,123",83.76
EMBASSY,RR,21-Jul-2025,397.18,397.18,400.00,396.00,397.89,398.67,399.16,"6,26,752","25,01,72,247.87","13,355","5,28,828",84.38
EMBASSY,RR,22-Jul-2025,398.67,398.27,401.50,394.06,396.00,396.02,397.38,"1,86,509","7,41,14,651.36","6,560","1,46,623",78.61
EMBASSY,RR,23-Jul-2025,396.02,396.00,404.98,395.50,404.00,403.71,402.11,"7,61,068","30,60,30,453.55","28,593","6,26,165",82.27
EMBASSY,RR,24-Jul-2025,403.71,405.45,406.94,402.00,402.00,404.03,404.35,"7,40,900","29,95,84,186.71","29,500","6,64,449",89.68
EMBASSY,RR,25-Jul-2025,404.03,402.85,405.70,399.07,401.50,401.48,401.32,"2,80,182","11,24,43,791.95","15,208","2,13,157",76.08
EMBASSY,RR,28-Jul-2025,401.48,402.28,403.80,394.99,400.00,399.99,400.63,"3,27,290","13,11,22,008.12","24,680","2,60,468",79.58
EMBASSY,RR,29-Jul-2025,399.99,398.53,400.00,393.51,394.72,394.50,397.35,"7,44,059","29,56,52,614.52","8,535","6,83,503",91.86
EMBASSY,RR,30-Jul-2025,394.50,394.00,398.98,390.50,396.32,397.44,392.19,"7,46,317","29,26,98,971.84","8,845","6,55,256",87.80
EMBASSY,RR,31-Jul-2025,397.44,393.44,397.90,393.00,395.99,395.69,395.20,"7,57,140","29,92,18,742.37","18,478","6,71,014",88.62
EMBASSY,RR,01-Aug-2025,395.69,397.60,397.60,390.50,391.15,392.20,392.74,"2,98,578","11,72,63,772.54","14,772","2,20,585",73.88
EMBASSY,RR,04-Aug-2025,392.20,391.60,392.20,388.15,389.01,389.25,389.69,"16,77,546","65,37,30,675.57","18,615","15,83,387",94.39
EMBASSY,RR,05-Aug-2025,389.25,385.00,386.50,382.55,385.64,385.43,383.65,"17,63,026","67,63,85,959.74","13,993","16,63,191",94.34
EMBASSY,RR,06-Aug-2025,385.43,385.21,396.50,384.06,392.50,393.28,390.97,"4,48,200","17,52,33,978.04","9,990","3,52,976",78.75
EMBASSY,RR,07-Aug-2025,393.28,393.00,393.28,385.30,386.94,386.26,387.53,"11,07,533","42,92,01,320.46","14,577","10,34,731",93.43
EMBASSY,RR,08-Aug-2025,386.26,385.10,386.35,381.20,381.70,381.72,383.39,"6,52,770","25,02,63,665.16","25,478","5,75,753",88.20
EMBASSY,RR,11-Aug-2025,381.72,382.40,387.80,381.72,386.80,386.42,384.50,"2,22,942","8,57,22,298.17","11,040","1,76,022",78.95
EMBASSY,RR,12-Aug-2025,386.42,386.95,386.95,383.05,384.53,384.68,384.71,"2,27,338","8,74,58,387.40","16,979","1,87,654",82.54
EMBASSY,RR,13-Aug-2025,384.68,385.70,386.53,383.25,384.20,384.02,384.43,"4,08,256","15,69,47,140.19","24,971","3,39,071",83.05
EMBASSY,RR,14-Aug-2025,384.02,382.90,387.00,382.90,385.53,385.82,384.92,"6,98,687","26,89,36,257.18","27,653","6,45,968",92.45
EMBASSY,RR,18-Aug-2025,385.82,388.00,388.00,384.10,384.20,385.41,386.42,"9,75,435","37,69,31,664.34","33,135","8,79,703",90.19
EMBASSY,RR,19-Aug-2025,385.41,385.50,386.40,381.27,384.36,384.99,384.04,"6,37,237","24,47,21,972.83","32,787","5,35,659",84.06
EMBASSY,RR,20-Aug-2025,384.99,384.29,388.70,383.11,387.70,388.23,386.08,"5,12,651","19,79,24,456.06","17,990","4,69,017",91.49
EMBASSY,RR,21-Aug-2025,388.23,389.40,391.95,388.23,390.00,389.94,389.81,"5,21,498","20,32,87,712.11","76,174","4,90,316",94.02
EMBASSY,RR,22-Aug-2025,389.94,389.94,393.08,389.05,391.85,392.07,391.63,"2,85,491","11,18,07,329.24","7,242","2,57,924",90.34
EMBASSY,RR,25-Aug-2025,392.07,392.00,392.00,386.10,387.00,386.82,388.34,"4,31,018","16,73,79,920.95","27,268","3,34,937",77.71
EMBASSY,RR,26-Aug-2025,386.82,387.70,387.70,377.11,379.50,380.81,383.64,"8,78,494","33,70,21,203.33","19,087","7,70,528",87.71
EMBASSY,RR,28-Aug-2025,380.81,380.81,385.88,378.47,381.15,381.21,380.18,"15,18,701","57,73,85,622.79","21,315","14,31,803",94.28
EMBASSY,RR,29-Aug-2025,381.21,381.00,388.90,380.99,388.00,387.87,382.06,"18,55,722","70,89,94,975.62","10,837","17,91,078",96.52
EMBASSY,RR,01-Sep-2025,387.87,388.40,388.40,383.00,385.60,385.72,384.91,"4,71,411","18,14,51,349.62","19,112","3,85,227",81.72
EMBASSY,RR,02-Sep-2025,385.72,384.22,389.75,384.22,386.95,388.19,387.32,"3,79,245","14,68,87,289.02","13,529","3,19,125",84.15
EMBASSY,RR,03-Sep-2025,388.19,387.03,391.70,386.96,391.00,389.99,388.77,"5,39,117","20,95,90,265.16","8,369","4,88,572",90.62
EMBASSY,RR,04-Sep-2025,389.99,389.00,391.00,385.20,390.15,390.89,387.55,"2,61,530","10,13,56,532.42","10,865","1,82,646",69.84
EMBASSY,RR,05-Sep-2025,390.89,390.82,393.84,385.27,392.00,391.35,388.64,"4,81,494","18,71,25,500.81","23,626","3,81,718",79.28
EMBASSY,RR,08-Sep-2025,391.35,392.99,392.99,385.50,388.77,388.88,388.72,"3,37,062","13,10,21,667.84","18,156","2,47,368",73.39
EMBASSY,RR,09-Sep-2025,388.88,389.00,393.00,386.26,391.00,392.44,387.93,"14,83,005","57,53,07,671.74","13,408","13,34,162",89.96
EMBASSY,RR,10-Sep-2025,392.44,392.00,399.00,390.35,396.59,397.47,394.76,"3,70,369","14,62,06,109.95","16,265","2,95,184",79.70
EMBASSY,RR,11-Sep-2025,397.47,397.47,397.89,395.00,397.50,397.32,397.17,"2,96,431","11,77,34,850.40","9,123","2,83,933",95.78
EMBASSY,RR,12-Sep-2025,397.32,397.50,401.77,396.00,399.40,399.44,397.96,"6,94,924","27,65,52,762.62","9,223","6,31,110",90.82
EMBASSY,RR,15-Sep-2025,399.44,401.98,412.35,400.01,410.10,409.56,408.21,"5,91,732","24,15,49,577.38","10,497","4,92,070",83.16
EMBASSY,RR,16-Sep-2025,409.56,411.85,418.00,410.01,417.00,415.60,413.67,"12,20,861","50,50,29,106.69","21,011","11,06,849",90.66
EMBASSY,RR,17-Sep-2025,415.60,415.60,418.00,411.50,412.59,412.80,413.59,"11,28,636","46,67,92,833.39","11,616","10,94,034",96.93
EMBASSY,RR,18-Sep-2025,412.80,412.00,413.70,408.10,408.40,410.73,410.92,"4,81,723","19,79,49,286.48","10,797","4,46,311",92.65
EMBASSY,RR,19-Sep-2025,410.73,408.01,411.49,401.01,402.99,404.79,404.12,"13,21,855","53,41,94,221.62","17,460","10,82,590",81.90
EMBASSY,RR,22-Sep-2025,404.79,405.70,409.97,404.00,409.20,408.19,407.82,"3,56,189","14,52,60,906.51","11,578","3,22,446",90.53
EMBASSY,RR,23-Sep-2025,408.19,411.00,411.00,405.10,408.00,409.70,408.99,"2,92,812","11,97,56,247.20","4,500","2,74,216",93.65
EMBASSY,RR,24-Sep-2025,409.70,409.70,411.97,404.05,405.00,405.19,406.53,"6,09,248","24,76,76,715.55","11,451","5,42,866",89.10
EMBASSY,RR,25-Sep-2025,405.19,406.45,416.00,400.25,413.45,413.04,410.94,"13,48,707","55,42,31,281.53","26,477","10,57,370",78.40
EMBASSY,RR,26-Sep-2025,413.04,414.40,419.99,408.01,410.99,409.61,415.91,"8,34,188","34,69,44,155.04","31,002","7,20,552",86.38
EMBASSY,RR,29-Sep-2025,409.61,410.50,415.65,410.03,415.25,413.88,412.87,"12,04,527","49,73,08,159.62","22,214","11,19,355",92.93
EMBASSY,RR,30-Sep-2025,413.88,415.00,423.00,414.80,422.90,421.93,421.23,"33,05,047","1,39,21,91,117.39","25,848","31,49,445",95.29
EMBASSY,RR,01-Oct-2025,421.93,420.94,427.00,417.01,425.00,424.06,423.10,"32,01,692","1,35,46,22,695.17","9,661","31,29,629",97.75
EMBASSY,RR,03-Oct-2025,424.06,422.00,430.00,422.00,425.00,427.48,427.45,"17,19,416","73,49,72,521.00","18,316","16,23,739",94.44
EMBASSY,RR,06-Oct-2025,427.48,428.70,428.70,417.40,420.50,420.52,421.01,"97,25,930","4,09,47,55,252.71","9,798","96,54,770",99.27
EMBASSY,RR,07-Oct-2025,420.52,418.60,428.00,418.60,422.76,424.50,426.13,"4,92,250","20,97,63,116.08","12,296","4,40,646",89.52
EMBASSY,RR,08-Oct-2025,424.50,427.48,427.95,420.05,426.01,426.80,425.04,"1,62,959","6,92,64,565.93","7,216","1,25,262",76.87
EMBASSY,RR,09-Oct-2025,426.80,427.80,428.25,418.05,425.22,425.99,424.27,"4,39,179","18,63,31,056.34","10,341","3,38,671",77.11
EMBASSY,RR,10-Oct-2025,425.99,427.70,428.95,426.00,426.99,427.04,427.53,"2,15,172","9,19,93,540.68","6,133","1,90,235",88.41
EMBASSY,RR,13-Oct-2025,427.04,428.38,428.38,420.50,421.10,421.42,422.76,"2,04,333","8,63,83,101.03","6,978","1,81,305",88.73
EMBASSY,RR,14-Oct-2025,421.42,421.50,425.04,418.21,418.69,419.19,420.91,"1,93,422","8,14,13,556.51","5,102","1,70,984",88.40
EMBASSY,RR,15-Oct-2025,419.19,420.00,426.64,420.00,422.00,424.25,423.51,"3,09,200","13,09,50,315.62","6,560","2,68,640",86.88
EMBASSY,RR,16-Oct-2025,424.25,423.00,424.24,420.00,420.00,420.42,422.03,"2,91,079","12,28,43,539.05","8,510","2,50,776",86.15
EMBASSY,RR,17-Oct-2025,420.42,421.10,421.87,418.99,419.44,419.82,420.27,"3,51,176","14,75,89,092.68","8,342","3,19,354",90.94
EMBASSY,RR,20-Oct-2025,419.82,421.80,431.00,420.00,430.98,429.81,428.55,"4,01,896","17,22,31,294.13","8,933","3,09,247",76.95
EMBASSY,RR,21-Oct-2025,429.81,430.75,433.90,427.15,432.60,432.87,431.02,"26,202","1,12,93,682.82","1,854","20,733",79.13
EMBASSY,RR,23-Oct-2025,432.87,433.49,434.00,419.00,431.75,430.93,431.60,"31,40,752","1,35,55,53,499.97","26,688","30,45,539",96.97
EMBASSY,RR,24-Oct-2025,430.93,431.00,434.00,426.25,433.99,433.37,432.15,"3,37,736","14,59,51,451.78","8,527","2,96,634",87.83
EMBASSY,RR,27-Oct-2025,433.37,435.40,437.00,430.20,433.50,433.88,434.45,"5,43,184","23,59,85,765.66","17,626","4,12,183",75.88
EMBASSY,RR,28-Oct-2025,433.88,435.49,435.49,423.85,425.00,425.30,427.65,"4,77,716","20,42,95,416.16","11,775","4,18,553",87.62
EMBASSY,RR,29-Oct-2025,425.30,425.02,436.20,423.10,431.90,434.70,428.57,"5,52,670","23,68,58,205.64","7,609","5,08,546",92.02
EMBASSY,RR,30-Oct-2025,434.70,432.80,433.65,426.00,427.60,427.10,428.50,"1,87,772","8,04,61,025.33","9,915","1,55,280",82.70
EMBASSY,RR,31-Oct-2025,427.10,427.70,435.90,426.25,428.00,428.95,431.74,"5,33,668","23,04,03,588.20","22,988","4,23,723",79.40
EMBASSY,RR,03-Nov-2025,428.95,429.00,433.68,429.00,432.99,432.34,432.66,"2,81,870","12,19,54,901.95","20,897","2,33,872",82.97
EMBASSY,RR,04-Nov-2025,432.34,432.87,435.00,428.50,431.97,431.88,431.78,"8,30,025","35,83,92,266.24","16,596","7,40,018",89.16
EMBASSY,RR,06-Nov-2025,431.88,434.03,436.00,426.70,429.99,429.97,429.85,"16,80,786","72,24,84,612.74","40,173","15,36,561",91.42
EMBASSY,RR,07-Nov-2025,429.97,426.20,431.93,424.00,425.68,426.13,427.26,"4,85,806","20,75,65,936.69","34,607","3,62,915",74.70
EMBASSY,RR,10-Nov-2025,426.13,425.65,431.95,422.13,428.15,428.11,428.19,"10,00,999","42,86,13,760.07","29,455","8,97,562",89.67
EMBASSY,RR,11-Nov-2025,428.11,427.74,427.74,419.75,424.30,423.98,422.94,"11,14,435","47,13,36,622.33","41,919","9,86,722",88.54
EMBASSY,RR,12-Nov-2025,423.98,425.90,425.90,422.51,422.61,422.96,423.80,"4,66,916","19,78,78,857.82","26,363","4,30,608",92.22
EMBASSY,RR,13-Nov-2025,422.96,422.98,424.70,417.67,420.70,421.47,420.84,"8,92,188","37,54,64,914.84","21,522","8,03,392",90.05
EMBASSY,RR,14-Nov-2025,421.47,420.01,421.80,415.05,415.73,415.71,417.95,"22,36,631","93,48,02,766.74","22,506","22,00,119",98.37
EMBASSY,RR,17-Nov-2025,415.71,417.62,419.87,416.14,417.00,418.49,418.38,"8,72,232","36,49,23,321.16","29,217","8,37,570",96.03
EMBASSY,RR,18-Nov-2025,418.49,417.95,429.70,415.00,425.60,424.29,417.85,"16,73,203","69,91,39,917.62","24,226","15,87,695",94.89
EMBASSY,RR,19-Nov-2025,424.29,426.89,427.00,420.01,425.70,425.86,425.29,"7,15,439","30,42,68,888.73","25,398","6,08,266",85.02
EMBASSY,RR,20-Nov-2025,425.86,427.30,437.00,425.86,436.80,436.40,431.03,"45,27,638","1,95,15,47,195.94","24,015","43,99,155",97.16
EMBASSY,RR,21-Nov-2025,436.40,432.50,434.80,425.05,434.00,432.46,429.72,"5,40,601","23,23,08,372.64","19,116","4,23,775",78.39
EMBASSY,RR,24-Nov-2025,432.46,434.45,436.80,427.34,432.00,433.05,432.26,"7,79,516","33,69,55,211.43","17,121","6,43,231",82.52
EMBASSY,RR,25-Nov-2025,433.05,432.45,432.45,427.51,428.50,428.35,429.67,"5,48,297","23,55,87,738.05","11,559","4,98,414",90.90
EMBASSY,RR,26-Nov-2025,428.35,428.35,429.85,424.01,424.10,424.87,427.31,"4,25,279","18,17,24,729.24","20,997","3,86,719",90.93
EMBASSY,RR,27-Nov-2025,424.87,424.91,428.00,422.03,428.00,426.44,425.18,"2,91,851","12,40,89,775.22","12,635","2,58,089",88.43
EMBASSY,RR,28-Nov-2025,426.44,426.44,428.98,423.10,425.00,426.81,426.74,"6,56,908","28,03,29,751.14","16,821","6,21,780",94.65
EMBASSY,RR,01-Dec-2025,426.81,428.45,430.15,426.90,428.50,429.62,429.29,"12,77,061","54,82,35,458.85","21,708","12,17,051",95.30
EMBASSY,RR,02-Dec-2025,429.62,429.62,439.95,429.62,437.76,437.98,437.79,"13,42,389","58,76,88,538.64","24,165","12,21,145",90.97
EMBASSY,RR,03-Dec-2025,437.98,439.19,453.99,437.98,448.57,449.69,444.58,"8,08,037","35,92,33,073.90","15,387","6,48,714",80.28
EMBASSY,RR,04-Dec-2025,449.69,451.57,451.57,443.05,445.99,447.49,448.35,"7,27,115","32,60,03,662.44","40,397","6,42,882",88.42
EMBASSY,RR,05-Dec-2025,447.49,446.65,449.77,438.37,441.45,441.16,444.82,"11,16,816","49,67,80,374.04","21,198","9,51,991",85.24
EMBASSY,RR,08-Dec-2025,441.16,441.95,447.90,437.16,438.15,439.29,442.17,"6,39,136","28,26,06,857.04","21,221","5,80,555",90.83
EMBASSY,RR,09-Dec-2025,439.29,438.38,438.38,428.66,430.01,430.00,430.34,"6,73,130","28,96,75,622.50","25,875","5,99,232",89.02
EMBASSY,RR,10-Dec-2025,430.00,430.60,442.00,430.60,433.50,436.62,437.65,"7,06,057","30,90,07,503.95","12,136","6,34,252",89.83
EMBASSY,RR,11-Dec-2025,436.62,434.00,440.98,431.20,440.44,439.98,434.37,"22,13,233","96,13,59,141.78","10,628","21,65,105",97.83
EMBASSY,RR,12-Dec-2025,439.98,442.00,446.84,440.00,441.11,441.71,441.47,"4,26,735","18,83,88,706.85","10,826","3,66,773",85.95
EMBASSY,RR,15-Dec-2025,441.71,444.24,446.50,435.58,440.05,440.11,440.50,"3,53,974","15,59,26,492.26","10,348","2,87,412",81.20
EMBASSY,RR,16-Dec-2025,440.11,440.60,445.69,435.10,444.90,443.61,440.93,"3,46,306","15,26,97,954.19","17,312","2,63,358",76.05
EMBASSY,RR,17-Dec-2025,443.61,444.40,446.18,431.05,432.34,432.89,436.07,"4,69,061","20,45,44,748.45","21,345","3,66,304",78.09
EMBASSY,RR,18-Dec-2025,432.89,432.89,433.40,425.10,428.27,428.25,428.27,"6,97,849","29,88,66,980.00","20,084","6,21,173",89.01
EMBASSY,RR,19-Dec-2025,428.25,428.26,432.99,426.00,428.55,428.19,428.62,"14,21,005","60,90,64,469.26","41,074","12,76,300",89.82
EMBASSY,RR,22-Dec-2025,428.19,426.50,430.99,425.20,426.20,426.79,426.79,"6,03,843","25,77,12,712.36","17,906","5,26,797",87.24
EMBASSY,RR,23-Dec-2025,426.79,427.00,429.19,426.75,427.05,427.03,427.32,"6,39,456","27,32,51,651.96","14,677","6,11,916",95.69
EMBASSY,RR,24-Dec-2025,427.03,428.69,429.80,423.05,426.00,425.03,425.65,"9,23,430","39,30,57,675.58","17,559","8,02,120",86.86
EMBASSY,RR,26-Dec-2025,425.03,427.90,430.00,426.12,430.00,429.82,428.06,"4,09,952","17,54,83,460.99","6,832","3,85,880",94.13
EMBASSY,RR,29-Dec-2025,429.82,432.00,432.00,421.31,427.24,423.91,425.18,"10,74,428","45,68,27,979.63","16,806","9,43,400",87.80
EMBASSY,RR,30-Dec-2025,423.91,425.84,427.76,423.00,425.00,424.26,423.82,"13,61,874","57,71,92,663.01","7,576","13,04,807",95.81
EMBASSY,RR,31-Dec-2025,424.26,424.99,437.85,422.10,436.55,435.32,430.65,"5,06,297","21,80,35,239.45","21,722","4,17,827",82.53
EMBASSY,RR,01-Jan-2026,435.32,435.30,439.00,431.13,434.80,435.69,435.11,"3,64,501","15,85,99,357.91","5,792","3,28,813",90.21
EMBASSY,RR,02-Jan-2026,435.69,436.70,439.00,435.50,438.05,438.51,438.02,"2,97,177","13,01,68,111.61","15,147","2,54,504",85.64
EMBASSY,RR,05-Jan-2026,438.51,441.90,442.49,431.01,434.64,433.74,439.27,"12,12,283","53,25,20,029.77","31,035","10,82,137",89.26
EMBASSY,RR,06-Jan-2026,433.74,436.00,442.00,434.01,440.00,437.91,438.79,"6,11,548","26,83,41,606.14","27,012","5,20,867",85.17
EMBASSY,RR,07-Jan-2026,437.91,440.89,445.00,438.26,445.00,444.56,442.61,"9,06,682","40,13,05,783.91","26,278","8,56,112",94.42
EMBASSY,RR,08-Jan-2026,444.56,447.00,447.00,433.94,434.20,435.55,443.84,"18,67,412","82,88,28,855.26","15,645","17,95,817",96.17
EMBASSY,RR,09-Jan-2026,435.55,433.21,437.98,433.21,436.00,436.52,436.59,"3,20,024","13,97,18,875.18","21,003","2,82,629",88.31
EMBASSY,RR,12-Jan-2026,436.52,437.70,439.98,435.00,435.60,436.79,437.88,"5,76,636","25,24,99,282.91","22,473","5,20,244",90.22
EMBASSY,RR,13-Jan-2026,436.79,436.79,444.00,436.01,443.50,440.79,439.56,"8,28,798","36,43,07,515.86","10,168","7,95,027",95.93
EMBASSY,RR,14-Jan-2026,440.79,438.40,444.00,435.99,442.11,440.19,439.66,"5,96,290","26,21,67,184.85","33,986","5,53,530",92.83
EMBASSY,RR,16-Jan-2026,440.19,439.60,450.98,437.51,450.90,449.68,445.74,"4,84,001","21,57,36,747.59","24,054","3,92,884",81.17
EMBASSY,RR,19-Jan-2026,449.68,450.90,450.94,435.06,437.33,436.15,440.27,"4,44,946","19,58,97,366.10","44,115","3,69,903",83.13
EMBASSY,RR,20-Jan-2026,436.15,436.80,441.50,436.01,440.01,439.25,438.48,"10,40,844","45,63,93,178.99","41,892","9,89,059",95.02
EMBASSY,RR,21-Jan-2026,439.25,440.00,440.00,434.50,436.76,437.06,437.35,"5,56,881","24,35,49,996.15","16,442","5,10,713",91.71
EMBASSY,RR,22-Jan-2026,437.06,438.80,439.70,435.11,437.00,436.28,437.56,"3,36,476","14,72,28,101.90","9,992","2,89,557",86.06
EMBASSY,RR,23-Jan-2026,436.28,438.00,443.00,434.21,435.45,435.60,435.57,"5,04,502","21,97,47,887.20","33,225","4,31,169",85.46
EMBASSY,RR,27-Jan-2026,435.60,435.50,435.50,429.06,431.48,430.56,432.00,"18,72,292","80,88,22,668.79","46,246","17,89,046",95.55
EMBASSY,RR,28-Jan-2026,430.56,433.05,433.05,428.20,431.00,430.28,430.32,"6,18,055","26,59,62,739.05","25,264","5,69,604",92.16
EMBASSY,RR,29-Jan-2026,430.28,432.75,439.00,432.25,436.90,437.14,436.59,"13,41,526","58,56,96,017.61","31,403","12,38,926",92.35
EMBASSY,RR,30-Jan-2026,437.14,438.40,438.40,432.00,432.57,434.26,435.36,"7,30,820","31,81,71,679.83","30,255","6,31,443",86.40
EMBASSY,RR,01-Feb-2026,434.26,434.26,440.00,432.35,439.75,439.57,437.39,"93,709","4,09,87,686.86","3,181","75,038",80.08
EMBASSY,RR,02-Feb-2026,439.57,438.86,438.86,432.40,438.00,436.94,435.29,"4,79,680","20,88,01,913.80","16,771","4,18,390",87.22
EMBASSY,RR,03-Feb-2026,436.94,439.00,439.49,429.01,429.90,432.63,434.79,"6,14,160","26,70,33,042.39","15,902","5,33,712",86.90
EMBASSY,RR,04-Feb-2026,432.63,430.50,439.80,429.00,437.00,438.39,436.05,"5,58,093","24,33,54,428.96","16,695","4,76,142",85.32
EMBASSY,RR,05-Feb-2026,438.39,439.00,440.25,437.25,440.25,440.04,439.35,"5,93,212","26,06,25,213.80","20,741","5,07,259",85.51
EMBASSY,RR,06-Feb-2026,440.04,441.80,443.01,438.06,442.00,441.91,440.26,"4,88,400","21,50,22,188.94","24,963","4,34,814",89.03
EMBASSY,RR,09-Feb-2026,441.91,446.50,454.00,445.64,453.00,452.63,451.83,"6,43,962","29,09,63,277.58","18,593","5,23,570",81.30
EMBASSY,RR,10-Feb-2026,452.63,454.00,459.99,453.00,459.99,459.61,457.96,"7,66,344","35,09,57,554.03","20,632","6,55,959",85.60
EMBASSY,RR,11-Feb-2026,459.61,455.90,462.00,451.21,461.00,460.99,458.45,"5,79,698","26,57,64,421.42","16,227","4,83,785",83.45
EMBASSY,RR,12-Feb-2026,460.99,459.00,459.00,446.99,447.01,448.68,450.27,"10,34,476","46,57,97,329.22","30,072","8,48,584",82.03
EMBASSY,RR,13-Feb-2026,448.68,444.90,445.00,438.06,441.30,440.42,441.26,"9,54,089","42,10,03,810.87","34,699","7,74,334",81.16
EMBASSY,RR,16-Feb-2026,440.42,440.42,446.69,439.76,443.70,444.79,444.74,"2,91,884","12,98,12,102.25","13,518","2,52,724",86.58
EMBASSY,RR,17-Feb-2026,444.79,445.00,447.60,442.20,445.79,445.99,445.51,"4,02,439","17,92,91,632.34","47,385","3,21,573",79.91
EMBASSY,RR,18-Feb-2026,445.99,445.70,445.70,436.01,439.60,437.91,439.46,"10,53,639","46,30,34,377.95","29,545","9,45,728",89.76
EMBASSY,RR,19-Feb-2026,437.91,439.00,444.70,432.65,432.89,435.21,436.23,"2,55,030","11,12,52,145.40","10,539","2,05,370",80.53
EMBASSY,RR,20-Feb-2026,435.21,435.00,435.80,432.00,432.70,433.37,434.02,"5,40,974","23,47,93,043.87","19,416","4,46,045",82.45
EMBASSY,RR,23-Feb-2026,433.37,433.00,435.99,431.59,435.90,434.36,434.04,"5,27,359","22,88,94,923.87","20,053","4,66,015",88.37
EMBASSY,RR,24-Feb-2026,434.36,434.80,437.00,417.50,418.00,420.02,420.08,"5,81,60,702","24,43,23,15,358.61","17,399","5,73,34,037",98.58
EMBASSY,RR,25-Feb-2026,420.02,420.00,428.20,420.00,427.45,426.59,425.22,"36,17,378","1,53,81,88,092.54","45,259","33,60,629",92.90
EMBASSY,RR,26-Feb-2026,426.59,424.00,430.10,423.00,427.47,427.45,426.15,"11,96,263","50,97,88,426.70","26,561","10,53,838",88.09
EMBASSY,RR,27-Feb-2026,427.45,425.10,427.90,421.00,425.74,425.03,424.47,"17,06,777","72,44,82,057.98","48,094","14,79,275",86.67
EMBASSY,RR,02-Mar-2026,425.03,425.00,428.24,422.00,426.01,425.97,424.17,"15,04,163","63,80,14,431.77","25,790","14,39,150",95.68
EMBASSY,RR,04-Mar-2026,425.97,425.00,426.50,411.05,412.40,415.33,419.40,"7,26,632","30,47,46,554.97","23,533","5,57,230",76.69
EMBASSY,RR,05-Mar-2026,415.33,414.80,422.90,411.05,420.50,419.85,414.20,"25,27,650","1,04,69,48,448.08","58,681","21,63,520",85.59
EMBASSY,RR,06-Mar-2026,419.85,421.70,439.40,420.00,432.00,433.75,431.14,"10,23,705","44,13,61,006.81","18,800","7,73,903",75.60
EMBASSY,RR,09-Mar-2026,433.75,430.00,430.00,422.00,425.37,424.31,425.03,"6,23,934","26,51,92,040.27","21,083","4,59,723",73.68
EMBASSY,RR,10-Mar-2026,424.31,426.98,426.99,418.11,421.00,421.17,421.01,"11,02,202","46,40,40,400.78","29,938","7,49,028",67.96
EMBASSY,RR,11-Mar-2026,421.17,421.80,425.14,418.60,421.00,422.28,422.22,"6,65,227","28,08,75,114.15","31,343","4,83,814",72.73
EMBASSY,RR,12-Mar-2026,422.28,421.00,442.99,415.31,436.25,431.05,425.50,"8,17,982","34,80,51,297.13","21,793","5,79,599",70.86
EMBASSY,RR,13-Mar-2026,431.05,432.20,432.90,422.21,427.00,424.28,425.52,"5,08,801","21,65,06,038.26","21,064","3,91,708",76.99
EMBASSY,RR,16-Mar-2026,424.28,427.00,434.79,421.20,427.00,422.84,426.83,"8,57,214","36,58,85,836.33","16,845","6,52,466",76.11
EMBASSY,RR,17-Mar-2026,422.84,424.00,427.39,421.03,422.47,422.02,422.57,"4,84,289","20,46,47,494.35","28,881","3,99,155",82.42
EMBASSY,RR,18-Mar-2026,422.02,422.12,429.47,419.10,419.90,419.99,422.78,"11,01,074","46,55,15,491.16","46,519","9,23,919",83.91
EMBASSY,RR,19-Mar-2026,419.99,418.30,423.89,414.20,418.00,418.90,417.19,"6,06,573","25,30,54,116.54","23,315","4,57,187",75.37
EMBASSY,RR,20-Mar-2026,418.90,418.30,423.01,414.02,416.01,416.68,417.09,"13,60,069","56,72,69,981.26","30,376","11,70,685",86.08
EMBASSY,RR,23-Mar-2026,416.68,412.80,420.50,410.15,416.00,418.01,414.15,"6,26,171","25,93,26,878.12","21,294","4,73,531",75.62
EMBASSY,RR,24-Mar-2026,418.01,418.60,424.00,415.00,421.06,422.83,418.19,"3,65,956","15,30,37,692.63","14,974","2,76,630",75.59
EMBASSY,RR,25-Mar-2026,422.83,422.99,435.75,422.83,430.70,429.75,429.08,"4,83,365","20,74,03,063.13","15,402","4,11,381",85.11
EMBASSY,RR,27-Mar-2026,429.75,430.55,430.72,424.99,425.30,426.63,428.74,"5,89,530","25,27,55,788.49","13,802","5,09,585",86.44
EMBASSY,RR,30-Mar-2026,426.63,425.00,425.00,416.25,419.69,420.29,420.98,"6,46,113","27,20,00,416.00","31,909","5,16,465",79.93
EMBASSY,RR,01-Apr-2026,420.29,422.40,424.01,417.00,419.52,420.90,420.44,"10,51,346","44,20,24,650.05","45,776","8,44,136",80.29
EMBASSY,RR,02-Apr-2026,420.90,418.80,433.90,418.67,429.99,429.97,429.55,"8,73,330","37,51,37,008.13","14,158","7,59,649",86.98
EMBASSY,RR,06-Apr-2026,429.97,430.01,433.95,426.90,429.00,429.74,430.94,"4,59,146","19,78,64,326.75","22,930","3,40,911",74.25
EMBASSY,RR,07-Apr-2026,429.74,430.00,430.00,425.50,429.76,429.85,429.31,"3,22,322","13,83,75,659.74","11,588","2,35,603",73.10
EMBASSY,RR,08-Apr-2026,429.85,432.90,439.49,431.99,438.00,437.42,436.71,"7,92,780","34,62,14,663.17","14,809","7,51,031",94.73
EMBASSY,RR,09-Apr-2026,437.42,439.00,444.00,437.50,440.20,439.91,441.13,"4,07,821","17,99,02,363.23","17,627","3,13,102",76.77
EMBASSY,RR,10-Apr-2026,439.91,442.99,448.00,441.20,447.40,447.30,445.65,"3,38,001","15,06,28,976.92","14,693","2,89,032",85.51
EMBASSY,RR,13-Apr-2026,447.30,451.40,451.40,445.26,448.50,447.96,448.30,"8,76,811","39,30,77,245.17","15,018","8,01,994",91.47
EMBASSY,RR,15-Apr-2026,447.96,445.00,450.00,445.00,449.00,449.36,448.48,"2,68,690","12,05,02,664.87","15,276","2,25,176",83.81
EMBASSY,RR,16-Apr-2026,449.36,450.60,450.60,440.00,442.70,442.48,444.86,"1,64,249","7,30,67,488.58","16,447","1,17,600",71.60
EMBASSY,RR,17-Apr-2026,442.48,444.98,444.98,437.00,439.98,439.81,440.60,"2,38,118","10,49,14,394.27","18,740","1,87,924",78.92
EMBASSY,RR,20-Apr-2026,439.81,439.81,441.01,428.45,429.40,429.91,430.48,"6,22,669","26,80,44,494.37","36,502","5,30,497",85.20
EMBASSY,RR,21-Apr-2026,429.91,429.77,433.00,429.41,431.10,431.89,431.62,"3,84,757","16,60,69,881.43","26,126","3,25,925",84.71
EMBASSY,RR,22-Apr-2026,431.89,432.85,433.80,426.01,426.40,426.40,427.75,"3,39,890","14,53,86,587.70","21,472","2,56,856",75.57
EMBASSY,RR,23-Apr-2026,426.40,426.40,428.80,426.00,427.38,426.98,426.95,"7,54,375","32,20,77,460.92","16,740","6,99,826",92.77
EMBASSY,RR,24-Apr-2026,426.98,428.40,433.97,426.00,432.98,432.97,430.40,"2,37,492","10,22,17,395.16","7,614","1,82,030",76.65
EMBASSY,RR,27-Apr-2026,432.97,435.70,436.96,431.05,432.01,433.45,434.25,"4,22,418","18,34,35,686.59","19,298","3,59,010",84.99
EMBASSY,RR,28-Apr-2026,433.45,432.00,435.00,425.10,426.00,426.89,426.25,"67,02,318","2,85,68,56,630.76","17,935","58,97,057",87.99
EMBASSY,RR,29-Apr-2026,426.89,427.99,434.74,425.80,427.50,427.09,426.61,"24,28,064","1,03,58,30,901.07","8,163","20,22,647",83.30
EMBASSY,RR,30-Apr-2026,427.09,423.00,426.48,422.00,423.67,424.76,424.17,"4,91,485","20,84,73,838.26","14,176","3,95,755",80.52
EMBASSY,RR,04-May-2026,424.76,427.00,427.00,419.05,419.90,420.14,422.81,"8,24,077","34,84,30,879.02","28,218","7,47,561",90.71
EMBASSY,RR,05-May-2026,420.14,419.90,424.50,419.51,423.00,423.29,423.00,"3,46,616","14,66,16,875.09","8,436","2,70,178",77.95
EMBASSY,RR,06-May-2026,423.29,423.75,424.44,419.50,420.50,420.56,421.19,"3,78,039","15,92,28,092.45","14,612","2,70,991",71.68
EMBASSY,RR,07-May-2026,420.56,420.56,423.18,420.56,421.47,421.11,421.16,"5,89,796","24,83,99,354.53","25,050","5,05,917",85.78
EMBASSY,RR,08-May-2026,421.11,423.40,423.40,418.21,422.00,421.52,421.73,"7,73,641","32,62,65,398.11","17,133","6,93,150",89.60
EMBASSY,RR,11-May-2026,421.52,422.85,422.88,418.76,421.93,421.06,420.76,"4,87,073","20,49,40,120.11","13,622","4,47,497",91.87
EMBASSY,BL,12-May-2026,299.34,421.00,421.00,421.00,421.00,421.00,421.00,"2,68,91,249","11,32,12,15,829.00",4,-,-
EMBASSY,RR,12-May-2026,421.06,421.95,422.74,420.35,422.00,422.35,421.73,"1,69,763","7,15,94,935.19","6,335","1,37,584",81.04
EMBASSY,RR,13-May-2026,422.35,423.67,423.89,420.00,422.46,421.74,421.60,"2,85,293","12,02,79,898.98","10,226","2,24,626",78.74
EMBASSY,BL,14-May-2026,421.00,421.00,421.00,421.00,421.00,421.00,421.00,"1,94,26,614","8,17,86,04,494.00",1,-,-
EMBASSY,RR,14-May-2026,421.74,422.95,426.50,421.81,424.45,425.28,424.49,"5,83,405","24,76,47,846.72","6,148","5,21,489",89.39
EMBASSY,RR,15-May-2026,425.28,425.00,426.55,420.11,421.99,421.09,422.86,"2,63,896","11,15,91,522.12","10,985","2,06,549",78.27
EMBASSY,RR,18-May-2026,421.09,422.00,425.99,418.10,424.02,422.22,421.43,"4,11,067","17,32,37,882.86","14,004","3,42,252",83.26
EMBASSY,RR,19-May-2026,422.22,424.59,433.50,422.66,433.49,430.15,426.26,"4,57,278","19,49,20,802.62","12,163","3,76,688",82.38
EMBASSY,RR,20-May-2026,430.15,429.01,436.02,428.00,432.68,434.45,433.78,"2,23,802","9,70,80,129.36","8,345","1,72,679",77.16
EMBASSY,RR,21-May-2026,434.45,434.79,438.35,429.50,435.52,434.33,434.73,"2,31,669","10,07,13,050.57","13,615","1,60,529",69.29
EMBASSY,RR,22-May-2026,434.33,435.90,437.67,427.02,428.04,429.88,432.54,"2,53,446","10,96,25,833.52","16,465","1,85,810",73.31
EMBASSY,RR,25-May-2026,429.88,429.95,435.86,427.89,431.40,430.74,432.91,"3,76,530","16,30,02,861.75","9,982","3,19,566",84.87
EMBASSY,RR,26-May-2026,430.74,430.74,433.98,426.90,433.50,433.43,430.16,"3,87,493","16,66,84,123.09","11,443","2,97,480",76.77
EMBASSY,RR,27-May-2026,433.43,433.43,438.00,432.83,437.00,436.52,435.39,"4,81,260","20,95,37,255.59","15,343","4,17,715",86.80
EMBASSY,RR,29-May-2026,436.52,438.95,439.40,425.10,427.84,427.17,429.54,"14,02,851","60,25,74,147.24","26,185","9,85,446",70.25
EMBASSY,RR,01-Jun-2026,427.17,428.70,438.43,428.01,438.34,437.49,435.41,"5,38,041","23,42,67,883.78","14,284","4,94,943",91.99
EMBASSY,RR,02-Jun-2026,437.49,438.90,438.90,434.00,434.84,435.21,435.33,"4,00,652","17,44,14,456.65","9,029","3,51,538",87.74
EMBASSY,RR,03-Jun-2026,435.21,434.95,434.95,430.02,432.00,431.94,432.20,"2,53,181","10,94,25,361.74","17,526","2,16,656",85.57
EMBASSY,RR,04-Jun-2026,431.94,432.00,432.25,428.07,428.50,428.48,429.10,"4,16,341","17,86,53,362.21","17,173","3,78,983",91.03
EMBASSY,RR,05-Jun-2026,428.48,429.60,432.74,427.00,428.50,428.20,429.48,"2,07,621","8,91,68,303.86","7,472","1,59,058",76.61
EMBASSY,RR,08-Jun-2026,428.20,428.83,428.83,426.00,426.10,426.11,427.65,"4,88,110","20,87,41,728.26","11,680","4,51,909",92.58
EMBASSY,RR,09-Jun-2026,426.11,427.50,430.50,426.26,429.99,429.94,429.35,"2,25,588","9,68,55,817.26","8,042","1,97,853",87.71
EMBASSY,RR,10-Jun-2026,429.94,429.99,432.80,427.39,430.00,429.53,430.27,"10,01,798","43,10,47,844.64","6,158","9,85,661",98.39
EMBASSY,RR,11-Jun-2026,429.53,430.90,433.80,428.33,433.13,431.59,431.39,"2,08,640","9,00,04,831.78","10,266","1,66,580",79.84
EMBASSY,RR,12-Jun-2026,431.59,432.90,433.39,428.20,428.85,429.10,429.44,"1,86,325","8,00,14,699.40","5,790","1,53,037",82.13
EMBASSY,RR,15-Jun-2026,429.10,430.70,432.70,429.00,429.90,429.97,430.23,"4,24,317","18,25,55,495.01","19,055","3,71,536",87.56
EMBASSY,RR,16-Jun-2026,429.97,430.45,430.45,428.51,429.90,429.84,429.65,"2,19,510","9,43,12,592.43","9,137","2,01,644",91.86
EMBASSY,RR,17-Jun-2026,429.84,429.85,431.46,428.21,429.00,428.97,429.37,"1,84,244","7,91,09,520.96","6,844","1,53,091",83.09
EMBASSY,RR,18-Jun-2026,428.97,428.97,431.01,428.56,429.89,429.89,429.59,"5,94,298","25,53,04,561.21","16,081","5,57,100",93.74
EMBASSY,RR,19-Jun-2026,429.89,430.78,431.30,424.71,426.24,425.83,427.58,"4,48,679","19,18,46,632.69","17,058","3,79,617",84.61
EMBASSY,RR,22-Jun-2026,425.83,427.49,427.49,423.21,425.85,426.30,424.69,"8,26,716","35,10,96,643.25","11,204","7,90,771",95.65
EMBASSY,RR,23-Jun-2026,426.30,427.00,430.20,425.02,429.00,428.99,428.26,"3,85,559","16,51,19,661.40","12,348","3,31,694",86.03
EMBASSY,RR,24-Jun-2026,428.99,430.50,430.50,426.20,428.80,428.50,428.37,"3,86,967","16,57,65,417.46","8,562","3,42,040",88.39
EMBASSY,RR,25-Jun-2026,428.50,427.20,430.97,426.59,428.33,428.26,428.79,"10,54,662","45,22,24,776.95","12,284","9,50,573",90.13
EMBASSY,RR,29-Jun-2026,428.26,429.68,438.00,428.41,435.50,432.28,433.67,"5,33,421","23,13,27,185.33","12,493","4,27,633",80.17
EMBASSY,RR,30-Jun-2026,432.28,433.99,445.00,432.28,439.00,438.04,441.27,"6,06,051","26,74,30,478.68","12,636","5,09,661",84.10
EMBASSY,RR,01-Jul-2026,438.04,440.35,444.95,438.04,444.00,444.28,443.40,"4,07,533","18,07,00,777.19","16,284","3,33,779",81.90
EMBASSY,RR,02-Jul-2026,444.28,446.35,449.00,440.00,447.99,447.50,445.61,"6,56,087","29,23,57,991.15","14,446","5,83,950",89.00
EMBASSY,RR,03-Jul-2026,447.50,448.90,448.90,445.96,446.90,446.87,447.52,"4,11,234","18,40,36,541.06","13,090","3,63,267",88.34
EMBASSY,RR,06-Jul-2026,446.87,448.45,449.00,446.87,448.36,448.34,448.36,"6,03,373","27,05,30,728.70","10,308","5,57,794",92.45
EMBASSY,RR,07-Jul-2026,448.34,449.95,449.95,446.20,448.35,448.21,448.32,"3,20,428","14,36,53,142.12","12,077","2,73,710",85.42
EMBASSY,RR,08-Jul-2026,448.21,448.99,452.00,448.36,448.98,449.16,449.57,"7,06,993","31,78,41,387.95","10,972","6,44,793",91.20
EMBASSY,RR,09-Jul-2026,449.16,450.40,452.00,441.31,444.31,443.69,447.66,"4,30,243","19,26,00,477.35","20,839","3,45,123",80.22
EMBASSY,RR,10-Jul-2026,443.69,446.45,451.69,445.00,450.00,450.03,449.47,"6,06,686","27,26,87,920.07","12,577","5,59,224",92.18
EMBASSY,RR,13-Jul-2026,450.03,450.00,450.00,441.51,444.80,443.45,445.32,"3,95,980","17,63,39,490.20","18,601","2,87,244",72.54
EMBASSY,RR,14-Jul-2026,443.45,444.40,447.90,441.01,442.36,442.81,443.54,"2,09,903","9,31,01,323.28","17,179","1,59,457",75.97
EMBASSY,RR,15-Jul-2026,442.81,441.50,444.98,440.10,443.31,443.88,441.93,"2,00,917","8,87,91,338.25","22,119","1,34,799",67.09
EMBASSY,RR,16-Jul-2026,443.88,443.00,448.00,440.50,447.99,447.20,443.59,"2,84,885","12,63,72,065.22","10,534","2,27,827",79.97
