Date,Open Price,High Price,Low Price,Close Price,WAP,No.of Shares,No. of Trades,Total Turnover (Rs.),Deliverable Quantity,% Deli. Qty to Traded Qty,Spread High-Low,Spread Close-Open
16-July-2026,441.55,448.00,440.19,447.23,443.857159933062395409,8366,571,3713309.00,5082,60.75,7.81,5.68
15-July-2026,439.40,444.50,439.40,444.06,442.011235955056179775,8544,1086,3776544.00,6237,73.00,5.10,4.66
14-July-2026,445.00,447.70,441.00,443.11,443.996205357142857142,8960,884,3978206.00,6090,67.97,6.70,-1.89
13-July-2026,448.30,449.97,441.43,443.52,445.765623253214086081,17890,1255,7974747.00,13360,74.68,8.54,-4.78
10-July-2026,448.30,451.95,446.75,450.10,449.445101792239429267,17241,501,7748883.00,12501,72.51,5.20,1.80
9-July-2026,450.90,452.10,442.00,443.44,447.962930011862396204,13488,671,6042124.00,9622,71.34,10.10,-7.46
8-July-2026,449.99,452.00,448.27,448.97,449.713050193050193050,19425,567,8735676.00,16544,85.17,3.73,-1.02
7-July-2026,450.00,450.00,445.96,448.41,448.114615987460815047,15312,703,6861531.00,11536,75.34,4.04,-1.59
6-July-2026,448.00,449.19,446.90,448.64,448.401531061581193686,14761,776,6618855.00,11129,75.39,2.29,0.64
3-July-2026,449.94,449.94,446.00,447.08,447.143792527923995378,7789,447,3482803.00,5329,68.42,3.94,-2.86
2-July-2026,447.80,449.00,440.00,447.28,443.179327557519077399,34858,736,15448345.00,30497,87.49,9.00,-0.52
1-July-2026,437.10,444.94,437.10,443.87,443.034302108020456529,16034,565,7103612.00,11201,69.86,7.84,6.77
30-June-2026,433.10,444.90,433.00,438.21,441.522756372948434408,17182,831,7586244.00,11170,65.01,11.90,5.11
29-June-2026,428.35,437.10,428.35,433.54,434.131639580965254523,32551,853,14131419.00,26161,80.37,8.75,5.19
25-June-2026,429.00,432.22,426.63,428.70,428.947266544598482866,19115,434,8199327.00,15713,82.20,5.59,-0.30
24-June-2026,431.00,431.00,426.12,428.38,428.693075483468496568,8015,331,3435975.00,6458,80.57,4.88,-2.62
23-June-2026,426.35,429.95,425.11,429.05,427.507939978254122249,512281,581,219004195.00,509307,99.42,4.84,2.70
22-June-2026,427.40,427.40,423.80,426.58,425.681088878231875630,264823,914,112730143.00,263520,99.51,3.60,-0.82
19-June-2026,430.95,430.95,424.52,425.68,428.494788970394319147,102379,539,43868868.00,98707,96.41,6.43,-5.27
18-June-2026,428.10,430.30,428.10,429.89,429.503294231078258074,6223,331,2672799.00,5209,83.71,2.20,1.79
17-June-2026,429.12,430.68,428.23,429.23,429.316801292407108239,6190,439,2657471.00,4001,64.64,2.45,0.11
16-June-2026,429.90,430.52,428.01,429.90,429.393939393939393939,7260,290,3117400.00,5961,82.11,2.51,0.00
15-June-2026,429.49,432.88,429.19,430.00,430.199321218977586084,14143,892,6084309.00,10421,73.68,3.69,0.51
12-June-2026,433.97,433.97,428.23,429.49,429.878018055847155154,4763,252,2047509.00,4261,89.46,5.74,-4.48
11-June-2026,432.00,434.56,428.50,431.38,431.889634601043997017,5364,332,2316656.00,3714,69.24,6.06,-0.62
10-June-2026,430.95,430.95,428.00,429.51,429.981927017382295383,8687,414,3735253.00,7829,90.12,2.95,-1.44
9-June-2026,427.06,430.96,427.00,429.93,427.424380780358904888,119586,501,51113972.00,116336,97.28,3.96,2.87
8-June-2026,428.21,428.92,425.40,426.51,427.227897687515757924,1764985,729,754050831.00,1760770,99.76,3.52,-1.70
5-June-2026,428.62,432.75,427.30,428.43,429.605215827338129496,6672,729,2866326.00,5284,79.20,5.45,-0.19
4-June-2026,431.87,432.37,427.75,428.52,430.129425649095200629,10168,705,4373556.00,9313,91.59,4.62,-3.35
3-June-2026,435.00,435.00,430.79,432.10,433.190436819622433512,7257,429,3143663.00,4870,67.11,4.21,-2.90
2-June-2026,428.50,438.99,428.50,435.12,434.377606398171950871,7002,454,3041512.00,4212,60.15,10.49,6.62
1-June-2026,428.70,438.78,428.34,437.53,435.702746365105008077,17951,781,7821300.00,14678,81.77,10.44,8.83
29-May-2026,434.60,440.24,425.18,427.62,433.201658978374031909,23629,1116,10236122.00,16265,68.83,15.06,-6.98
27-May-2026,432.30,437.64,432.30,436.56,435.370825381679389312,8384,279,3650149.00,6240,74.43,5.34,4.26
26-May-2026,428.80,433.70,427.20,432.91,429.558426824656498172,15866,585,6815374.00,13555,85.43,6.50,4.11
25-May-2026,430.00,435.85,428.34,430.76,433.041616766467065868,13360,870,5785436.00,11019,82.48,7.51,0.76
22-May-2026,434.30,437.50,427.01,430.35,434.667816151114313654,19429,1277,8445161.00,14061,72.37,10.49,-3.95
21-May-2026,432.80,437.98,429.58,435.32,433.997782705099778270,11726,912,5089058.00,8627,73.57,8.40,2.52
20-May-2026,426.00,436.00,426.00,434.49,433.190326067375247703,11102,723,4809279.00,7303,65.78,10.00,8.49
19-May-2026,423.03,433.67,422.70,430.44,426.411304870715574263,13304,765,5672976.00,10033,75.41,10.97,7.41
18-May-2026,422.90,425.36,418.17,423.03,420.866985490800032422,12337,742,5192236.00,9563,77.51,7.19,0.13
15-May-2026,424.15,427.20,420.00,420.93,423.448717948717948717,10530,793,4458915.00,7637,72.53,7.20,-3.22
14-May-2026,423.80,426.33,421.72,425.31,423.700940128649183572,10105,411,4281498.00,7764,76.83,4.61,1.51
13-May-2026,424.40,424.40,420.23,421.86,421.806340238543628374,6372,400,2687750.00,5392,84.62,4.17,-2.54
12-May-2026,420.70,422.68,420.21,422.29,421.768831661868455186,31609,1931,13331691.00,29094,92.04,2.47,1.59
11-May-2026,422.00,423.26,418.35,421.17,420.784911973233490002,12553,1105,5282113.00,8610,68.59,4.91,-0.83
8-May-2026,420.00,422.83,419.00,421.54,421.347901092581943645,12173,1051,5129068.00,10473,86.03,3.83,1.54
7-May-2026,420.70,422.99,420.25,421.39,421.324461628377467068,22243,1851,9371520.00,19138,86.04,2.74,0.69
6-May-2026,424.98,424.98,419.50,420.76,421.537176137600696712,18372,1270,7744481.00,14815,80.64,5.48,-4.22
5-May-2026,421.85,424.82,420.89,423.27,423.095856068426485769,6781,589,2869013.00,4816,71.02,3.93,1.42
4-May-2026,428.00,428.00,419.10,420.04,424.244618981953354517,16679,1087,7075976.00,14477,86.80,8.90,-7.96
30-April-2026,421.70,426.86,421.70,424.66,424.102728623531000945,14806,1027,6279265.00,12909,87.19,5.16,2.96
29-April-2026,428.00,434.73,426.19,427.33,430.597217431298148786,17394,896,7489808.00,13026,74.89,8.54,-0.67
28-April-2026,432.00,438.04,425.25,427.27,428.800795482587931309,68889,994,29539658.00,34785,50.49,12.79,-4.73
27-April-2026,433.06,436.81,431.51,432.80,435.618192562680439024,162451,768,70766611.00,160033,98.51,5.30,-0.26
24-April-2026,428.49,433.62,424.62,433.06,426.507044296492460458,482589,846,205827608.00,478325,99.12,9.00,4.57
23-April-2026,425.01,428.95,425.01,427.02,427.031651316642884939,7709,495,3291987.00,6533,84.75,3.94,2.01
22-April-2026,433.69,433.79,426.00,426.77,428.640688142246853712,8661,955,3712457.00,7084,81.79,7.79,-6.92
21-April-2026,430.03,432.78,429.58,431.78,431.512762608636145897,14613,1116,6305696.00,10187,69.71,3.20,1.75
20-April-2026,440.00,440.00,429.00,430.03,430.842997701970058677,134463,1251,57932442.00,132802,98.76,11.00,-9.97
17-April-2026,444.90,444.90,437.50,439.40,441.222615153390504818,11311,570,4990669.00,8385,74.13,7.40,-5.50
16-April-2026,449.33,450.19,440.60,442.22,445.958049886621315192,7938,480,3540015.00,6357,80.08,9.59,-7.11
15-April-2026,447.30,450.51,445.07,449.33,447.915621613252825514,6459,418,2893087.00,4965,76.87,5.44,2.03
13-April-2026,451.87,451.87,445.49,447.30,448.692772818888568960,13892,1254,6233240.00,9250,66.58,6.38,-4.57
10-April-2026,443.99,448.03,441.22,447.25,444.877841706427168116,14252,1009,6340399.00,10474,73.49,6.81,3.26
9-April-2026,438.00,443.96,437.28,440.00,441.219254433586681143,13815,952,6095444.00,9054,65.54,6.68,2.00
8-April-2026,431.52,439.79,431.52,437.94,435.865785277020422861,19439,922,8472795.00,15708,80.81,8.27,6.42
7-April-2026,429.90,430.47,425.00,429.87,428.204778398246978157,14147,583,6057813.00,11409,80.65,5.47,-0.03
6-April-2026,430.80,432.56,427.56,429.09,430.627676104972375690,11584,1169,4988391.00,9058,78.19,5.00,-1.71
2-April-2026,416.30,434.55,416.30,429.92,429.306649024148197155,27207,1487,11680146.00,21752,79.95,18.25,13.62
1-April-2026,423.70,423.70,417.35,421.43,420.669910727352553783,13666,1320,5748875.00,9767,71.47,6.35,-2.27
30-March-2026,425.20,425.21,418.00,420.15,420.837333111508547186,24043,1201,10118192.00,17527,72.90,7.21,-5.05
27-March-2026,430.00,430.55,422.60,427.95,428.273637054308244478,38171,1073,16347633.00,33137,86.81,7.95,-2.05
25-March-2026,423.70,434.00,423.69,430.61,428.750993377483443708,6795,394,2913363.00,3948,58.10,10.31,6.91
24-March-2026,418.00,423.42,415.00,422.67,417.376571603802514566,9783,598,4083195.00,5741,58.68,8.42,4.67
23-March-2026,414.50,421.00,409.97,418.04,413.893480632842334969,14664,669,6069334.00,11055,75.39,11.03,3.54
20-March-2026,418.95,422.15,414.50,416.47,417.240831863336737535,10771,504,4494101.00,7345,68.19,7.65,-2.48
19-March-2026,416.50,423.30,414.49,418.73,418.442540652624686238,9163,715,3834189.00,4860,53.04,8.81,2.23
18-March-2026,423.70,429.00,418.63,420.12,426.947019663440793934,32446,686,13852723.00,29343,90.44,10.37,-3.58
17-March-2026,424.00,427.21,421.30,422.23,423.545965865011636927,5156,467,2183803.00,3067,59.48,5.91,-1.77
16-March-2026,427.40,434.86,421.33,422.70,428.146466282308738744,30874,1085,13218594.00,12443,40.30,13.53,-4.70
13-March-2026,434.16,434.16,422.50,424.61,424.128190292510446801,15555,744,6597314.00,11351,72.97,11.66,-9.55
12-March-2026,419.01,441.89,415.25,434.16,423.910523431077007399,7298,534,3093699.00,5320,72.90,26.64,15.15
11-March-2026,421.80,425.60,418.82,421.53,420.103617390190453969,218583,1114,91827509.00,212499,97.22,6.78,-0.27
10-March-2026,425.00,426.30,418.10,421.01,423.140639269406392694,17520,774,7413424.00,11544,65.89,8.20,-3.99
9-March-2026,430.00,430.00,421.94,423.90,425.275265052037739519,20562,1363,8744510.00,11819,57.48,8.06,-6.10
6-March-2026,420.70,439.44,420.70,434.14,432.187452691571307716,22459,1079,9706498.00,13687,60.94,18.74,13.44
5-March-2026,415.00,422.20,410.68,420.70,417.292285601109130520,20196,734,8427635.00,13118,64.95,11.52,5.70
4-March-2026,426.00,426.00,411.39,414.30,420.352958005021703558,5522827,1397,2321536666.00,5508214,99.74,14.61,-11.70
2-March-2026,417.00,427.50,417.00,425.43,422.676180435273740492,13279,779,5612717.00,10046,75.65,10.50,8.43
27-February-2026,427.45,431.72,421.06,425.64,426.706068640447783178,27156,924,11587630.00,24525,90.31,10.66,-1.81
26-February-2026,426.50,430.65,423.01,427.63,425.667543859649122807,7980,443,3396827.00,5677,71.14,7.64,1.13
25-February-2026,419.80,428.57,419.80,426.59,424.971826566870794586,529080,1069,224844094.00,512533,96.87,8.77,6.79
24-February-2026,432.70,435.86,416.90,422.79,426.122311644614195425,21993,783,9371708.00,18027,81.97,18.96,-9.91
23-February-2026,433.49,437.26,432.73,434.33,434.723140495867768595,13068,455,5680962.00,8748,66.94,4.53,0.84
20-February-2026,435.99,435.99,431.33,433.58,433.887904654533741343,6209,485,2694010.00,4451,71.69,4.66,-2.41
19-February-2026,439.40,441.10,433.00,435.68,437.376342857142857142,8750,900,3827043.00,6596,75.38,8.10,-3.72
18-February-2026,444.01,444.02,436.00,437.20,439.321327427202091351,13771,976,6049894.00,10461,75.96,8.02,-6.81
17-February-2026,446.00,447.75,442.45,446.58,445.794719960523069331,4053,471,1806806.00,2694,66.47,5.30,0.58
16-February-2026,441.70,446.99,439.76,444.73,443.827740092823991431,5602,467,2486323.00,3777,67.42,7.23,3.03
13-February-2026,446.50,446.50,437.66,440.24,441.420479952302876732,13418,778,5922980.00,8901,66.34,8.84,-6.26
12-February-2026,457.00,457.01,446.69,447.88,451.102856419025904110,15789,903,7122463.00,12159,77.01,10.32,-9.12
11-February-2026,457.00,461.99,451.51,460.65,458.409189658918096893,9206,609,4220115.00,6527,70.90,10.48,3.65
10-February-2026,454.69,460.00,453.23,459.61,457.767310597026790682,12579,404,5758255.00,9070,72.10,6.77,4.92
9-February-2026,449.40,454.00,446.00,452.59,450.579948344681850199,17036,657,7676080.00,11848,69.55,8.00,3.19
6-February-2026,440.25,443.01,438.06,441.47,440.384473897754936434,18485,1743,8140507.00,14388,77.84,4.95,1.22
5-February-2026,437.00,440.28,437.00,440.07,439.320051208193310929,6249,465,2745311.00,4116,65.87,3.28,3.07
4-February-2026,431.00,439.68,429.40,438.42,434.973919228641428910,12653,658,5503725.00,9702,76.68,10.28,7.42
3-February-2026,439.50,439.50,429.01,433.32,435.002233929710753826,1760127,1164,765659177.00,1758070,99.88,10.49,-6.18
2-February-2026,440.00,440.00,432.00,436.37,435.103708310658477804,12863,626,5596739.00,7083,55.06,8.00,-3.63
1-February-2026,432.25,440.35,432.25,439.58,437.857494866529774127,4870,539,2132366.00,3275,67.25,8.10,7.33
30-January-2026,436.60,438.62,431.50,434.93,434.882267290691627665,9615,816,4181393.00,6411,66.68,7.12,-1.67
29-January-2026,433.00,439.11,430.59,437.22,434.903898956617243272,9105,666,3959800.00,4818,52.92,8.52,4.22
28-January-2026,432.25,432.25,428.41,430.57,430.282017378163959199,5294,401,2277913.00,3748,70.80,3.84,-1.68
27-January-2026,435.25,435.47,429.35,429.71,430.909652553420620075,17643,979,7602539.00,13590,77.03,6.12,-5.54
23-January-2026,438.00,438.00,434.28,435.77,435.852087756546355272,4239,351,1847577.00,2896,68.32,3.72,-2.23
22-January-2026,438.00,439.68,435.69,436.08,438.190476190476190476,3402,290,1490724.00,2389,70.22,3.99,-1.92
21-January-2026,437.55,439.57,434.60,437.05,437.185851746258018531,5612,423,2453487.00,3784,67.43,4.97,-0.50
20-January-2026,435.30,441.72,435.30,439.47,439.020783373301358912,6255,483,2746075.00,4168,66.63,6.42,4.17
19-January-2026,450.85,450.85,435.50,436.20,440.622256383978136476,11709,868,5159246.00,8007,68.38,15.35,-14.65
16-January-2026,439.01,450.86,437.38,448.99,443.845832576720537497,11014,546,4888518.00,6932,62.94,13.48,9.98
14-January-2026,440.75,444.07,436.00,438.99,439.488017647648651358,9973,551,4383014.00,7287,73.07,8.07,-1.76
13-January-2026,437.40,444.00,436.99,440.83,439.892907204934118306,10701,609,4707294.00,7989,74.66,7.01,3.43
12-January-2026,436.30,440.00,435.37,436.44,437.560416838971135555,12091,507,5290543.00,10032,82.97,4.63,0.14
9-January-2026,434.50,439.49,433.16,435.62,436.000902527075812274,6648,479,2898534.00,5229,78.66,6.33,1.12
8-January-2026,447.00,447.00,434.11,435.52,442.555101077637064422,12713,575,5626203.00,6932,54.53,12.89,-11.48
7-January-2026,441.00,445.77,440.91,444.53,443.829608938547486033,6086,370,2701147.00,4536,74.53,4.86,3.53
6-January-2026,434.30,441.25,431.33,438.25,438.802400165528657148,9666,620,4241464.00,7625,78.88,9.92,3.95
5-January-2026,442.80,442.80,431.25,433.77,438.967081754195993502,9235,736,4053861.00,5526,59.84,11.55,-9.03
2-January-2026,437.00,440.89,435.69,438.59,438.277938144329896907,7275,596,3188472.00,5560,76.43,5.20,1.59
1-January-2026,435.01,437.32,431.33,435.91,434.887557077625570776,8760,400,3809615.00,4663,53.23,5.99,0.90
31-December-2025,421.55,437.99,421.55,435.52,430.527288280581693755,5845,492,2516432.00,3525,60.31,16.44,13.97
30-December-2025,425.10,428.10,422.89,424.38,424.763018867924528301,5300,416,2251244.00,3292,62.11,5.21,-0.72
29-December-2025,432.00,433.00,421.42,424.66,425.455560183256976259,12005,1091,5107594.00,8306,69.19,11.58,-7.34
26-December-2025,425.10,430.68,425.10,429.60,428.484018880647336480,7415,544,3177209.00,5920,79.84,5.58,4.50
24-December-2025,428.29,431.01,422.70,425.59,427.512462318947136239,13601,705,5814597.00,10509,77.27,8.31,-2.70
23-December-2025,427.00,429.40,426.70,426.91,427.288988694440142481,6457,458,2759005.00,5142,79.63,2.70,-0.09
22-December-2025,428.10,429.50,425.25,428.11,427.170647321428571428,8960,862,3827449.00,6220,69.42,4.25,0.01
19-December-2025,429.80,433.00,425.75,429.01,428.927779643936849177,5954,464,2553836.00,3321,55.78,7.25,-0.79
18-December-2025,433.40,433.40,425.00,428.26,428.237173053079057684,16937,1126,7253053.00,12501,73.81,8.40,-5.14
17-December-2025,445.00,446.00,431.01,432.69,436.391182862465072958,9663,850,4216848.00,7361,76.18,14.99,-12.31
16-December-2025,443.10,445.50,436.10,443.58,440.950321858382311782,7146,742,3151031.00,4710,65.91,9.40,0.48
15-December-2025,442.55,444.00,435.84,438.30,440.078455327738234356,18826,1071,8284917.00,11485,61.01,8.16,-4.25
12-December-2025,443.40,443.49,440.00,442.00,442.310189723776022144,485548,379,214762828.00,483527,99.58,3.49,-1.40
11-December-2025,435.36,440.24,431.50,439.74,434.828188701223063482,10302,663,4479600.00,6751,65.53,8.74,4.38
10-December-2025,431.37,441.96,431.29,435.36,437.201565961662836619,72671,1310,31771875.00,64367,88.57,10.67,3.99
9-December-2025,439.00,439.00,428.96,430.02,430.411927662091076041,32127,1795,13827844.00,26793,83.40,10.04,-8.98
8-December-2025,442.00,447.70,438.00,439.42,442.049456308135726450,15266,1160,6748327.00,11860,77.69,9.70,-2.58
5-December-2025,447.30,449.77,438.19,440.38,444.475817694369973190,18650,1206,8289474.00,13099,70.24,11.58,-6.92
4-December-2025,451.00,451.06,445.00,447.75,448.720271062748419886,15347,1100,6886510.00,10121,65.95,6.06,-3.25
3-December-2025,438.50,454.00,437.79,450.24,444.944140446876424988,26316,1079,11709150.00,20497,77.89,16.21,11.74
2-December-2025,429.20,439.68,429.20,438.10,437.272348309402501157,15113,603,6608497.00,10505,69.51,10.48,8.90
1-December-2025,429.10,431.62,427.00,428.85,429.154976235056891833,6943,548,2979623.00,5062,72.91,4.62,-0.25
28-November-2025,428.45,428.45,423.11,425.32,425.963126672094916831,8597,734,3662005.00,5934,69.02,5.34,-3.13
27-November-2025,426.31,429.00,422.13,426.82,424.971534301167093652,7026,478,2985850.00,5604,79.76,6.87,0.51
26-November-2025,429.75,429.75,424.00,424.86,427.287327642810242941,7615,629,3253793.00,5622,73.83,5.75,-4.89
25-November-2025,432.80,432.80,427.02,428.55,430.269058030965606902,16922,870,7281013.00,13818,81.66,5.78,-4.25
24-November-2025,433.40,436.89,427.96,433.36,432.843888664784187172,14874,1105,6438120.00,10228,68.76,8.93,-0.04
21-November-2025,432.10,434.80,425.00,432.98,430.469067405355493998,10830,650,4661980.00,8451,78.03,9.80,0.88
20-November-2025,425.25,437.00,425.25,436.22,431.860064803564196030,14814,737,6397575.00,11178,75.46,11.75,10.97
19-November-2025,426.70,426.87,420.20,424.70,422.683839948958665633,43886,1353,18549903.00,40013,91.17,6.67,-2.00
18-November-2025,417.40,429.00,416.00,423.09,419.035052039717669577,8359,511,3502714.00,5094,60.94,13.00,5.69
17-November-2025,417.20,420.00,416.00,418.13,418.604759618681846238,14581,828,6103676.00,11392,78.13,4.00,0.93
14-November-2025,421.47,428.00,415.00,415.78,418.431421035278602044,24264,1511,10152820.00,18036,74.33,13.00,-5.69
13-November-2025,424.70,424.70,417.51,421.65,420.799134660976766239,16872,1759,7099723.00,13391,79.37,7.19,-3.05
12-November-2025,427.00,427.00,420.65,423.03,424.608367451381780962,7816,1040,3318739.00,6625,84.76,6.35,-3.97
11-November-2025,426.50,428.07,418.20,423.16,422.392155022756064373,21313,1541,9002444.00,15645,73.41,9.87,-3.34
10-November-2025,425.40,432.13,422.81,428.75,427.045063145809414466,6968,862,2975650.00,4400,63.15,9.32,3.35
7-November-2025,426.00,431.99,424.00,425.79,426.494468913243879954,19526,1511,8327731.00,13782,70.58,7.99,-0.21
6-November-2025,433.00,436.00,426.60,430.00,429.934422367077672190,12733,951,5474355.00,9404,73.86,9.40,-3.00
4-November-2025,433.00,436.00,428.50,431.40,433.939407333565308982,212666,1228,92284158.00,205144,96.46,7.50,-1.60
3-November-2025,429.70,433.79,429.01,432.45,432.454635667706265948,7054,468,3050535.00,5316,75.36,4.78,2.75
31-October-2025,425.10,435.97,425.10,428.57,432.225591693388303557,32745,1802,14153227.00,25702,78.49,10.87,3.47
30-October-2025,433.70,433.70,426.05,427.17,429.096687773989283974,4106,514,1761871.00,2505,61.01,7.65,-6.53
29-October-2025,427.65,436.06,424.97,434.33,430.431270358306188925,6140,663,2642848.00,3969,64.64,11.09,6.68
28-October-2025,436.20,436.20,423.68,424.97,425.586071360427399351,26205,2223,11152483.00,18101,69.07,12.52,-11.23
27-October-2025,433.85,437.25,431.00,434.09,434.577739529546758462,13944,787,6059752.00,8122,58.25,6.25,0.24
24-October-2025,430.91,434.30,429.51,433.29,431.999723774132939628,2613803,343,1129162174.00,2612737,99.96,4.79,2.38
23-October-2025,434.80,434.80,427.01,430.91,431.010538156414658693,16891,1838,7280199.00,10433,61.77,7.79,-3.89
21-October-2025,429.97,433.84,427.28,433.00,431.208444934614778635,6347,496,2736880.00,5035,79.33,6.56,3.03
20-October-2025,421.30,432.65,420.51,429.97,427.578465799495524012,20219,799,8645209.00,17120,84.67,12.14,8.67
17-October-2025,421.00,421.36,418.94,419.72,419.940216427177576725,16911,1338,7101609.00,13915,82.28,2.42,-1.28
16-October-2025,423.50,423.95,419.99,421.01,421.586460202846529487,23959,938,10100790.00,18844,78.65,3.96,-2.49
15-October-2025,417.70,426.54,417.70,424.71,422.650248638408714184,4223,279,1784852.00,2882,68.25,8.84,7.01
14-October-2025,421.00,425.00,418.01,418.83,420.990708186840783525,7964,820,3352770.00,5425,68.12,6.99,-2.17
13-October-2025,428.68,428.68,420.63,421.74,424.413008130081300813,5535,476,2349126.00,3749,67.73,8.05,-6.94
10-October-2025,427.25,429.14,426.00,426.92,427.529853520707859320,13449,885,5749849.00,10566,78.56,3.14,-0.33
9-October-2025,427.95,428.00,418.01,426.15,423.702252981887792666,6791,610,2877362.00,3416,50.30,9.99,-1.80
8-October-2025,427.97,427.97,420.33,425.97,425.073369063019774533,5411,441,2300072.00,2738,50.60,7.64,-2.00
7-October-2025,422.90,427.99,422.18,424.03,425.833825198637911464,4405,382,1875798.00,2768,62.84,5.81,1.13
6-October-2025,429.40,429.86,417.42,420.02,422.106269294704345761,25266,988,10664937.00,18918,74.88,12.44,-9.38
3-October-2025,423.80,430.00,422.50,426.10,427.384738728541784568,10602,817,4531133.00,7043,66.43,7.50,2.30
1-October-2025,420.13,427.00,417.70,423.80,421.573635368032739639,17349,1154,7313881.00,11597,66.85,9.30,3.67
30-September-2025,415.05,423.00,415.00,422.08,419.270777670905917138,28071,1518,11769350.00,18618,66.32,8.00,7.03
29-September-2025,408.50,415.50,408.50,414.30,412.252305625114517803,16373,1195,6749807.00,9744,59.51,7.00,5.80
26-September-2025,410.00,419.95,408.00,409.75,415.245205896421272339,22997,1964,9549394.00,12987,56.47,11.95,-0.25
25-September-2025,408.50,416.00,400.28,413.13,408.559319304273137212,18628,1155,7610643.00,8436,45.29,15.72,4.63
24-September-2025,410.00,410.18,404.16,405.11,406.319676549865229110,7420,720,3014892.00,6030,81.27,6.02,-4.89
23-September-2025,411.70,411.70,405.50,409.09,408.847615926593478617,6103,439,2495197.00,3290,53.91,6.20,-2.61
22-September-2025,404.80,409.89,404.80,408.17,408.024920466595970307,5658,437,2308605.00,3458,61.12,5.09,3.37
19-September-2025,410.90,411.39,401.00,403.31,404.707166027720436449,10173,751,4117086.00,6427,63.18,10.39,-7.59
18-September-2025,409.60,412.84,408.05,410.28,410.811559912117627175,5917,385,2430772.00,4055,68.53,4.79,0.68
17-September-2025,416.80,417.39,411.28,412.70,413.565227272727272727,8800,667,3639374.00,5685,64.60,6.11,-4.10
16-September-2025,411.80,418.00,410.00,415.56,413.650331801939765186,25467,1541,10534433.00,16041,62.99,8.00,3.76
15-September-2025,403.00,412.67,401.81,409.60,407.411994149195514383,24612,1158,10027224.00,17098,69.47,10.86,6.60
12-September-2025,397.50,401.55,395.94,398.67,398.698047640108675048,15827,970,6310194.00,12452,78.68,5.61,1.17
11-September-2025,398.80,398.80,395.11,397.48,396.810266940451745379,2435,288,966233.00,1949,80.04,3.69,-1.32
10-September-2025,392.70,398.70,390.76,397.12,394.570769776516495211,19733,1351,7786065.00,15510,78.60,7.94,4.42
9-September-2025,388.10,393.00,386.15,392.58,388.883175432865076772,15305,640,5951857.00,9381,61.29,6.85,4.48
8-September-2025,392.36,393.19,385.80,388.69,388.196904919612211717,16607,1347,6446786.00,10549,63.52,7.39,-3.67
5-September-2025,388.30,393.75,385.25,392.36,389.802978027964408934,5507,616,2146645.00,3305,60.01,8.50,4.06
4-September-2025,391.00,391.70,385.25,390.82,387.577591301264625930,8461,825,3279294.00,6283,74.26,6.45,-0.18
3-September-2025,387.73,391.35,386.92,390.15,388.416572077185017026,3524,346,1368780.00,2667,75.68,4.43,2.42
2-September-2025,385.80,389.77,383.86,387.73,387.563559577677224736,16575,1076,6423866.00,12414,74.90,5.91,1.93
1-September-2025,389.00,393.50,383.00,385.89,387.200958055847645753,8559,689,3314053.00,5951,69.53,10.50,-3.11
29-August-2025,380.90,389.00,380.90,387.36,385.759978163290064296,16486,1022,6359639.00,12436,75.43,8.10,6.46
28-August-2025,382.30,385.93,377.00,381.35,380.595333869670152855,7458,557,2838480.00,4629,62.07,8.93,-0.95
26-August-2025,385.60,388.30,375.00,380.41,382.026727978157781290,6959,561,2658524.00,5467,78.56,13.30,-5.19
25-August-2025,392.86,392.86,386.00,386.63,389.440583149686387523,11798,676,4594620.00,9823,83.26,6.86,-6.23
22-August-2025,390.40,393.00,389.49,391.96,391.518878718535469107,5244,421,2053125.00,3692,70.40,3.51,1.56
21-August-2025,388.31,391.09,388.31,389.83,389.973561611926391800,8586,713,3348313.00,6954,80.99,2.78,1.52
20-August-2025,383.63,388.85,382.93,388.30,386.996486518495124550,25331,774,9803008.00,22236,87.78,5.92,4.67
19-August-2025,386.50,386.50,381.31,385.08,384.085688073394495412,5450,467,2093267.00,3219,59.06,5.19,-1.42
18-August-2025,387.80,388.32,384.15,385.17,386.887848216056904809,70574,1253,27304223.00,69016,97.79,4.17,-2.63
14-August-2025,383.00,387.00,383.00,385.75,384.813378448724622592,3842,350,1478453.00,2879,74.93,4.00,2.75
13-August-2025,386.40,388.44,383.60,383.93,384.447386679000925069,8648,638,3324701.00,7031,81.30,4.84,-2.47
12-August-2025,386.85,387.21,383.25,384.68,384.521918751434473261,8714,492,3350724.00,7056,80.97,3.96,-2.17
11-August-2025,375.50,387.98,375.50,386.83,384.286969019482593420,6262,392,2406405.00,5038,80.45,12.48,11.33
8-August-2025,386.80,386.80,381.15,381.65,383.701585915902808089,130587,887,50106439.00,125901,96.41,5.65,-5.15
7-August-2025,393.50,393.50,385.32,386.40,387.931317193905174414,12929,924,5015564.00,8841,68.38,8.18,-7.10
6-August-2025,385.84,395.75,384.00,394.00,388.787561721138020221,17012,844,6614054.00,11707,68.82,11.75,8.16
5-August-2025,383.15,386.72,382.10,385.84,384.202728254997298757,29616,1096,11378548.00,22519,76.04,4.62,2.69
4-August-2025,392.30,392.30,388.20,389.50,389.849831553293670704,13951,597,5438795.00,10993,78.80,4.10,-2.80
1-August-2025,398.10,398.10,390.95,391.88,393.119033674963396778,20490,1259,8055009.00,12771,62.33,7.15,-6.22
31-July-2025,393.00,397.90,393.00,395.87,394.857623055475936107,38377,1360,15153451.00,31093,81.02,4.90,2.87
30-July-2025,393.90,398.74,390.70,397.49,394.117460631870852728,10097,911,3979404.00,4258,42.17,8.04,3.59
29-July-2025,400.99,400.99,393.50,394.95,397.078196588765256227,25973,933,10313312.00,20821,80.16,7.49,-6.04
28-July-2025,401.00,403.99,395.30,399.99,399.740727500223433729,22378,732,8945398.00,12683,56.68,8.69,-1.01
25-July-2025,401.35,406.03,399.00,401.67,401.678703932723225327,12129,767,4871961.00,7660,63.15,7.03,0.32
24-July-2025,403.10,406.90,402.29,404.18,404.731436367179886961,10262,663,4153354.00,7936,77.33,4.61,1.08
23-July-2025,397.99,404.99,396.00,403.94,401.559440559440559440,36179,601,14528019.00,30311,83.78,8.99,5.95
22-July-2025,398.11,400.09,395.44,395.75,397.358263485923060391,9306,467,3697816.00,7568,81.32,4.65,-2.36
21-July-2025,397.90,400.50,396.75,398.31,399.072450805008944543,8944,734,3569304.00,6855,76.64,3.75,0.41
18-July-2025,389.01,397.94,389.01,396.75,393.428493185313138547,47471,1450,18676444.00,35345,74.46,8.93,7.74
17-July-2025,390.10,392.74,389.98,390.42,391.036138161898965307,13144,641,5139779.00,7593,57.77,2.76,0.32
16-July-2025,389.21,392.80,389.21,392.36,391.698249708284714119,4285,208,1678427.00,3546,82.75,3.59,3.15
15-July-2025,389.80,391.45,389.50,390.51,390.108232623355812245,14977,1061,5842651.00,13242,88.42,1.95,0.71
14-July-2025,390.35,391.20,388.00,388.58,389.204528396297222917,15988,621,6222602.00,12227,76.48,3.20,-1.77
11-July-2025,389.80,393.75,388.11,391.27,389.726534638439942332,13179,683,5136206.00,9050,68.67,5.64,1.47
10-July-2025,389.00,397.20,388.00,390.16,388.177876786260364843,18544539,3698,7198579775.00,17990343,97.01,9.20,1.16
9-July-2025,396.80,399.00,394.08,397.92,397.571148135098404389,19867,2585,7898546.00,18184,91.53,4.92,1.12
8-July-2025,393.70,398.02,389.40,396.90,393.091410479011336942,19582,973,7697516.00,16478,84.15,8.62,3.20
7-July-2025,393.00,393.75,387.44,391.67,390.406047147249743764,5854,571,2285437.00,3573,61.04,6.31,-1.33
4-July-2025,393.00,393.00,388.00,391.99,390.848073332201663554,5891,539,2302486.00,5034,85.45,5.00,-1.01
3-July-2025,392.00,393.35,390.21,391.65,391.707948794284013099,3359,154,1315747.00,2654,79.01,3.14,-0.35
2-July-2025,393.40,393.40,389.74,390.17,390.633430656934306569,13700,562,5351678.00,9328,68.09,3.66,-3.23
1-July-2025,390.99,395.10,387.50,391.48,390.660120657374661951,24035,1187,9389516.00,8151,33.91,7.60,0.49
30-June-2025,394.00,394.95,388.10,390.62,390.625182358882280327,8911,494,3480861.00,5590,62.73,6.85,-3.38
27-June-2025,394.00,396.45,388.38,393.96,393.290486860867793848,4909,362,1930663.00,2349,47.85,8.07,-0.04
26-June-2025,392.00,395.23,385.00,393.59,388.825002235536081552,11183,681,4348230.00,6358,56.85,10.23,1.59
25-June-2025,386.21,399.00,382.22,395.61,393.019053439982992745,37631,1345,14789700.00,31026,82.45,16.78,9.40
24-June-2025,391.10,392.10,385.08,385.56,387.067019587083112758,9445,809,3655848.00,7279,77.07,7.02,-5.54
23-June-2025,385.10,394.99,384.21,391.96,389.025550615769840053,19569,705,7612841.00,13314,68.04,10.78,6.86
20-June-2025,387.11,393.10,385.28,388.67,387.919683701476931120,15302,1080,5935947.00,9433,61.65,7.82,1.56
19-June-2025,392.90,392.90,389.00,390.87,391.066840277777777777,3456,271,1351527.00,1895,54.83,3.90,-2.03
18-June-2025,393.00,395.89,390.20,391.36,393.237585616438356164,4672,404,1837206.00,3539,75.75,5.69,-1.64
17-June-2025,393.60,395.19,391.10,391.65,392.295545314900153609,13020,665,5107688.00,9931,76.27,4.09,-1.95
16-June-2025,394.60,396.03,390.65,394.06,394.088459516298633017,7608,604,2998225.00,5726,75.26,5.38,-0.54
13-June-2025,394.00,398.13,393.35,394.95,395.263235128118297776,8859,354,3501637.00,6670,75.29,4.78,0.95
12-June-2025,396.10,398.80,393.34,395.94,396.864445720850086157,17410,567,6909410.00,13703,78.71,5.46,-0.16
11-June-2025,394.92,397.95,394.46,397.00,396.792656941485002458,6101,254,2420832.00,4993,81.84,3.49,2.08
10-June-2025,395.74,397.23,394.50,394.92,395.997428479588556734,3111,207,1231948.00,2103,67.60,2.73,-0.82
9-June-2025,396.80,397.73,395.00,395.74,396.223412594721714136,3827,410,1516347.00,3103,81.08,2.73,-1.06
6-June-2025,394.00,397.25,387.55,395.12,393.877727459860024701,4858,231,1913458.00,2927,60.25,9.70,1.12
5-June-2025,387.92,396.50,386.00,394.81,392.367220593027044639,21483,1137,8429225.00,17351,80.77,10.50,6.89
4-June-2025,389.69,390.02,386.15,388.18,388.660949868073878627,4548,284,1767630.00,3593,79.00,3.87,-1.51
3-June-2025,389.70,390.21,386.35,388.78,388.698110211211688105,6297,492,2447632.00,4187,66.49,3.86,-0.92
2-June-2025,380.11,390.00,380.11,389.23,388.462666134276424619,17531,653,6810139.00,15141,86.37,9.89,9.12
30-May-2025,389.00,390.58,378.01,382.01,385.544049621530698065,9512,427,3667295.00,6714,70.58,12.57,-6.99
29-May-2025,383.99,389.50,383.20,387.78,385.690326633165829145,4776,408,1842057.00,2551,53.41,6.30,3.79
28-May-2025,381.00,385.85,381.00,383.19,383.435700128249970852,8577,495,3288728.00,6917,80.65,4.85,2.19
27-May-2025,382.10,384.00,380.86,382.17,382.108043217286914765,2499,228,954888.00,1604,64.19,3.14,0.07
26-May-2025,394.40,394.40,373.10,380.45,386.019100889273105293,6765863,2439,2611752352.00,6535329,96.59,21.30,-13.95
23-May-2025,390.88,392.28,389.00,390.38,390.208517350157728706,3170,150,1236961.00,2450,77.29,3.28,-0.50
22-May-2025,389.60,392.00,386.00,389.84,386.003447296741263164,4705136,462,1816198716.00,4702333,99.94,6.00,0.24
21-May-2025,390.00,391.30,384.99,389.43,387.248564294631710362,8010,654,3101861.00,5640,70.41,6.31,-0.57
20-May-2025,387.00,392.00,387.00,389.81,390.192215983385893392,13001,612,5072889.00,10511,80.85,5.00,2.81
19-May-2025,385.15,389.00,382.92,388.58,387.288562091503267973,3060,368,1185103.00,1764,57.65,6.08,3.43
16-May-2025,380.21,387.80,380.21,385.28,385.279522613065326633,9552,649,3680190.00,5654,59.19,7.59,5.07
15-May-2025,382.55,385.40,382.55,384.69,384.931236442516268980,4610,230,1774533.00,4412,95.70,2.85,2.14
14-May-2025,381.94,384.88,380.16,383.22,381.941943127962085308,2532,220,967077.00,1669,65.92,4.72,1.28
13-May-2025,378.60,383.80,378.60,381.30,382.255888107833901007,13799,360,5274749.00,12856,93.17,5.20,2.70
12-May-2025,384.00,384.00,378.50,379.96,380.450152346130408287,16410,1046,6243187.00,13625,83.03,5.50,-4.04
9-May-2025,376.00,384.50,374.26,382.69,379.900423088546388637,6618,426,2514181.00,3878,58.60,10.24,6.69
8-May-2025,385.99,385.99,377.83,379.48,380.932190476190476190,21000,962,7999576.00,15725,74.88,8.16,-6.51
7-May-2025,379.50,384.85,379.50,384.32,383.400086000368573008,32558,1007,12482740.00,19090,58.63,5.35,4.82
6-May-2025,379.90,383.90,379.90,381.90,382.005174847106790026,12754,795,4872094.00,9574,75.07,4.00,2.00
5-May-2025,378.80,382.14,376.68,379.90,379.840355943190523896,16969,697,6445511.00,12694,74.81,5.46,1.10
2-May-2025,381.55,381.97,374.29,377.00,379.181927339901477832,32480,795,12315829.00,18756,57.75,7.68,-4.55
30-April-2025,382.50,385.50,381.15,381.97,382.793838453572661373,11588,472,4435815.00,8937,77.12,4.35,-0.53
29-April-2025,384.25,384.25,380.25,382.14,383.164668515701887805,22354,522,8565263.00,20825,93.16,4.00,-2.11
28-April-2025,379.55,384.00,376.42,382.87,379.980882615686975165,16791,569,6380259.00,12589,74.97,7.58,3.32
25-April-2025,379.55,381.16,379.50,380.11,380.277523274715531254,6767,174,2573338.00,6040,89.26,1.66,0.56
24-April-2025,380.80,381.71,379.10,379.84,380.134273451870018393,1631,181,619999.00,1461,89.58,2.61,-0.96
23-April-2025,374.50,385.00,374.50,380.80,379.961808889577203035,32285,1083,12267067.00,22432,69.48,10.50,6.30
22-April-2025,368.55,375.22,368.50,373.67,369.034802006567098585,2876156,2338,1061401660.00,2819278,98.02,6.72,5.12
21-April-2025,369.87,371.69,368.39,370.03,369.313945910720104268,12276,571,4533698.00,7477,60.91,3.30,0.16
17-April-2025,372.50,372.50,368.85,369.26,369.770229770229770229,6006,370,2220840.00,4240,70.60,3.65,-3.24
16-April-2025,372.70,372.70,368.50,372.06,370.515715034049240440,7636,474,2829258.00,5574,73.00,4.20,-0.64
15-April-2025,372.94,374.50,368.49,371.83,371.831713381555153707,8848,407,3289967.00,5077,57.38,6.01,-1.11
11-April-2025,375.80,375.80,368.90,370.10,371.124809043690803544,6546,510,2429383.00,3359,51.31,6.90,-5.70
9-April-2025,368.70,376.00,368.25,373.82,373.816467630421118793,4773,285,1784226.00,3045,63.80,7.75,5.12
8-April-2025,375.90,378.08,366.55,368.13,370.654726636143280366,29704,685,11009928.00,26475,89.13,11.53,-7.77
7-April-2025,373.00,379.00,366.33,374.12,374.333274084607180945,45008,1386,16847992.00,31672,70.37,12.67,1.12
4-April-2025,374.00,379.00,373.53,377.90,375.695129426186996086,21209,973,7968118.00,14944,70.46,5.47,3.90
3-April-2025,372.40,377.67,369.73,374.96,373.163811025879991397,13949,407,5205262.00,9638,69.09,7.94,2.56
2-April-2025,366.60,374.00,366.00,371.84,370.151861571994128375,22481,646,8321384.00,14693,65.36,8.00,5.24
1-April-2025,361.30,373.00,361.30,367.33,368.873708828688364841,25655,1262,9463455.00,16160,62.99,11.70,6.03
28-March-2025,373.99,373.99,362.96,366.10,368.351628021706956092,8108,400,2986595.00,5690,70.18,11.03,-7.89
27-March-2025,363.00,371.00,363.00,369.15,367.777639442231075697,12048,410,4430985.00,11084,92.00,8.00,6.15
26-March-2025,364.65,364.70,363.00,363.86,363.750020714226530781,24138,630,8780198.00,21727,90.01,1.70,-0.79
25-March-2025,358.92,364.75,358.80,364.45,361.946651223001975880,14677,725,5312291.00,11178,76.16,5.95,5.53
24-March-2025,355.92,359.93,355.45,356.38,356.676315481073479432,8533,1051,3043519.00,6615,77.52,4.48,0.46
21-March-2025,364.30,364.30,355.11,355.91,358.606404290073042191,32447,923,11635702.00,28729,88.54,9.19,-8.39
20-March-2025,364.50,365.00,359.50,363.69,362.481144343302990897,7690,742,2787480.00,4586,59.64,5.50,-0.81
19-March-2025,360.60,365.00,359.00,362.72,363.136858828869723104,8812,513,3199962.00,4482,50.86,6.00,2.12
18-March-2025,365.00,366.12,357.24,362.79,360.386066935675290766,8426,1049,3036613.00,5410,64.21,8.88,-2.21
17-March-2025,370.55,373.00,358.50,365.11,365.330858330858330858,23569,1364,8610483.00,9388,39.83,14.50,-5.44
13-March-2025,369.40,369.40,361.49,367.12,367.485719978746014877,15056,564,5532865.00,11355,75.42,7.91,-2.28
12-March-2025,359.59,369.72,359.59,364.52,365.444920702957565366,9332,407,3410332.00,5400,57.87,10.13,4.93
11-March-2025,359.50,363.77,356.00,359.70,358.772687870907514836,14997,614,5380514.00,9968,66.47,7.77,0.20
10-March-2025,361.00,364.98,356.57,361.64,361.954505446143690174,18178,948,6579609.00,14159,77.89,8.41,0.64
7-March-2025,359.90,363.69,358.12,360.73,360.664482869723982386,9311,317,3358147.00,6854,73.61,5.57,0.83
6-March-2025,360.60,365.22,357.15,358.12,361.023840399002493765,10025,679,3619264.00,6881,68.64,8.07,-2.48
5-March-2025,367.00,373.98,360.33,362.04,368.872876684872475823,19957,1055,7361596.00,11394,57.09,13.65,-4.96
4-March-2025,363.00,368.92,362.10,367.26,365.069889647924330005,5709,394,2084184.00,4218,73.88,6.82,4.26
3-March-2025,364.26,365.00,360.10,363.66,362.875813017640728089,21371,778,7755019.00,16880,78.99,4.90,-0.60
28-February-2025,367.00,367.00,360.00,364.77,364.994034015018847763,33691,1832,12297014.00,30284,89.89,7.00,-2.23
27-February-2025,356.85,369.00,356.37,367.56,364.374809354346720894,39340,1388,14334505.00,35254,89.61,12.63,10.71
25-February-2025,355.55,358.22,354.76,355.48,356.326787358085302239,3259,249,1161269.00,2165,66.43,3.46,-0.07
24-February-2025,365.00,366.47,355.00,355.54,358.673554643789630734,13405,877,4808019.00,6990,52.14,11.47,-9.46
21-February-2025,360.00,363.99,355.14,363.57,361.791310417030186703,28655,906,10367130.00,21728,75.83,8.85,3.57
20-February-2025,349.01,358.51,349.01,357.53,353.948060941828254847,2888,356,1022202.00,2207,76.42,9.50,8.52
19-February-2025,359.00,359.00,342.55,352.04,351.799724205061648280,36984,1636,13010961.00,27104,73.29,16.45,-6.96
18-February-2025,358.50,359.74,355.62,357.17,357.274812077971716142,7849,518,2804250.00,6740,85.87,4.12,-1.33
17-February-2025,360.00,362.11,358.01,359.65,359.249938134125216530,8082,379,2903458.00,5754,71.20,4.10,-0.35
14-February-2025,359.00,363.50,358.00,359.55,359.275502606105733432,9401,919,3377549.00,8200,87.22,5.50,0.55
13-February-2025,360.71,363.90,358.66,360.07,359.930728241563055062,23646,535,8510922.00,20444,86.46,5.24,-0.64
12-February-2025,365.24,365.24,360.00,362.00,361.248191978961209730,9126,558,3296751.00,6953,76.19,5.24,-3.24
11-February-2025,364.00,367.18,362.90,363.96,365.102799227799227799,2072,179,756493.00,1716,82.82,4.28,-0.04
10-February-2025,365.95,367.30,362.95,365.93,364.958224543080939947,1532,201,559116.00,1053,68.73,4.35,-0.02
7-February-2025,372.00,372.00,364.04,365.39,368.860014139985860014,19802,887,7304166.00,15798,79.78,7.96,-6.61
6-February-2025,362.64,374.58,361.31,370.14,366.502054074710996465,10467,746,3836177.00,5714,54.59,13.27,7.50
5-February-2025,365.55,367.32,361.85,363.78,363.925295290688755944,6519,555,2372429.00,5547,85.09,5.47,-1.77
4-February-2025,371.00,371.00,364.00,365.30,366.536199095022624434,2652,408,972054.00,2063,77.79,7.00,-5.70
3-February-2025,372.00,372.00,366.10,370.11,369.816288088642659279,9025,650,3337592.00,7578,83.97,5.90,-1.89
1-February-2025,372.00,372.39,368.00,369.10,369.097661420797176055,6799,465,2509495.00,5604,82.42,4.39,-2.90
31-January-2025,370.50,374.19,368.00,370.38,370.974755894260538223,8398,610,3115446.00,5906,70.33,6.19,-0.12
30-January-2025,364.95,375.92,363.50,372.23,367.145414341370959250,9497,658,3486780.00,6248,65.79,12.42,7.28
29-January-2025,364.88,368.90,357.55,365.87,365.321570756424176619,5526,546,2018767.00,3574,64.68,11.35,0.99
28-January-2025,368.60,368.60,360.50,362.86,361.890428334471655771,10249,589,3709015.00,7937,77.44,8.10,-5.74
27-January-2025,362.11,366.95,361.35,365.55,362.761599344978165938,7328,791,2658317.00,4806,65.58,5.60,3.44
24-January-2025,363.00,368.00,363.00,364.96,364.488465974625144175,3468,410,1264046.00,2265,65.31,5.00,1.96
23-January-2025,362.65,365.83,360.90,362.32,362.388657648283038501,9610,466,3482555.00,8078,84.06,4.93,-0.33
22-January-2025,374.10,375.64,363.00,365.83,369.587240009347978499,21395,1027,7907319.00,17008,79.50,12.64,-8.27
21-January-2025,370.10,375.10,370.10,374.24,374.147756686798964624,4636,320,1734549.00,3219,69.43,5.00,4.14
20-January-2025,378.00,378.00,362.23,372.62,371.218894123481279444,20165,992,7485629.00,9730,48.25,15.77,-5.38
17-January-2025,372.50,379.00,372.50,376.23,376.468438538205980066,5117,522,1926389.00,3370,65.86,6.50,3.73
16-January-2025,376.45,376.99,372.08,376.05,374.344141186127642109,4873,464,1824179.00,3368,69.12,4.91,-0.40
15-January-2025,377.80,377.80,371.33,374.17,374.322805728975394785,2723,261,1019281.00,1915,70.33,6.47,-3.63
14-January-2025,371.53,377.27,366.00,375.32,373.802071346375143843,2607,281,974502.00,1797,68.93,11.27,3.79
13-January-2025,378.40,378.40,367.50,371.46,371.950995793847869051,19733,1055,7339709.00,14765,74.82,10.90,-6.94
10-January-2025,372.00,379.90,370.00,377.21,373.288272301984190998,6199,344,2314014.00,3763,60.70,9.90,5.21
9-January-2025,370.01,374.00,370.01,371.36,371.699899899899899899,4995,291,1856641.00,3517,70.41,3.99,1.35
8-January-2025,370.55,373.49,370.06,370.81,371.620778867102396514,7344,472,2729183.00,5244,71.41,3.43,0.26
7-January-2025,370.00,374.00,367.01,370.50,371.294395614781211605,10581,661,3928666.00,5044,47.67,6.99,0.50
6-January-2025,373.98,374.10,366.55,369.89,370.311196325481437781,23731,781,8787855.00,15251,64.27,7.55,-4.09
3-January-2025,372.70,377.07,370.00,370.91,373.276595744680851063,5076,327,1894752.00,3214,63.32,7.07,-1.79
2-January-2025,371.12,372.54,369.00,370.21,371.112794612794612794,1782,173,661323.00,1278,71.72,3.54,-0.91
1-January-2025,370.89,374.10,368.28,370.92,371.203649328859060402,4768,460,1769899.00,3548,74.41,5.82,0.03
31-December-2024,371.00,371.00,363.01,369.59,365.833462192670480903,6467,444,2365845.00,4769,73.74,7.99,-1.41
30-December-2024,377.00,377.00,366.00,368.49,368.562176824616427905,11797,926,4347928.00,8057,68.30,11.00,-8.51
27-December-2024,375.60,376.50,371.39,375.12,373.736677115987460815,1276,161,476888.00,925,72.49,5.11,-0.48
26-December-2024,375.80,375.80,368.11,373.87,370.952847805788982259,4284,284,1589162.00,2557,59.69,7.69,-1.93
24-December-2024,365.34,374.86,364.01,372.71,370.041056248869596672,5529,617,2045957.00,4226,76.43,10.85,7.37
23-December-2024,362.80,367.86,360.00,365.27,365.442321056289089645,11512,988,4206972.00,8146,70.76,7.86,2.47
20-December-2024,377.89,377.89,350.30,356.53,360.871475321647913211,22307,1404,8049960.00,13818,61.94,27.59,-21.36
19-December-2024,375.70,378.00,372.30,376.03,374.149611011370436864,5013,287,1875612.00,3477,69.36,5.70,0.33
18-December-2024,374.00,377.50,370.00,375.92,375.035788381742738589,3856,270,1446138.00,2789,72.33,7.50,1.92
17-December-2024,377.40,377.40,371.05,371.96,372.595392368610511159,5556,661,2070140.00,3868,69.62,6.35,-5.44
16-December-2024,374.67,377.29,374.67,375.70,376.022983870967741935,2480,214,932537.00,1607,64.80,2.62,1.03
13-December-2024,377.90,377.90,364.00,374.19,373.801428020069471246,5182,265,1937039.00,2374,45.81,13.90,-3.71
12-December-2024,371.78,374.23,370.75,371.97,372.264954486345903771,3076,315,1145087.00,1007,32.74,3.48,0.19
11-December-2024,372.00,376.79,371.00,371.78,373.556319485078993563,6836,681,2553631.00,4943,72.31,5.79,-0.22
10-December-2024,370.00,379.69,366.25,377.35,371.576460387991763303,9227,556,3428536.00,7563,81.97,13.44,7.35
9-December-2024,370.60,371.00,366.51,368.30,367.939391551071878940,12688,743,4668415.00,10481,82.61,4.49,-2.30
6-December-2024,375.77,378.74,370.00,371.54,373.438963471745238838,12812,763,4784500.00,9467,73.89,8.74,-4.23
5-December-2024,367.00,377.95,366.56,374.28,371.465762650981096493,22271,936,8272914.00,17049,76.55,11.39,7.28
4-December-2024,368.99,368.99,363.10,365.02,365.224501455106545049,409592,960,149593034.00,406659,99.28,5.89,-3.97
3-December-2024,370.00,371.00,366.07,368.16,368.413721640488656195,9168,1161,3377617.00,6848,74.69,4.93,-1.84
2-December-2024,371.55,373.22,366.16,369.86,369.297579171741778319,13136,849,4851093.00,8929,67.97,7.06,-1.69
29-November-2024,374.55,375.89,369.00,371.72,372.205907718844329452,4638,340,1726291.00,2950,63.60,6.89,-2.83
28-November-2024,376.00,376.00,369.39,372.07,371.923258003766478342,25488,934,9479580.00,19343,75.89,6.61,-3.93
27-November-2024,366.51,375.00,366.51,374.22,370.546230832797722890,10891,611,4035619.00,6492,59.61,8.49,7.71
26-November-2024,371.20,371.20,366.75,370.22,369.604237170274906123,21571,733,7972733.00,20274,93.99,4.45,-0.98
25-November-2024,372.50,375.44,365.40,368.70,368.304614300782136764,2515289,998,926392545.00,2511597,99.85,10.04,-3.80
22-November-2024,368.99,371.21,365.61,368.45,368.163464288305823398,937116,709,345011873.00,933405,99.60,5.60,-0.54
21-November-2024,379.90,379.90,367.00,368.12,368.910071942446043165,27244,1485,10050586.00,17407,63.89,12.90,-11.78
19-November-2024,379.00,379.00,375.10,376.30,376.185721676151060527,7732,642,2908668.00,5474,70.80,3.90,-2.70
18-November-2024,378.20,379.62,371.77,376.30,376.456161494426031937,3319,362,1249458.00,2601,78.37,7.85,-1.90
14-November-2024,383.99,383.99,361.76,379.97,374.659103860948853112,28076,2020,10518929.00,15369,54.74,22.23,-4.02
13-November-2024,389.40,389.40,378.50,379.25,380.595346788403011372,24972,1131,9504227.00,19883,79.62,10.90,-10.15
12-November-2024,388.90,390.37,385.29,388.66,388.447937795807978363,2958,294,1149029.00,2177,73.60,5.08,-0.24
11-November-2024,390.00,391.50,385.30,388.68,388.774652058039680189,6754,635,2625784.00,4444,65.80,6.20,-1.32
8-November-2024,390.00,393.01,385.76,389.15,389.519739634922880996,7067,572,2752736.00,3741,52.94,7.25,-0.85
7-November-2024,392.20,392.48,387.00,390.20,387.006021545674198703,3330042,562,1288746306.00,3327874,99.93,5.48,-2.00
6-November-2024,396.87,396.87,388.75,389.08,390.793076563230937158,6413,610,2506156.00,5225,81.48,8.12,-7.79
5-November-2024,401.40,401.40,392.69,394.85,395.831348490316371947,8313,746,3290546.00,4854,58.39,8.71,-6.55
4-November-2024,395.66,405.00,395.66,402.40,401.124587380929925492,31809,1861,12759372.00,27404,86.15,9.34,6.74
1-November-2024,398.30,398.30,395.55,396.02,396.822316145393068469,5915,426,2347204.00,5177,87.52,2.75,-2.28
31-October-2024,397.96,398.14,390.51,396.55,394.922985216976633285,4194,460,1656307.00,2683,63.97,7.63,-1.41
30-October-2024,396.40,397.50,390.50,393.43,392.387968792773063235,14612,933,5733573.00,9007,61.64,7.00,-2.97
29-October-2024,392.69,397.96,390.10,397.59,395.859596433599249178,10655,729,4217884.00,7763,72.86,7.86,4.90
28-October-2024,390.80,395.00,388.27,393.28,391.718893348623853211,6976,527,2732631.00,4240,60.78,6.73,2.48
25-October-2024,386.80,392.50,386.00,389.36,389.436244405121265743,9607,461,3741314.00,6598,68.68,6.50,2.56
24-October-2024,391.66,391.66,384.00,384.92,387.632579096875306102,10209,866,3957341.00,7227,70.79,7.66,-6.74
23-October-2024,392.00,392.00,385.55,389.65,388.265944287764088862,20211,1167,7847243.00,17153,84.87,6.45,-2.35
22-October-2024,393.00,394.50,387.05,391.36,392.222738882703516929,15269,2058,5988849.00,9389,61.49,7.45,-1.64
21-October-2024,392.70,393.73,389.50,392.73,391.818345323741007194,2224,223,871404.00,1572,70.68,4.23,0.03
18-October-2024,387.99,394.00,381.66,390.87,389.863599182004089979,4890,477,1906433.00,3126,63.93,12.34,2.88
17-October-2024,390.15,392.11,385.11,388.18,389.728807434176561693,19370,1089,7549047.00,13433,69.35,7.00,-1.97
16-October-2024,392.50,392.50,389.67,389.99,390.335833333333333333,7200,300,2810418.00,4621,64.18,2.83,-2.51
15-October-2024,393.00,393.00,388.00,390.19,389.905917504736918816,13722,717,5350289.00,8918,64.99,5.00,-2.81
14-October-2024,387.00,393.00,387.00,390.15,389.738307823129251700,9408,621,3666658.00,5882,62.52,6.00,3.15
11-October-2024,394.95,395.55,386.10,387.76,391.749015686519592525,16001,1001,6268376.00,7249,45.30,9.45,-7.19
10-October-2024,392.95,395.50,391.50,394.99,393.771559158330458778,11596,686,4566175.00,5776,49.81,4.00,2.04
9-October-2024,395.80,395.80,390.41,391.82,392.842119323241317898,11230,933,4411617.00,6311,56.20,5.39,-3.98
8-October-2024,395.00,398.67,390.50,394.91,394.363432053138890276,20023,967,7896339.00,14189,70.86,8.17,-0.09
7-October-2024,391.55,395.89,391.50,394.84,394.211350702239857985,19153,1234,7550330.00,16083,83.97,4.39,3.29
4-October-2024,390.60,397.98,390.27,395.06,393.574558823529411764,6800,451,2676307.00,4138,60.85,7.71,4.46
3-October-2024,386.30,395.00,386.30,392.26,393.180906301628510738,8474,466,3331815.00,5675,66.97,8.70,5.96
1-October-2024,389.01,391.61,386.00,389.94,388.573479152426520847,10241,965,3979381.00,4391,42.88,5.61,0.93
30-September-2024,390.60,393.00,385.00,389.97,388.523375199362041467,20064,1083,7795333.00,12155,60.58,8.00,-0.63
27-September-2024,396.50,398.22,387.25,389.57,390.839705805643941369,19171,1407,7492788.00,8254,43.05,10.97,-6.93
26-September-2024,394.00,398.00,392.95,396.69,395.664735029814394893,11907,498,4711180.00,8895,74.70,5.05,2.69
25-September-2024,394.90,395.69,389.73,392.90,392.754413131000309693,6458,497,2536408.00,3899,60.37,5.96,-2.00
24-September-2024,390.00,394.65,388.69,393.99,393.199280316660669305,27790,968,10927008.00,25408,91.43,5.96,3.99
23-September-2024,384.50,394.90,383.13,390.62,387.616945461744036424,30309,1344,11748282.00,13812,45.57,11.77,6.12
20-September-2024,382.40,390.70,382.05,385.28,386.605340760157273918,6104,573,2359839.00,2636,43.18,8.65,2.88
19-September-2024,379.95,390.00,378.80,388.70,384.727804244261585101,4618,427,1776673.00,3528,76.40,11.20,8.75
18-September-2024,386.00,386.40,376.01,379.61,377.976318386141870408,9121,655,3447522.00,6643,72.83,10.39,-6.39
17-September-2024,390.12,390.33,377.10,384.69,383.929009277667329357,12072,1432,4634791.00,8619,71.40,13.23,-5.43
16-September-2024,382.50,391.24,382.50,390.12,389.138903126601742696,3902,243,1518420.00,3275,83.93,8.74,7.62
13-September-2024,394.80,394.80,386.00,386.60,388.895280898876404494,8900,969,3461168.00,5358,60.20,8.80,-8.20
12-September-2024,396.98,396.98,391.00,391.80,392.927455357142857142,2688,325,1056189.00,1219,45.35,5.98,-5.18
11-September-2024,390.20,432.52,377.70,391.34,404.454603765113370321,62362,704,25222598.00,52140,83.61,54.82,1.14
10-September-2024,389.01,394.70,389.01,391.42,391.874236874236874236,5733,261,2246615.00,4000,69.77,5.69,2.41
9-September-2024,391.30,392.50,388.35,390.99,391.570029027576197387,5512,376,2158334.00,4224,76.63,4.15,-0.31
6-September-2024,390.01,394.88,389.39,392.27,391.900647324008785111,17302,562,6780665.00,10706,61.88,5.49,2.26
5-September-2024,387.30,393.00,387.30,390.01,390.017999164595736062,237011,686,92438556.00,232730,98.19,5.70,2.71
4-September-2024,386.97,390.05,382.50,389.64,386.906305135110038072,21538,804,8333188.00,18990,88.17,7.55,2.67
3-September-2024,385.00,386.16,382.71,384.65,385.326651609260304912,3542,333,1364827.00,2577,72.76,3.45,-0.35
2-September-2024,387.80,387.80,383.25,386.13,385.664690939881456392,5905,592,2277350.00,4148,70.25,4.55,-1.67
30-August-2024,376.01,390.00,376.01,385.87,384.330968910353154240,13252,876,5093154.00,8814,66.51,13.99,9.86
29-August-2024,376.45,380.77,373.87,379.61,377.212156633547632963,29087,1728,10971970.00,24145,83.01,6.90,3.16
28-August-2024,370.90,377.18,369.54,376.45,373.972546476437527021,4626,443,1729997.00,3183,68.81,7.64,5.55
27-August-2024,368.65,375.00,368.10,369.20,371.140333596007354872,15228,1053,5651725.00,10847,71.23,6.90,0.55
26-August-2024,374.80,375.25,367.00,368.64,370.728797057550843790,9244,722,3427017.00,6861,74.22,8.25,-6.16
23-August-2024,375.99,377.80,370.00,373.22,374.100941386655672369,14553,625,5444291.00,8849,60.81,7.80,-2.77
22-August-2024,380.90,380.97,371.10,375.07,374.518166160911998687,12193,1451,4566500.00,7985,65.49,9.87,-5.83
21-August-2024,373.10,380.95,372.06,379.24,375.920510304219823356,17323,1304,6512071.00,9085,52.44,8.89,6.14
20-August-2024,388.23,388.25,372.00,373.06,375.187789058093626621,35460,2737,13304159.00,25567,72.10,16.25,-15.17
19-August-2024,388.00,388.80,384.21,388.23,387.673469836108792126,45518,1524,17646121.00,34361,75.49,4.59,0.23
16-August-2024,385.60,386.64,382.55,386.04,384.601543186755562214,13349,682,5134046.00,9744,72.99,4.09,0.44
14-August-2024,376.95,383.80,376.00,382.76,380.870874275636180398,7938,584,3023353.00,5226,65.84,7.80,5.81
13-August-2024,382.00,382.00,376.00,376.94,378.607391304347826086,4600,433,1741594.00,2894,62.91,6.00,-5.06
12-August-2024,376.18,381.95,372.57,380.99,379.592199540354197647,29588,3055,11231374.00,24273,82.04,9.38,4.81
9-August-2024,373.00,377.00,368.10,376.18,374.066557734204793028,9180,595,3433931.00,7624,83.05,8.90,3.18
8-August-2024,369.65,371.31,368.05,370.64,370.391787852865697177,7014,538,2597928.00,5707,81.37,3.26,0.99
7-August-2024,373.55,373.55,367.05,369.15,370.299684791174152876,12690,779,4699103.00,9693,76.38,6.50,-4.40
6-August-2024,364.96,376.99,364.96,373.55,372.187424024754116476,9049,706,3367924.00,6176,68.25,12.03,8.59
5-August-2024,366.50,367.80,360.51,365.95,365.174342203954276799,33331,882,12171626.00,23208,69.63,7.29,-0.55
2-August-2024,367.80,373.45,366.56,368.40,369.118586227909811090,8205,458,3028618.00,7060,86.04,6.89,0.60
1-August-2024,372.00,376.70,367.78,374.72,374.307455361804322856,19154,1233,7169485.00,15396,80.38,8.92,2.72
31-July-2024,374.95,376.00,365.81,368.73,371.055230897666857067,22759,1757,8444846.00,13819,60.72,10.19,-6.22
30-July-2024,373.00,377.50,371.93,374.67,374.903921850308863669,34805,2759,13048531.00,24187,69.49,5.57,1.67
29-July-2024,374.00,378.65,370.02,372.10,374.945136269835622287,14053,893,5269104.00,7736,55.05,8.63,-1.90
26-July-2024,370.00,373.00,368.00,371.68,370.627495238767016999,14177,853,5254386.00,8852,62.44,5.00,1.68
25-July-2024,363.00,371.99,363.00,369.90,369.051199880757191831,13418,1114,4951929.00,9360,69.76,8.99,6.90
24-July-2024,371.07,374.00,363.69,365.57,370.194383220760753643,28130,1896,10413568.00,23643,84.05,10.31,-5.50
23-July-2024,365.85,375.00,360.00,371.07,368.110695280250658974,80428,2823,29606407.00,52457,65.22,15.00,5.22
22-July-2024,362.20,365.00,362.14,364.89,363.597386544234504679,5663,323,2059052.00,4571,80.72,2.86,2.69
19-July-2024,363.73,367.05,358.35,364.44,361.776041295834816660,28090,1493,10162289.00,23173,82.50,8.70,0.71
18-July-2024,360.01,365.19,359.11,364.43,362.408439432520916696,13745,767,4981304.00,12041,87.60,6.08,4.42
16-July-2024,362.78,362.80,360.00,361.90,361.451735913488901536,17570,1098,6350707.00,14254,81.13,2.80,-0.88
15-July-2024,362.50,363.10,356.55,361.00,360.971273022124406347,43165,1415,15581325.00,17043,39.48,6.55,-1.50
12-July-2024,360.00,365.00,359.00,362.52,361.799548419468138484,7972,627,2884266.00,5034,63.15,6.00,2.52
11-July-2024,360.50,361.66,356.50,360.46,359.866152233971610936,52485,1380,18887575.00,21452,40.87,5.16,-0.04
10-July-2024,358.81,360.80,358.16,360.01,359.220147243670317830,11138,811,4000994.00,7703,69.16,2.64,1.20
9-July-2024,355.02,360.00,354.95,358.45,357.357886309047237790,24980,1278,8926800.00,21208,84.90,5.05,3.43
8-July-2024,355.03,357.00,350.85,355.02,354.029606583701324769,19928,1486,7055102.00,15932,79.95,6.15,-0.01
5-July-2024,357.85,358.24,355.15,357.03,357.304060300078219441,14063,1478,5024767.00,9970,70.90,3.09,-0.82
4-July-2024,356.98,359.00,354.26,358.10,356.802653399668325041,12060,626,4303040.00,7139,59.20,4.74,1.12
3-July-2024,355.01,357.00,347.33,354.54,353.444887118193891102,16566,1072,5855168.00,8887,53.65,9.67,-0.47
2-July-2024,354.40,357.90,354.00,355.16,355.414776712649053074,4277,365,1520109.00,3200,74.82,3.90,0.76
1-July-2024,353.00,359.00,353.00,356.79,355.973367093355840015,21327,1830,7591844.00,16410,76.94,6.00,3.79
28-June-2024,352.85,359.95,344.20,355.83,354.820883233532934131,13360,905,4740407.00,7176,53.71,15.75,2.98
27-June-2024,352.99,354.72,350.76,353.02,352.534018600097895252,10215,687,3601135.00,6351,62.17,3.96,0.03
26-June-2024,355.70,355.70,349.80,352.61,352.443656573399770026,20872,1048,7356204.00,14736,70.60,5.90,-3.09
25-June-2024,348.21,356.00,348.21,353.81,351.581096849474912485,6856,484,2410440.00,4447,64.86,7.79,5.60
24-June-2024,359.40,359.40,347.90,349.38,352.110452455843213162,33064,2635,11642180.00,24341,73.62,11.50,-10.02
21-June-2024,359.70,360.85,355.96,358.94,358.391611545399879735,59868,1355,21456189.00,48675,81.30,4.89,-0.76
20-June-2024,357.50,360.00,357.00,359.40,358.022246294485983777,37849,2403,13550784.00,32506,85.88,3.00,1.90
19-June-2024,361.00,361.98,355.13,358.21,357.207619675010979358,9108,562,3253447.00,6490,71.26,6.85,-2.79
18-June-2024,364.70,364.70,357.01,360.76,359.718909928352098259,7816,567,2811563.00,5758,73.67,7.69,-3.94
14-June-2024,362.56,365.00,362.25,363.50,364.808216913284285360,145164,1476,52957020.00,141891,97.75,2.75,0.94
13-June-2024,360.52,363.80,357.60,362.56,361.064910947919304465,11847,607,4277536.00,8916,75.26,6.20,2.04
12-June-2024,357.45,361.33,357.05,360.52,359.558338030437233271,12419,466,4465355.00,10042,80.86,4.28,3.07
11-June-2024,357.99,362.35,352.50,356.30,357.130188233440970307,12697,560,4534482.00,7186,56.60,9.85,-1.69
10-June-2024,351.50,360.85,351.50,354.18,355.086656467788543260,29415,1741,10444874.00,22088,75.09,9.35,2.68
7-June-2024,356.00,356.74,350.00,352.61,352.641893411288509107,8894,753,3136397.00,4995,56.16,6.74,-3.39
6-June-2024,352.80,356.90,349.50,352.66,352.015443098123069612,12627,801,4444899.00,7036,55.72,7.40,-0.14
5-June-2024,351.10,351.10,341.80,349.86,347.861964784614385030,30782,1974,10707887.00,16305,52.97,9.30,-1.24
4-June-2024,355.61,356.24,339.22,351.12,348.557924427887174028,93950,3994,32747017.00,74754,79.57,17.02,-4.49
3-June-2024,350.01,361.00,350.01,357.72,357.237672472291336801,17684,823,6317391.00,12792,72.34,10.99,7.71
31-May-2024,344.00,350.60,344.00,349.64,348.782200559617293979,22158,1006,7728316.00,16899,76.27,6.60,5.64
30-May-2024,344.60,351.00,343.25,346.87,348.108251509422455327,49191,2250,17123793.00,41715,84.80,7.75,2.27
29-May-2024,340.11,347.24,339.31,345.75,342.938919641152891773,68107,2424,23356541.00,58049,85.23,7.93,5.64
28-May-2024,339.79,343.54,338.00,340.11,340.966271209822044419,14498,639,4943329.00,10387,71.64,5.54,0.32
27-May-2024,346.00,346.00,339.00,339.79,341.941908454227113556,31984,1160,10936670.00,23437,73.28,7.00,-6.21
24-May-2024,340.00,347.40,339.30,340.93,341.264933801144530447,224022,4992,76450853.00,192177,85.78,8.10,0.93
23-May-2024,342.00,349.84,335.10,339.25,341.089538773822501221,53206,1688,18148010.00,43703,82.14,14.74,-2.75
22-May-2024,350.90,356.14,338.00,339.72,345.493703296550380585,71863,2764,24828214.00,54464,75.79,18.14,-11.18
21-May-2024,357.45,365.18,346.40,348.21,355.402070318757007848,99888,3653,35500402.00,78458,78.55,18.78,-9.24
18-May-2024,341.80,356.00,341.80,355.98,351.296796004142047877,32834,1159,11534479.00,24995,76.13,14.20,14.18
17-May-2024,347.49,347.49,336.37,339.05,340.853385778189109979,12966,1060,4419505.00,10701,82.53,11.12,-8.44
16-May-2024,342.61,345.78,341.40,344.88,343.178235805101476743,12663,776,4345666.00,11045,87.22,4.38,2.27
15-May-2024,347.00,349.24,341.50,342.75,343.971273034906389083,27187,1799,9351547.00,22991,84.57,7.74,-4.25
14-May-2024,347.40,350.00,346.00,347.00,347.490537605814829588,22563,831,7840429.00,16939,75.07,4.00,-0.40
13-May-2024,354.85,355.20,345.00,348.57,348.395298614903440401,40286,1619,14035453.00,30773,76.39,10.20,-6.28
10-May-2024,354.92,354.92,351.00,353.02,353.405566293003478933,12935,293,4571301.00,10612,82.04,3.92,-1.90
9-May-2024,350.80,354.68,350.70,352.69,352.514922600619195046,16150,806,5693116.00,10175,63.00,3.98,1.89
8-May-2024,346.90,351.60,346.29,348.93,349.093631178707224334,56808,1466,19831311.00,41392,72.86,5.31,2.03
7-May-2024,348.90,349.00,344.50,344.98,346.411263550633097329,34039,1304,11791493.00,30666,90.09,4.50,-3.92
6-May-2024,352.00,352.00,341.30,343.81,345.502366900923821241,47953,2186,16567875.00,37126,77.42,10.70,-8.19
3-May-2024,357.90,357.90,351.55,353.22,353.983738707435719249,21585,1559,7640739.00,19467,90.19,6.35,-4.68
2-May-2024,359.75,361.61,354.00,356.76,357.204212237158432939,29533,1665,10549312.00,22861,77.41,7.61,-2.99
30-April-2024,356.01,364.00,356.01,359.94,359.525677760634780692,4537,222,1631168.00,3591,79.15,7.99,3.93
29-April-2024,363.40,363.40,354.00,355.47,358.033019796135227675,25409,1680,9097261.00,18453,72.62,9.40,-7.93
26-April-2024,374.30,374.30,361.01,362.20,366.555761491209489514,18884,1353,6922039.00,14943,79.13,13.29,-12.10
25-April-2024,367.07,373.00,367.07,370.30,370.625888065422949143,39130,1433,14502591.00,16843,43.04,5.93,3.23
24-April-2024,364.27,368.88,364.27,367.43,366.977254098360655737,9760,501,3581698.00,6880,70.49,4.61,3.16
23-April-2024,362.00,370.00,359.38,364.27,363.257384135115664772,24986,1029,9076349.00,18929,75.76,10.62,2.27
22-April-2024,369.00,369.00,358.50,359.38,361.836685726750074007,64183,1969,23223764.00,56626,88.23,10.50,-9.62
19-April-2024,362.71,370.00,361.51,365.23,365.877524185216492908,10647,390,3895498.00,7055,66.26,8.49,2.52
18-April-2024,351.70,374.90,351.70,362.71,365.192071328875278628,48003,1843,17530315.00,30412,63.35,23.20,11.01
16-April-2024,356.10,356.10,349.48,350.02,351.709188927251802047,16509,874,5806367.00,13569,82.19,6.62,-6.08
15-April-2024,352.19,358.00,349.50,353.38,353.818621049882475842,22974,1499,8128629.00,15818,68.85,8.50,1.19
12-April-2024,365.00,365.00,350.55,356.29,359.516136587193779568,21349,1224,7675310.00,15157,71.00,14.45,-8.71
10-April-2024,369.34,369.90,362.60,364.55,365.194008727444274088,16958,729,6192960.00,11890,70.11,7.30,-4.79
9-April-2024,374.31,375.00,368.90,369.34,370.733269659344157911,15705,422,5822366.00,7250,46.16,6.10,-4.97
8-April-2024,378.00,378.00,371.09,374.11,374.501331172589420071,8639,321,3235317.00,6678,77.30,6.91,-3.89
5-April-2024,376.50,377.50,373.80,374.52,374.977863931965982991,7996,475,2998323.00,6421,80.30,3.70,-1.98
4-April-2024,372.80,378.90,371.41,376.06,374.018441273326015367,4555,305,1703654.00,2631,57.76,7.49,3.26
3-April-2024,370.00,377.76,362.50,371.07,371.434639545318576129,23401,642,8691942.00,17094,73.05,15.26,1.07
2-April-2024,365.26,376.10,358.00,370.30,367.497995383307010083,8231,349,3024876.00,4974,60.43,18.10,5.04
1-April-2024,373.90,374.00,365.00,366.63,367.860025076940613245,8773,641,3227236.00,6857,78.16,9.00,-7.27
28-March-2024,374.51,383.00,367.00,369.16,373.860922734852695942,8995,468,3362879.00,6774,75.31,16.00,-5.35
27-March-2024,375.67,380.15,372.50,377.01,377.996530109693306469,8934,584,3377021.00,6054,67.76,7.65,1.34
26-March-2024,378.00,378.22,372.00,376.05,373.843133535660091047,5272,466,1970901.00,4195,79.57,6.22,-1.95
22-March-2024,376.80,377.10,374.80,375.97,375.864951768488745980,2177,147,818258.00,1675,76.94,2.30,-0.83
21-March-2024,374.70,385.00,370.86,375.21,378.531047865459249676,7730,266,2926045.00,6466,83.65,14.14,0.51
20-March-2024,385.90,385.90,368.10,369.99,371.695266272189349112,11154,908,4145889.00,8416,75.45,17.80,-15.91
19-March-2024,385.50,385.50,369.27,382.62,378.674473067915690866,11956,728,4527432.00,6071,50.78,16.23,-2.88
18-March-2024,395.35,395.35,380.00,384.67,387.268447040823423047,14379,768,5568533.00,9957,69.25,15.35,-10.68
15-March-2024,381.10,399.00,381.10,395.35,391.959722406066221659,105766,2402,41456012.00,92238,87.21,17.90,14.25
14-March-2024,384.00,387.87,366.00,386.41,384.380165123642338984,49902,1051,19181339.00,40245,80.65,21.87,2.41
13-March-2024,375.00,383.87,370.35,381.35,379.103304031524704455,16495,871,6253309.00,11430,69.29,13.52,6.35
12-March-2024,381.30,381.30,371.04,374.92,376.061025781678551837,7292,284,2742237.00,4552,62.42,10.26,-6.38
11-March-2024,380.60,381.14,375.35,379.08,379.226604583219209349,10953,390,4153669.00,7086,64.69,5.79,-1.52
7-March-2024,379.00,380.00,374.00,376.08,376.257995636633709325,21543,659,8105726.00,16850,78.22,6.00,-2.92
6-March-2024,383.70,384.79,369.00,375.96,374.301180907015976977,10077,1041,3771833.00,6066,60.20,15.79,-7.74
5-March-2024,376.50,386.99,375.25,382.62,380.117327309307825350,28331,1131,10769104.00,22681,80.06,11.74,6.12
4-March-2024,379.99,379.99,372.80,373.40,374.384719608581106511,13285,664,4973701.00,10157,76.45,7.19,-6.59
2-March-2024,383.30,383.30,373.88,376.34,377.709365812683746325,2381,145,899326.00,1649,69.26,9.42,-6.96
1-March-2024,376.10,380.00,375.00,378.30,377.098685745392332218,12859,711,4849112.00,10174,79.12,5.00,2.20
29-February-2024,369.25,388.20,364.41,378.77,374.088881284221005475,32144,969,12024713.00,21909,68.16,23.79,9.52
28-February-2024,368.80,368.80,363.86,365.98,365.835094671950682518,4542,361,1661623.00,2451,53.96,4.94,-2.82
27-February-2024,366.30,369.51,363.00,366.86,366.400161355385235982,7437,683,2724918.00,5813,78.16,6.51,0.56
26-February-2024,366.00,370.00,366.00,369.53,368.903130994369160324,32322,846,11923687.00,29029,89.81,4.00,3.53
23-February-2024,357.00,366.46,356.73,364.56,362.109004556336396632,25898,662,9377899.00,22344,86.28,9.73,7.56
22-February-2024,362.60,362.60,352.05,353.66,354.345736994219653179,5536,273,1961658.00,3796,68.57,10.55,-8.94
21-February-2024,366.00,368.94,326.70,358.74,348.051045590336407325,30796,554,10718580.00,10320,33.51,42.24,-7.26
20-February-2024,372.00,372.00,364.70,367.66,366.781921034403140152,17324,498,6354130.00,11935,68.89,7.30,-4.34
19-February-2024,367.00,368.14,366.00,367.79,367.488217522658610271,16550,601,6081930.00,13555,81.90,2.14,0.79
16-February-2024,365.00,370.00,359.31,368.09,365.660581387952420329,15721,822,5748550.00,7271,46.25,10.69,3.09
15-February-2024,368.35,370.00,365.00,368.86,368.903544838315368374,17998,720,6639526.00,16695,92.76,5.00,0.51
14-February-2024,359.60,370.00,359.60,368.88,367.457834566240753194,22305,649,8196147.00,19998,89.66,10.40,9.28
13-February-2024,362.00,364.80,358.00,362.96,361.441502848299252527,30369,1001,10976617.00,22943,75.55,6.80,0.96
12-February-2024,363.99,367.70,351.30,362.74,359.130808583203069489,14074,445,5054407.00,9251,65.73,16.40,-1.25
9-February-2024,363.15,369.00,362.11,362.61,365.922663613141900819,11353,727,4154320.00,7695,67.78,6.89,-0.54
8-February-2024,364.00,369.00,362.00,365.11,365.749387675124914274,10207,348,3733204.00,7592,74.38,7.00,1.11
7-February-2024,367.99,370.00,361.10,364.90,367.557312709223132863,8663,417,3184149.00,6442,74.36,8.90,-3.09
6-February-2024,365.00,372.19,355.35,362.59,366.897490793868288087,23354,937,8568524.00,17940,76.82,16.84,-2.41
5-February-2024,371.60,371.60,357.00,364.28,361.859405711642964504,8649,689,3129722.00,5487,63.44,14.60,-7.32
2-February-2024,367.00,369.90,362.74,368.27,367.820098668649050483,29594,1125,10885268.00,26004,87.87,7.16,1.27
1-February-2024,363.00,367.40,359.00,365.60,362.320420306367894670,15798,859,5723938.00,12325,78.02,8.40,2.60
31-January-2024,351.00,363.65,350.94,360.67,358.185708209272649936,11755,339,4210473.00,9058,77.06,12.71,9.67
30-January-2024,353.90,357.95,346.75,350.50,354.289063266307013241,20390,720,7223954.00,15853,77.75,11.20,-3.40
29-January-2024,348.50,356.00,347.02,353.95,352.909079966296192272,24923,910,8795553.00,17584,70.55,8.98,5.45
25-January-2024,354.89,354.89,349.00,350.93,350.687638786084381939,2702,148,947558.00,2198,81.35,5.89,-3.96
24-January-2024,350.35,355.00,349.45,354.89,352.952840260648676508,27163,971,9587258.00,25088,92.36,5.55,4.54
23-January-2024,351.90,357.50,335.00,353.73,351.119020058067821697,52697,1029,18502919.00,48389,91.82,22.50,1.83
20-January-2024,353.00,353.00,347.83,348.15,349.464267866066966516,2001,223,699278.00,1492,74.56,5.17,-4.85
19-January-2024,351.30,357.35,349.00,351.01,351.699644128113879003,11240,407,3953104.00,7299,64.94,8.35,-0.29
18-January-2024,348.10,356.55,348.10,354.61,352.240112994350282485,8142,442,2867939.00,4987,61.25,8.45,6.51
17-January-2024,351.99,356.50,345.94,350.04,351.113385267024081040,33761,1059,11853939.00,20785,61.57,10.56,-1.95
16-January-2024,349.40,354.10,348.44,350.00,350.239076814658210007,5676,314,1987957.00,5116,90.13,5.66,0.60
15-January-2024,354.00,354.00,345.65,346.30,348.859719156530315127,21293,1225,7428270.00,18698,87.81,8.35,-7.70
12-January-2024,352.55,357.45,343.50,354.32,352.972206336497769644,17486,426,6172072.00,11527,65.92,13.95,1.77
11-January-2024,344.84,353.00,341.67,349.78,349.031871166290761155,47441,1235,16558421.00,40226,84.79,11.33,4.94
10-January-2024,331.61,342.65,331.61,341.67,340.248032610541810564,17663,523,6009801.00,13225,74.87,11.04,10.06
9-January-2024,330.00,337.00,327.50,334.40,331.512253436939629408,23422,1000,7764680.00,16761,71.56,9.50,4.40
8-January-2024,336.00,336.00,327.10,328.78,330.304898565066798614,10105,490,3337731.00,8885,87.93,8.90,-7.22
5-January-2024,334.50,334.50,329.55,332.34,331.937903267434057709,19373,1205,6430633.00,13847,71.48,4.95,-2.16
4-January-2024,331.50,334.00,330.83,332.27,331.961687500000000000,16000,857,5311387.00,13682,85.51,3.17,0.77
3-January-2024,329.95,332.00,329.00,331.36,330.684522109417599252,38513,1670,12735653.00,34444,89.43,3.00,1.41
2-January-2024,327.01,329.40,327.00,329.08,328.402441526466967583,9748,506,3201267.00,6628,67.99,2.40,2.07
1-January-2024,324.80,329.10,323.50,327.01,327.020344925999918457,24527,1328,8020828.00,17934,73.12,5.60,2.21
29-December-2023,324.83,329.25,322.08,325.06,323.525790763336940433,80397,1517,26010503.00,72031,89.59,7.17,0.23
28-December-2023,330.00,334.25,322.95,324.83,326.737712478587429173,30356,1386,9918450.00,22535,74.24,11.30,-5.17
27-December-2023,336.00,336.00,325.44,329.85,328.674290576047244882,19981,1221,6567241.00,13519,67.66,10.56,-6.15
26-December-2023,323.80,338.00,321.05,333.44,330.271802120141342756,35375,1638,11683365.00,28391,80.26,16.95,9.64
22-December-2023,326.75,328.08,320.00,323.96,323.797808626212916105,43078,1813,13948562.00,35413,82.21,8.08,-2.79
21-December-2023,332.90,332.90,325.00,329.75,327.487694162706574934,14099,827,4617249.00,11093,78.68,7.90,-3.15
20-December-2023,321.25,337.00,316.00,332.11,316.209197535909489957,226785176,17633,71711558516.00,223616463,98.60,21.00,10.86
19-December-2023,326.00,360.00,322.00,335.54,333.137358238825883922,44970,1187,14981187.00,32595,72.48,38.00,9.54
18-December-2023,327.30,329.01,318.69,324.37,322.163055517098158659,28892,658,9307935.00,18890,65.38,10.32,-2.93
15-December-2023,336.00,336.00,325.16,326.78,330.351895734597156398,16880,678,5576340.00,9200,54.50,10.84,-9.22
14-December-2023,337.80,337.80,330.35,332.73,333.250019551106592633,12787,368,4261268.00,8671,67.81,7.45,-5.07
13-December-2023,332.79,333.68,329.00,332.91,330.537821122740247383,8408,565,2779162.00,5315,63.21,4.68,0.12
12-December-2023,330.75,332.20,327.00,330.04,329.444727592267135325,34140,1315,11247243.00,27537,80.66,5.20,-0.71
11-December-2023,329.00,332.35,326.05,330.79,329.189751827689079762,30503,1373,10041275.00,22872,74.98,6.30,1.79
8-December-2023,320.15,327.51,313.60,325.82,322.831708402443464541,24719,1182,7980077.00,15511,62.75,13.91,5.67
7-December-2023,300.40,323.00,300.40,318.99,316.771784126984126984,78750,2450,24945778.00,60399,76.70,22.60,18.59
6-December-2023,314.00,319.95,281.05,297.87,302.200411369554276711,45701,1197,13810861.00,30090,65.84,38.90,-16.13
5-December-2023,319.00,319.00,314.63,315.96,316.562308225279619914,10103,322,3198229.00,6176,61.13,4.37,-3.04
4-December-2023,321.70,322.00,313.00,316.90,316.541973639743156471,29590,954,9366477.00,23796,80.42,9.00,-4.80
1-December-2023,322.60,324.00,316.00,317.76,319.413141543961188186,11749,519,3752785.00,5235,44.56,8.00,-4.84
30-November-2023,320.95,323.89,317.25,322.09,320.096548938134810710,17328,389,5546633.00,12856,74.19,6.64,1.14
29-November-2023,315.25,318.54,314.05,317.43,315.460803508497141514,25538,1001,8056238.00,15666,61.34,4.49,2.18
28-November-2023,323.50,323.50,313.80,315.25,318.095284394749635391,16456,1004,5234576.00,10125,61.53,9.70,-8.25
24-November-2023,315.00,321.00,302.00,320.15,317.149102773246329526,6130,251,1944124.00,5551,90.55,19.00,5.15
23-November-2023,312.30,318.34,312.30,316.91,316.423367246471939612,3047,170,964142.00,1963,64.42,6.04,4.61
22-November-2023,319.00,320.00,313.66,314.01,316.294748564060485288,17062,996,5396621.00,10631,62.31,6.34,-4.99
21-November-2023,317.00,319.00,316.45,318.95,317.462007504690431519,14924,781,4737803.00,13195,88.41,2.55,1.95
20-November-2023,318.00,318.00,315.30,317.60,316.902401563808991901,14324,810,4539310.00,11557,80.68,2.70,-0.40
17-November-2023,312.94,316.00,312.81,315.73,314.732564732564732564,5291,275,1665250.00,4672,88.30,3.19,2.79
16-November-2023,316.00,316.00,311.50,313.27,315.130928465368154423,11449,443,3607934.00,10132,88.50,4.50,-2.73
15-November-2023,311.00,315.60,309.34,314.54,313.269292176689728579,9395,298,2943165.00,7197,76.60,6.26,3.54
13-November-2023,313.60,313.60,307.31,309.86,310.162607813292744799,3942,250,1222661.00,3010,76.36,6.29,-3.74
12-November-2023,313.33,315.03,312.51,313.24,313.494693986518053794,14983,638,4697091.00,13479,89.96,2.52,-0.09
10-November-2023,315.88,315.88,309.90,312.04,312.859431780640898579,6054,272,1894051.00,4690,77.47,5.98,-3.84
9-November-2023,311.00,315.00,307.90,313.66,311.398633767591175482,26789,861,8342058.00,17188,64.16,7.10,2.66
8-November-2023,314.90,314.90,310.01,311.26,313.274125555428962059,8777,224,2749607.00,7304,83.22,4.89,-3.64
7-November-2023,314.50,315.48,310.81,311.93,313.593367492171932820,7026,295,2203307.00,3901,55.52,4.67,-2.57
6-November-2023,308.30,315.00,308.30,314.20,311.130929919137466307,29680,1031,9234366.00,26175,88.19,6.70,5.90
3-November-2023,311.88,314.49,308.70,313.52,311.429672022892361875,36344,1175,11318600.00,28608,78.71,5.79,1.64
2-November-2023,309.27,314.84,309.27,314.06,313.084111221449851042,20140,220,6305514.00,18481,91.76,5.57,4.79
1-November-2023,310.00,314.71,309.00,313.98,310.439994252667121663,55678,1135,17284678.00,49237,88.43,5.71,3.98
31-October-2023,309.00,312.50,309.00,312.19,311.165243902439024390,4920,237,1530933.00,3719,75.59,3.50,3.19
30-October-2023,306.90,310.30,305.00,309.79,307.903884041654939487,7106,295,2187965.00,4752,66.87,5.30,2.89
27-October-2023,299.61,348.60,299.61,305.01,311.510418193621343161,47753,2820,14875557.00,40277,84.34,48.99,5.40
26-October-2023,304.00,304.00,297.80,298.71,298.648680618744313011,21980,2389,6564298.00,18444,83.91,6.20,-5.29
25-October-2023,301.55,306.36,299.80,300.02,302.859718333757529481,23574,884,7139615.00,19820,84.08,6.56,-1.53
23-October-2023,306.01,308.45,303.00,304.57,305.564186543253826984,14045,445,4291649.00,8858,63.07,5.45,-1.44
20-October-2023,308.80,309.50,307.50,308.54,308.309346330275229357,3488,535,1075383.00,2914,83.54,2.00,-0.26
19-October-2023,310.50,310.50,306.00,307.83,307.664413613186291948,16866,432,5189068.00,12649,75.00,4.50,-2.67
18-October-2023,309.00,310.00,307.21,309.75,309.051264890911524561,14942,521,4617844.00,11242,75.24,2.79,0.75
17-October-2023,309.69,309.69,306.00,308.59,308.643537147904603003,10189,458,3144769.00,7602,74.61,3.69,-1.10
16-October-2023,306.20,308.89,306.15,308.69,307.326850426752483559,7147,593,2196465.00,5657,79.15,2.74,2.49
13-October-2023,308.63,309.40,305.55,307.32,306.914219538423360079,24178,718,7420572.00,22379,92.56,3.85,-1.31
12-October-2023,306.80,309.00,304.82,307.72,307.173902970205273156,21581,899,6629120.00,19532,90.51,4.18,0.92
11-October-2023,303.08,305.45,303.00,305.13,304.289631988676574663,5652,273,1719845.00,3676,65.04,2.45,2.05
10-October-2023,302.13,305.15,302.13,303.08,304.114890926335757192,15815,616,4809577.00,12789,80.87,3.02,0.95
9-October-2023,300.20,304.25,300.20,304.07,302.953160848540468038,28331,944,8582966.00,19421,68.55,4.05,3.87
6-October-2023,302.50,304.95,301.00,304.27,303.724196498562842957,15308,1080,4649410.00,11681,76.31,3.95,1.77
5-October-2023,302.00,305.00,300.22,302.47,301.731048943624588597,37676,1160,11368019.00,29861,79.26,4.78,0.47
4-October-2023,297.91,303.00,297.91,302.42,301.769327151985966670,7981,292,2408421.00,6229,78.05,5.09,4.51
3-October-2023,302.30,302.80,297.50,299.66,299.629541522491349480,18496,895,5541948.00,15372,83.11,5.30,-2.64
29-September-2023,302.70,304.00,300.25,300.59,301.736122244488977955,19960,1486,6022653.00,16742,83.88,3.75,-2.11
28-September-2023,305.00,305.00,300.00,300.47,301.525520107165313431,36579,1385,11029502.00,30671,83.85,5.00,-4.53
27-September-2023,306.00,306.00,302.00,302.52,302.944900734294261626,18385,1395,5569642.00,13816,75.15,4.00,-3.48
26-September-2023,305.80,306.10,304.15,305.06,304.956289368200038175,5239,260,1597666.00,4539,86.64,1.95,-0.74
25-September-2023,306.00,358.60,303.11,304.16,313.536248760081079915,23187,691,7269965.00,19239,82.97,55.49,-1.84
22-September-2023,302.50,305.66,302.50,303.95,304.634317984361424847,11510,528,3506341.00,9642,83.77,3.16,1.45
21-September-2023,304.11,305.85,303.00,303.62,304.179211238561670318,15518,651,4720253.00,12297,79.24,2.85,-0.49
20-September-2023,304.31,308.49,303.65,303.94,304.823506070946750257,25202,1003,7682162.00,19346,76.76,4.84,-0.37
18-September-2023,310.19,321.00,303.15,307.07,307.970747533949082916,38219,1037,11770334.00,35731,93.49,17.85,-3.12
15-September-2023,305.37,313.38,302.30,310.19,307.595704948646125116,5355,287,1647175.00,4467,83.42,11.08,4.82
14-September-2023,309.06,309.06,303.70,305.05,305.208876763375033271,15028,434,4586679.00,10272,68.35,5.36,-4.01
13-September-2023,308.00,309.90,305.00,309.06,307.672166045769026077,3758,440,1156232.00,2630,69.98,4.90,1.06
12-September-2023,306.01,308.40,303.20,307.55,306.110511665279651046,34847,1063,10667033.00,26680,76.56,5.20,1.54
11-September-2023,307.90,310.45,303.90,305.42,307.179864390362029301,33036,1801,10147994.00,23338,70.64,6.55,-2.48
8-September-2023,305.00,309.60,304.30,309.34,307.178011317704122877,6185,283,1899896.00,4842,78.29,5.30,4.34
7-September-2023,305.40,308.90,303.00,304.66,305.893082422203532380,9512,368,2909655.00,7073,74.36,5.90,-0.74
6-September-2023,308.01,310.50,307.10,307.41,308.785383644269883574,7129,225,2201331.00,6097,85.52,3.40,-0.60
5-September-2023,308.81,310.88,308.21,309.13,309.162336992938508324,38802,748,11996117.00,36460,93.96,2.67,0.32
4-September-2023,307.11,310.81,307.00,309.50,308.903157840643387548,38919,1140,12022202.00,32650,83.89,3.81,2.39
1-September-2023,303.00,308.99,303.00,306.75,306.441600000000000000,18125,633,5554254.00,14327,79.05,5.99,3.75
31-August-2023,307.00,307.00,301.10,305.73,304.113375796178343949,6280,236,1909832.00,5780,92.04,5.90,-1.27
30-August-2023,302.41,305.05,302.41,303.93,304.197479573466278908,7221,191,2196610.00,4287,59.37,2.64,1.52
29-August-2023,301.01,304.70,301.01,303.95,302.809305873379099923,6555,292,1984915.00,4420,67.43,3.69,2.94
28-August-2023,301.20,305.29,301.20,301.89,303.460642757335817419,12882,572,3909180.00,10444,81.07,4.09,0.69
25-August-2023,303.00,303.95,301.00,302.10,302.517573315424222072,13401,383,4054038.00,12424,92.71,2.95,-0.90
24-August-2023,306.00,306.50,303.10,304.21,304.949482271728898650,9561,289,2915622.00,6672,69.78,3.40,-1.79
23-August-2023,305.80,308.62,304.95,306.54,306.314299628660132708,16427,465,5031825.00,12647,76.99,3.67,0.74
22-August-2023,305.51,308.05,304.35,306.87,307.147243358697103190,7491,207,2300840.00,6800,90.78,3.70,1.36
21-August-2023,305.09,309.92,304.14,308.02,305.893375241779497098,4136,216,1265175.00,3123,75.51,5.78,2.93
18-August-2023,303.50,309.00,303.50,305.54,305.384160544705249955,5581,253,1704349.00,4280,76.69,5.50,2.04
17-August-2023,310.60,310.75,305.90,306.13,307.261867657636058499,16684,538,5126357.00,12426,74.48,4.85,-4.47
16-August-2023,310.94,312.15,307.61,309.76,309.341001687312235071,24299,684,7516677.00,10230,42.10,4.54,-1.18
14-August-2023,310.72,312.00,308.00,310.93,310.382286146858440575,22457,596,6970255.00,20025,89.17,4.00,0.21
11-August-2023,309.00,311.94,308.95,310.71,310.403755056418990845,75152,1286,23327463.00,53655,71.40,2.99,1.71
10-August-2023,303.31,310.10,303.31,309.85,307.197461194927508413,78147,1208,24006560.00,37495,47.98,6.79,6.54
9-August-2023,305.00,306.31,303.16,305.27,304.806151083174318105,8909,239,2715518.00,6742,75.68,3.15,0.27
8-August-2023,304.95,305.17,302.61,304.13,303.927739951680210849,9106,253,2767566.00,6264,68.79,2.56,-0.82
7-August-2023,302.50,305.50,302.25,304.95,304.311082105786562247,16089,849,4896061.00,13391,83.23,3.25,2.45
4-August-2023,306.50,307.27,299.25,304.29,301.879629184879196887,20819,576,6284832.00,18341,88.10,8.02,-2.21
3-August-2023,308.00,308.48,305.51,306.91,307.132906382672519248,13897,447,4268226.00,11327,81.51,2.97,-1.09
2-August-2023,305.11,311.25,305.00,308.87,307.183333333333333333,9180,264,2819943.00,6002,65.38,6.25,3.76
1-August-2023,311.01,312.11,301.50,306.22,306.998688639244656204,22877,695,7023209.00,15956,69.75,10.61,-4.79
31-July-2023,312.00,313.00,310.00,311.40,311.854060363515090878,29985,800,9350944.00,20368,67.93,3.00,-0.60
28-July-2023,306.90,310.49,306.41,310.04,309.573799608035276825,16328,912,5054721.00,13470,82.50,4.08,3.14
27-July-2023,303.80,309.00,303.50,308.43,305.952670844524022679,16755,752,5126237.00,13743,82.02,5.50,4.63
26-July-2023,308.84,310.68,301.00,302.84,304.769578783151326053,38460,1137,11721438.00,24661,64.12,9.68,-6.00
25-July-2023,309.26,311.10,307.00,308.84,308.988103568929321203,8574,548,2649264.00,6858,79.99,4.10,-0.42
24-July-2023,308.00,311.10,308.00,309.25,309.845529335353972721,18476,427,5724706.00,14932,80.82,3.10,1.25
21-July-2023,306.00,309.70,303.00,308.24,305.470370370370370370,22140,723,6763114.00,14098,63.68,6.70,2.24
20-July-2023,305.21,312.00,305.15,306.26,309.218311517092004896,42476,895,13134357.00,24529,57.75,6.85,1.05
19-July-2023,305.51,309.80,305.20,306.58,308.427780144865786109,23470,576,7238800.00,15097,64.32,4.60,1.07
18-July-2023,308.50,309.50,304.50,308.56,307.781938486148476695,13753,333,4232925.00,11123,80.88,5.00,0.06
17-July-2023,301.35,309.00,301.35,308.05,306.419418358073311117,46214,1157,14160867.00,38253,82.77,7.65,6.70
14-July-2023,299.26,304.65,299.25,303.96,302.686197079621636513,32667,825,9887850.00,30178,92.38,5.40,4.70
13-July-2023,304.50,304.50,297.27,299.60,300.094361103669970533,14932,269,4481009.00,9557,64.00,7.23,-4.90
12-July-2023,302.00,302.60,296.20,299.21,299.720775816879259129,17169,387,5145906.00,13002,75.73,6.40,-2.79
11-July-2023,301.33,303.20,301.00,302.05,302.049277824978759558,11770,291,3555120.00,9645,81.95,2.20,0.72
10-July-2023,303.00,303.00,299.50,300.54,300.962021913020098138,14877,323,4477412.00,13046,87.69,3.50,-2.46
7-July-2023,295.00,302.50,294.13,301.62,298.742943272129350506,29192,715,8720904.00,20947,71.76,8.37,6.62
6-July-2023,291.56,296.29,291.56,295.57,294.522782354777151451,954774,777,281202695.00,940392,98.49,4.73,4.01
5-July-2023,293.10,295.59,292.84,293.69,294.309913954358398802,13365,788,3933452.00,11683,87.41,2.75,0.59
4-July-2023,291.55,296.00,291.55,293.23,293.649980908743795341,26190,1373,7690693.00,21234,81.08,4.45,1.68
3-July-2023,290.26,296.00,290.26,295.00,294.868934695366654505,10964,343,3232943.00,9405,85.78,5.74,4.74
30-June-2023,290.00,293.00,289.50,291.58,290.490493141170342073,23036,731,6691739.00,20524,89.10,3.50,1.58
28-June-2023,293.00,294.07,290.10,290.80,291.241498302443368397,35934,3040,10465472.00,31868,88.68,3.97,-2.20
27-June-2023,295.40,295.40,291.95,292.93,292.870903946207442115,32867,958,9625788.00,25461,77.47,3.45,-2.47
26-June-2023,293.00,296.23,292.10,293.94,294.466308761786771285,29058,664,8556602.00,24030,82.70,4.13,0.94
23-June-2023,291.25,297.73,291.25,293.81,295.024736713201077638,8166,349,2409172.00,5256,64.36,6.48,2.56
22-June-2023,293.00,297.95,290.09,296.61,296.090912534565703246,52798,461,15633008.00,49291,93.36,7.86,3.61
21-June-2023,291.51,293.99,288.00,292.01,291.785671982276426330,45589,1710,13302217.00,33753,74.04,5.99,0.50
20-June-2023,297.96,297.96,289.70,291.51,292.461476215247673544,34602,1188,10119752.00,29194,84.37,8.26,-6.45
19-June-2023,296.50,298.29,295.50,295.93,296.676582604220277920,9715,739,2882213.00,8840,90.99,2.79,-0.57
16-June-2023,295.39,299.84,295.35,296.18,296.663032443169278305,22655,414,6720901.00,18009,79.49,4.49,0.79
15-June-2023,299.00,300.25,296.01,297.04,298.694649446494464944,50948,1162,15217895.00,45758,89.81,4.24,-1.96
14-June-2023,296.01,300.00,296.01,299.67,299.055705214546853954,10394,371,3108385.00,6841,65.82,3.99,3.66
13-June-2023,302.49,302.74,295.00,296.82,295.028618859371637035,10751302,2005,3171941780.00,10623306,98.81,7.74,-5.67
12-June-2023,299.01,303.64,299.01,302.49,302.453858051211548376,5819,208,1759979.00,5070,87.13,4.63,3.48
9-June-2023,302.50,304.00,299.01,299.55,300.718722642260246717,50260,1342,15114123.00,41246,82.07,4.99,-2.95
8-June-2023,304.60,306.49,301.85,302.41,303.991716867469879518,5312,262,1614804.00,4457,83.90,4.64,-2.19
7-June-2023,303.05,305.62,303.05,304.63,305.016770011273957158,7096,445,2164399.00,6395,90.12,2.57,1.58
6-June-2023,303.00,305.12,302.74,304.17,304.273141654978962131,5704,317,1735574.00,5133,89.99,2.38,1.17
5-June-2023,304.20,307.70,301.00,302.74,303.244011588195115057,42457,1231,12874831.00,36292,85.48,6.70,-1.46
2-June-2023,307.90,307.90,301.03,302.10,303.542889916478474387,27897,1076,8467936.00,22227,79.68,6.87,-5.80
1-June-2023,310.50,310.57,303.00,308.37,307.261720363486162742,19368,601,5951045.00,14372,74.20,7.57,-2.13
31-May-2023,306.14,310.45,304.05,307.30,307.017401992495795057,30916,563,9491750.00,16886,54.62,6.40,1.16
30-May-2023,305.50,307.91,304.00,306.14,305.620415510387759693,13333,624,4074837.00,10820,81.15,3.91,0.64
29-May-2023,300.01,305.90,300.01,304.59,303.139960346070656092,22192,757,6727282.00,16583,74.73,5.89,4.58
26-May-2023,298.44,304.00,297.27,300.74,300.794485862990575327,28436,985,8553392.00,18307,64.38,6.73,2.30
25-May-2023,301.01,304.22,296.00,297.39,299.006145171732210031,5000023,3479,1495037603.00,4954339,99.09,8.22,-3.62
24-May-2023,304.00,304.66,302.20,303.70,303.624561988987151676,5993,346,1819622.00,5568,92.91,2.46,-0.30
23-May-2023,304.03,306.00,302.50,302.94,304.004010476346374201,24436,816,7428642.00,17613,72.08,3.50,-1.09
22-May-2023,304.62,306.50,303.90,304.83,304.852565278542163517,32706,945,9970508.00,27464,83.97,2.60,0.21
19-May-2023,304.00,305.69,304.00,304.56,304.803662508449579057,16273,502,4960070.00,14584,89.62,1.69,0.56
18-May-2023,304.00,307.49,304.00,304.73,305.469832333863664178,8171,312,2495994.00,7490,91.67,3.49,0.73
17-May-2023,309.33,311.09,303.01,305.31,306.018100324526649013,401816,819,122962969.00,398458,99.16,8.08,-4.02
16-May-2023,310.00,310.58,308.40,309.33,309.881809320144781882,132337,795,41008829.00,123464,93.30,2.18,-0.67
15-May-2023,313.80,313.80,308.00,309.93,310.315468010383264620,26196,1085,8129024.00,18160,69.32,5.80,-3.87
12-May-2023,314.50,314.50,310.00,311.26,311.614953769559032716,22496,483,7010090.00,20768,92.32,4.50,-3.24
11-May-2023,317.91,318.24,310.35,311.19,314.182563570316554229,9635,406,3027149.00,7974,82.76,7.89,-6.72
10-May-2023,312.99,318.51,312.94,317.65,316.243846694796061884,5688,314,1798795.00,4525,79.55,5.57,4.66
9-May-2023,313.00,314.65,309.00,311.24,310.883723105706267539,10690,472,3323347.00,5538,51.81,5.65,-1.76
8-May-2023,314.20,318.05,311.50,312.18,314.536410703053176561,20667,1046,6500524.00,17147,82.97,6.55,-2.02
5-May-2023,320.00,320.00,313.90,315.34,315.687062014919749830,13271,1268,4189483.00,11507,86.71,6.10,-4.66
4-May-2023,329.00,329.25,315.00,318.15,315.134494648610148065,848004,621,267235312.00,839918,99.05,14.25,-10.85
3-May-2023,333.80,333.80,326.25,328.89,328.993605115907274180,5004,267,1646284.00,3310,66.15,7.55,-4.91
2-May-2023,330.32,334.88,328.03,329.74,330.688736807387862796,36384,1084,12031779.00,25763,70.81,6.85,-0.58
28-April-2023,323.49,332.24,321.62,330.32,325.655896607431340872,8666,289,2822134.00,6928,79.94,10.62,6.83
27-April-2023,320.30,326.78,320.26,323.04,323.587909621427502618,13366,411,4325076.00,10153,75.96,6.52,2.74
26-April-2023,315.02,323.42,315.02,322.33,320.774890313871076611,8889,368,2851368.00,5563,62.58,8.40,7.31
25-April-2023,321.95,321.95,315.56,317.02,319.025748930099857346,14020,630,4472741.00,10868,77.52,6.39,-4.93
24-April-2023,322.80,323.65,319.31,321.95,321.417172420654661227,10051,456,3230564.00,7966,79.26,4.34,-0.85
21-April-2023,318.50,323.20,318.50,322.90,322.047685302302049076,7906,533,2546109.00,7649,96.75,4.70,4.40
20-April-2023,323.90,323.90,320.25,322.01,321.967729083665338645,7530,362,2424417.00,5979,79.40,3.65,-1.89
19-April-2023,320.55,323.85,319.60,320.92,321.484959578868208309,10638,434,3419957.00,7913,74.38,4.25,0.37
18-April-2023,313.11,324.34,313.00,323.44,319.941975995548843494,25162,828,8050380.00,16653,66.18,11.34,10.33
17-April-2023,310.00,319.70,308.75,316.92,317.815438532611169268,21971,621,6982723.00,15640,71.18,10.95,6.92
13-April-2023,311.02,315.50,311.02,314.89,314.951708497127305715,33070,321,10415453.00,31746,96.00,4.48,3.87
12-April-2023,313.00,317.00,313.00,315.09,313.005097330241069383,2405573,158,752956611.00,2404764,99.97,4.00,2.09
11-April-2023,314.25,316.80,314.00,314.87,315.258937105715924297,10462,340,3298239.00,9010,86.12,2.80,0.62
10-April-2023,314.51,316.80,312.50,313.83,314.328340466000951022,4206,171,1322065.00,2997,71.26,4.30,-0.68
6-April-2023,316.00,317.05,313.00,314.61,314.659398034398034398,6512,476,2049062.00,4753,72.99,4.05,-1.39
5-April-2023,314.00,318.02,312.00,313.28,314.351639862349884121,14239,571,4476053.00,10371,72.84,6.02,-0.72
3-April-2023,314.00,317.00,312.50,314.12,314.328968380709038645,15655,875,4920820.00,11507,73.50,4.50,0.12
31-March-2023,307.10,321.17,307.10,312.25,313.994243684042212983,15635,369,4909300.00,12178,77.89,14.07,5.15
29-March-2023,307.05,313.78,305.70,308.42,308.640431913617276544,8335,298,2572518.00,5463,65.54,8.08,1.37
28-March-2023,317.65,318.15,304.50,305.65,311.448144002984517813,21444,823,6678694.00,13853,64.60,13.65,-12.00
27-March-2023,319.00,327.00,314.00,314.44,318.255988415977324891,64917,1443,20660224.00,56515,87.06,13.00,-4.56
24-March-2023,304.15,323.90,304.15,322.60,317.226644994697284087,86748,1672,27518777.00,65689,75.72,19.75,18.45
23-March-2023,307.22,308.73,303.17,305.15,305.538685576801316955,15794,358,4825678.00,12420,78.64,5.56,-2.07
22-March-2023,303.15,309.75,303.15,306.81,306.712064208678204163,3987,149,1222861.00,2655,66.59,6.60,3.66
21-March-2023,303.50,310.42,303.50,306.92,307.513025289979083475,10518,392,3234422.00,7849,74.62,6.92,3.42
20-March-2023,302.01,315.00,299.59,306.06,301.893568807113475701,40599,958,12256577.00,32957,81.18,15.41,4.05
17-March-2023,302.00,303.60,301.25,302.01,302.240879326473339569,12828,620,3877146.00,10930,85.20,2.35,0.01
16-March-2023,300.05,304.20,300.05,303.01,303.038606348470806302,34528,435,10463317.00,32058,92.85,4.15,2.96
15-March-2023,301.04,302.90,300.00,301.20,301.190293333333333333,18750,574,5647318.00,15857,84.57,2.90,0.16
14-March-2023,300.20,303.16,299.11,301.24,300.842859879933580278,62632,1029,18842390.00,59213,94.54,4.05,1.04
13-March-2023,301.30,304.65,300.80,301.05,301.896653414303814059,45778,1451,13820225.00,38015,83.04,3.85,-0.25
10-March-2023,304.00,305.87,301.50,304.45,303.667805294619982920,17565,691,5333925.00,12632,71.92,4.37,0.45
9-March-2023,302.75,305.15,302.75,303.67,303.898136107498916341,16149,690,4907651.00,9508,58.88,2.40,0.92
8-March-2023,309.00,309.00,303.00,304.19,304.457171991842284160,11768,227,3582852.00,10952,93.07,6.00,-4.81
6-March-2023,302.00,306.11,301.50,304.57,304.390189036662851730,25339,774,7712943.00,16147,63.72,4.61,2.57
3-March-2023,302.50,305.00,301.20,301.52,303.238114017790631435,22821,1014,6920197.00,19707,86.35,3.80,-0.98
2-March-2023,305.00,306.00,302.00,302.43,303.183615282265728948,21044,784,6380196.00,16179,76.88,4.00,-2.57
1-March-2023,303.90,306.41,303.90,304.84,305.351599727705922396,11752,571,3588492.00,9516,80.97,2.51,0.94
28-February-2023,303.25,307.99,303.00,306.18,304.959259259259259259,7830,310,2387831.00,7069,90.28,4.99,2.93
27-February-2023,303.50,306.80,303.20,304.93,304.940559041642897889,8765,624,2672804.00,6031,68.81,3.60,1.43
24-February-2023,303.55,306.22,303.55,305.04,305.316497246929267259,9444,392,2883409.00,7799,82.58,2.67,1.49
23-February-2023,305.30,307.27,304.90,305.00,305.107082888108685696,13102,654,3997513.00,11146,85.07,2.37,-0.30
22-February-2023,301.50,306.00,301.50,305.30,305.068999801153310797,10058,446,3068384.00,8181,81.34,4.50,3.80
21-February-2023,303.20,306.00,303.20,305.07,305.245561836754934047,10083,307,3077791.00,6904,68.47,2.80,1.87
20-February-2023,307.80,307.80,303.75,304.01,304.728165173354109855,25670,790,7822372.00,19022,74.10,4.05,-3.79
17-February-2023,311.70,311.70,305.10,306.16,307.230301802714198906,4937,547,1516796.00,4516,91.47,6.60,-5.54
16-February-2023,310.91,310.91,307.95,309.14,308.970723201174743024,10896,625,3366545.00,7280,66.81,2.96,-1.77
15-February-2023,314.95,314.95,308.02,309.74,309.552790044158972300,14946,361,4626576.00,9026,60.39,6.93,-5.21
14-February-2023,309.00,309.70,307.45,308.75,308.402276049279599081,38312,622,11815508.00,37334,97.45,2.25,-0.25
13-February-2023,310.85,310.85,303.30,306.53,307.126365288019664422,46785,978,14368907.00,39493,84.41,7.55,-4.32
10-February-2023,304.10,312.39,304.10,308.08,306.624726771865736443,33397,960,10240346.00,19651,58.84,8.29,3.98
9-February-2023,310.50,310.50,305.00,305.97,306.955462413957609214,29346,1026,9007915.00,24505,83.50,5.50,-4.53
8-February-2023,306.50,308.50,305.00,307.19,307.542242013236375520,24478,1207,7528019.00,20461,83.59,3.50,0.69
7-February-2023,301.30,309.78,301.30,304.91,305.975212500636229449,39294,1062,12022990.00,31645,80.53,8.48,3.61
6-February-2023,304.50,307.97,299.00,302.91,301.116641702937496695,567490,1191,170880683.00,554840,97.77,8.97,-1.59
3-February-2023,306.00,312.50,300.25,301.67,303.719444548789802536,79863,2378,24255946.00,51522,64.51,12.25,-4.33
2-February-2023,320.75,320.75,305.00,306.44,308.814584340739918667,126149,3687,38956651.00,89825,71.21,15.75,-14.31
1-February-2023,330.85,332.27,316.00,319.65,324.371203763789746917,61640,3332,19994241.00,43760,70.99,16.27,-11.20
31-January-2023,329.52,331.78,327.50,328.35,329.374963074802245052,30467,1553,10035067.00,27361,89.81,4.28,-1.17
30-January-2023,343.90,343.90,330.30,331.78,333.392524457263125073,25657,1324,8553852.00,17744,69.16,13.60,-12.12
27-January-2023,337.40,342.25,335.00,336.93,338.174175990323556093,9921,592,3355026.00,6913,69.68,7.25,-0.47
25-January-2023,340.10,341.72,337.25,340.01,340.135289042277825711,5795,390,1971084.00,4362,75.27,4.47,-0.09
24-January-2023,339.65,343.39,339.57,342.56,341.615825688073394495,4360,232,1489445.00,3362,77.11,3.82,2.91
23-January-2023,337.80,341.60,336.50,341.00,339.883035434305424898,3189,163,1083887.00,2578,80.84,5.10,3.20
20-January-2023,339.82,339.82,335.10,335.72,336.286646069344318571,8739,389,2938809.00,5545,63.45,4.72,-4.10
19-January-2023,334.50,338.00,334.30,337.83,335.694684362053226599,14241,530,4780628.00,8391,58.92,3.70,3.33
18-January-2023,338.25,339.79,333.50,335.25,336.398594990836896762,13096,734,4405476.00,9042,69.04,6.29,-3.00
17-January-2023,339.00,339.60,336.00,338.48,338.389172165566886622,6668,267,2256379.00,5408,81.10,3.60,-0.52
16-January-2023,336.10,339.95,336.10,337.80,338.113910462840184378,15837,742,5354710.00,12916,81.56,3.85,1.70
13-January-2023,345.00,351.80,338.10,338.82,340.537316078709448679,5641,271,1920971.00,4713,83.55,13.70,-6.18
12-January-2023,343.00,346.74,337.00,344.54,342.211868661512200020,9959,485,3408088.00,3055,30.68,9.74,1.54
11-January-2023,342.80,343.99,339.00,342.42,340.825266815586994291,4029,192,1373185.00,2285,56.71,4.99,-0.38
10-January-2023,336.30,341.80,336.30,339.08,339.547178833280204016,6274,233,2130319.00,3912,62.35,5.50,2.78
9-January-2023,338.01,341.20,337.50,338.10,338.970937912813738441,9084,336,3079212.00,5538,60.96,3.70,0.09
6-January-2023,341.00,342.80,339.75,339.88,340.601266513811551479,9159,520,3119567.00,4831,52.75,3.05,-1.12
5-January-2023,343.99,343.99,338.27,341.12,340.262422583897450669,6943,471,2362442.00,4302,61.96,5.72,-2.87
4-January-2023,340.00,342.00,339.00,340.53,340.649497487437185929,1592,121,542314.00,1251,78.58,3.00,0.53
3-January-2023,334.50,342.00,334.50,339.93,339.576429171500580069,24997,711,8488392.00,20157,80.64,7.50,5.43
2-January-2023,336.70,339.80,335.35,337.19,337.502047747477774448,10011,635,3378733.00,8245,82.36,4.45,0.49
30-December-2022,342.69,342.69,335.30,336.56,336.744651406343506882,26736,947,9003205.00,20211,75.59,7.39,-6.13
29-December-2022,336.79,345.23,336.79,338.96,340.657244655581947743,29470,770,10039169.00,15342,52.06,8.44,2.17
28-December-2022,336.00,338.77,333.00,336.84,335.251586893120603877,11658,764,3908363.00,8649,74.19,5.77,0.84
27-December-2022,337.01,339.29,334.15,336.10,336.473592440519714269,17779,579,5982164.00,10796,60.72,5.14,-0.91
26-December-2022,340.00,343.35,335.30,338.42,338.192497630568164812,20047,2950,6779745.00,13698,68.33,8.05,-1.58
23-December-2022,343.77,347.13,340.00,341.33,344.956000000000000000,6250,323,2155975.00,4077,65.23,7.13,-2.44
22-December-2022,350.40,350.40,344.06,347.40,347.652243847514878558,6217,195,2161354.00,4532,72.90,6.34,-3.00
21-December-2022,350.25,351.94,346.10,347.77,349.385133666594218648,9202,551,3215042.00,6019,65.41,5.84,-2.48
20-December-2022,350.00,352.00,346.10,350.25,348.532232526577697353,17684,599,6163444.00,14419,81.54,5.90,0.25
19-December-2022,354.90,354.90,348.10,349.13,349.615377358490566037,10600,399,3705923.00,8737,82.42,6.80,-5.77
16-December-2022,346.60,355.00,346.30,351.64,350.253598606399559915,10907,432,3820216.00,8015,73.48,8.70,5.04
15-December-2022,348.30,353.70,348.30,351.64,350.165961523110082222,25054,1116,8773058.00,21398,85.41,5.40,3.34
14-December-2022,350.16,353.00,347.21,349.91,350.184104097063478107,11374,496,3982994.00,8373,73.62,5.79,-0.25
13-December-2022,352.10,353.67,346.69,350.38,350.168784171812925303,25423,945,8902341.00,13844,54.45,6.98,-1.72
12-December-2022,353.20,354.83,351.05,353.67,353.143637875727693952,8417,516,2972410.00,4341,51.57,3.78,0.47
9-December-2022,347.00,354.25,347.00,353.20,351.793156506447831184,13648,408,4801273.00,11445,83.86,7.25,6.20
8-December-2022,347.98,352.00,345.90,349.92,349.321068579555995300,16171,758,5648871.00,11949,73.89,6.10,1.94
7-December-2022,346.50,349.80,342.50,348.54,347.546628298814887736,26411,655,9179054.00,19552,74.03,7.30,2.04
6-December-2022,342.20,344.98,340.31,344.53,343.644009905217317052,11711,313,4024415.00,8126,69.39,4.67,2.33
5-December-2022,339.31,344.40,339.31,343.04,342.673531777956556717,12430,619,4259432.00,10299,82.86,5.09,3.73
2-December-2022,342.40,342.60,339.00,341.94,340.282803783652680087,16492,608,5611944.00,12196,73.95,3.60,-0.46
1-December-2022,340.25,344.06,340.25,341.74,341.772837954599010289,12731,648,4351110.00,9685,76.07,3.81,1.49
30-November-2022,344.00,346.99,339.52,343.44,341.743733668828026710,10333,339,3531238.00,6803,65.84,7.47,-0.56
29-November-2022,341.00,343.76,340.00,340.25,342.058522574275199712,11141,422,3810874.00,8141,73.07,3.76,-0.75
28-November-2022,342.00,342.92,338.05,340.62,340.425015954052329291,7835,365,2667230.00,4361,55.66,4.87,-1.38
25-November-2022,339.80,341.28,338.20,338.46,339.511028500619578686,4035,238,1369927.00,3572,88.53,3.08,-1.34
24-November-2022,342.90,342.90,337.49,338.27,339.418480427329984852,12543,399,4257326.00,8829,70.39,5.41,-4.63
23-November-2022,337.00,340.25,336.48,339.86,339.192746048737485045,15881,688,5386720.00,12868,81.03,3.77,2.86
22-November-2022,330.00,338.70,329.50,336.74,335.165217775031993292,22661,399,7595179.00,19822,87.47,9.20,6.74
21-November-2022,322.40,334.70,322.40,329.27,329.364447873043861582,18148,483,5977306.00,12608,69.47,12.30,6.87
18-November-2022,337.00,338.20,323.00,326.13,329.405370875713222525,80620,2396,26556661.00,52008,64.51,15.20,-10.87
17-November-2022,340.00,340.00,334.00,334.92,335.665124028137726767,5402,288,1813263.00,4117,76.21,6.00,-5.08
16-November-2022,341.80,341.80,333.84,335.94,336.310871830496700243,14395,413,4841195.00,11072,76.92,7.96,-5.86
15-November-2022,341.20,346.46,335.00,336.11,340.676786404016994978,12945,503,4410061.00,8966,69.26,11.46,-5.09
14-November-2022,338.40,345.20,338.40,343.23,342.938847407719003049,19018,668,6522011.00,15180,79.82,6.80,4.83
11-November-2022,336.00,343.91,334.20,342.16,338.747197744095875925,14185,311,4805129.00,11481,80.94,9.71,6.16
10-November-2022,334.00,335.59,332.10,332.75,333.555085364074128119,13706,595,4571706.00,10200,74.42,3.49,-1.25
9-November-2022,335.00,336.10,332.84,333.84,334.773704888816882012,24689,786,8265228.00,19669,79.67,3.26,-1.16
7-November-2022,334.10,338.20,332.60,333.84,334.076051077136900625,46048,1966,15383534.00,33345,72.41,5.60,-0.26
4-November-2022,340.23,342.64,333.00,334.03,338.208793665201281591,147629,1944,49929426.00,143717,97.35,9.64,-6.20
3-November-2022,341.41,343.00,339.00,340.23,340.558565177116938703,31307,1471,10661867.00,25142,80.31,4.00,-1.18
2-November-2022,345.99,345.99,341.34,342.47,343.298004434589800443,11275,481,3870685.00,10511,93.22,4.65,-3.52
1-November-2022,343.05,345.69,343.05,344.31,344.541690626797009775,8695,533,2995790.00,6758,77.72,2.64,1.26
31-October-2022,348.90,348.90,344.00,344.84,345.529466249855273821,8637,305,2984338.00,7633,88.38,4.90,-4.06
28-October-2022,343.01,348.00,343.01,347.40,347.105809586922907002,9054,417,3142696.00,7035,77.70,4.99,4.39
27-October-2022,343.10,346.30,343.10,345.19,345.470583882187523125,13513,425,4668344.00,11776,87.15,3.20,2.09
25-October-2022,348.34,349.00,343.15,343.19,344.116352201257861635,19716,1036,6784598.00,16865,85.54,5.85,-5.15
24-October-2022,346.00,349.18,345.00,348.61,347.544007258929307927,12123,656,4213276.00,10047,82.88,4.18,2.61
21-October-2022,346.00,346.43,342.51,343.62,344.610367337906616508,18076,680,6229177.00,12756,70.57,3.92,-2.38
20-October-2022,344.00,347.53,343.00,343.64,345.381540270429159318,5103,271,1762482.00,3698,72.47,4.53,-0.36
19-October-2022,349.00,349.74,344.00,345.18,347.224986765484383271,5667,231,1967724.00,4920,86.82,5.74,-3.82
18-October-2022,346.01,349.99,342.15,348.93,347.325518603885413236,15185,527,5274138.00,10833,71.34,7.84,2.92
17-October-2022,344.45,348.20,342.25,346.75,343.988429244317018226,9766,655,3359391.00,7535,77.16,5.95,2.30
14-October-2022,346.60,347.15,341.51,343.38,344.419410625345877144,28912,1169,9957854.00,24646,85.24,5.64,-3.22
13-October-2022,348.00,349.96,345.35,347.14,348.411880290205562273,6616,271,2305093.00,4377,66.16,4.61,-0.86
12-October-2022,351.00,351.00,345.30,348.06,347.212842599843382928,12770,285,4433908.00,9342,73.16,5.70,-2.94
11-October-2022,341.31,347.20,341.31,345.42,343.900954238350630354,14357,499,4937386.00,10318,71.87,5.89,4.11
10-October-2022,347.00,347.00,342.01,343.74,345.104452236744235469,28233,509,9743334.00,18449,65.35,4.99,-3.26
7-October-2022,343.80,345.80,341.11,343.78,342.972492127755285650,44460,1127,15248557.00,41055,92.34,4.69,-0.02
6-October-2022,340.10,348.96,340.10,342.27,343.823698523698523698,25740,817,8850022.00,19401,75.37,8.86,2.17
4-October-2022,348.50,348.50,342.65,345.06,344.294109557643823057,21815,1241,7510776.00,15261,69.96,5.85,-3.44
3-October-2022,345.84,348.20,344.35,345.34,346.266417844130454101,11253,517,3896536.00,8878,78.89,3.85,-0.50
30-September-2022,350.20,352.65,314.70,345.56,343.570608683479924410,42863,962,14726467.00,32677,76.24,37.95,-4.64
29-September-2022,350.00,354.92,350.00,353.19,353.027045938545786431,32870,817,11603999.00,20742,63.10,4.92,3.19
28-September-2022,348.90,351.40,347.31,350.42,349.737161180419860714,19959,403,6980404.00,17233,86.34,4.09,1.52
27-September-2022,348.00,349.87,345.45,346.77,346.981725967884527316,408339,2198,141686171.00,310043,75.93,4.42,-1.23
26-September-2022,349.00,353.15,347.00,351.40,349.576396389446073136,51848,1596,18124837.00,36068,69.56,6.15,2.40
23-September-2022,351.10,355.57,351.10,354.67,354.429305666400638467,31325,479,11102498.00,29455,94.03,4.47,3.57
22-September-2022,356.50,356.50,352.55,353.61,354.545707472178060413,2516,299,892037.00,1962,77.98,3.95,-2.89
21-September-2022,351.51,356.34,351.51,354.74,355.187647140285279047,7221,217,2564810.00,2944,40.77,4.83,3.23
20-September-2022,353.99,354.95,350.00,353.97,353.265035188739603326,12504,644,4417226.00,10011,80.06,4.95,-0.02
19-September-2022,351.50,354.66,348.55,351.03,351.314675444373144680,5700502,950,2002670010.00,5689754,99.81,6.11,-0.47
16-September-2022,362.95,362.95,350.25,351.28,351.156835415215337139,5477736,4201,1923544439.00,4835936,88.28,12.70,-11.67
15-September-2022,356.30,362.73,356.30,361.83,360.604464686638013984,15589,561,5621463.00,11040,70.82,6.43,5.53
14-September-2022,362.45,362.45,358.00,359.88,361.339929888047042858,8843,299,3195329.00,7190,81.31,4.45,-2.57
13-September-2022,363.90,363.90,359.81,360.44,361.618572524942440521,6515,275,2355945.00,5673,87.08,4.09,-3.46
12-September-2022,360.05,362.29,359.27,361.16,360.684018301493016535,24916,821,8986803.00,17778,71.35,3.02,1.11
9-September-2022,360.70,361.64,358.36,360.04,359.550489855743269304,12963,337,4660853.00,10517,81.13,3.28,-0.66
8-September-2022,353.45,358.63,350.10,357.24,355.564369865816938053,171035,889,60813952.00,137617,80.46,8.53,3.79
7-September-2022,361.01,364.90,350.01,352.18,352.197676540677563662,13068617,6150,4602736543.00,10008184,76.58,14.89,-8.83
6-September-2022,366.88,366.88,362.46,363.12,363.493932362004032411,26287,619,9555165.00,23641,89.93,4.42,-3.76
5-September-2022,368.00,368.00,363.77,364.16,365.397978413568614014,5837,324,2132828.00,4921,84.31,4.23,-3.84
2-September-2022,366.00,367.40,364.40,365.76,365.406854247232964395,7499,266,2740186.00,5510,73.48,3.00,-0.24
1-September-2022,364.80,366.94,362.15,366.00,364.741872307089698394,15318,738,5587116.00,12887,84.13,4.79,1.20
30-August-2022,366.70,366.70,363.00,363.69,364.078023943855786431,7267,302,2645755.00,3998,55.02,3.70,-3.01
29-August-2022,366.99,366.99,362.76,363.76,364.762633406197762633,7777,326,2836759.00,7177,92.28,4.23,-3.23
26-August-2022,367.50,368.00,364.15,364.41,365.705232243604606229,12939,512,4731860.00,10182,78.69,3.85,-3.09
25-August-2022,366.79,366.79,360.65,366.10,364.672344013490725126,5930,280,2162507.00,4663,78.63,6.14,-0.69
24-August-2022,364.56,366.65,362.76,364.47,364.586385215327229569,11796,515,4300661.00,9404,79.72,3.89,-0.09
23-August-2022,367.89,367.89,363.04,364.56,365.222591032945256378,20185,759,7372018.00,12151,60.20,4.85,-3.33
22-August-2022,367.89,368.98,364.27,366.93,366.938484546360917248,20060,590,7360786.00,14908,74.32,4.71,-0.96
19-August-2022,362.95,366.20,362.00,365.75,364.462468513853904282,91310,2380,33279068.00,55212,60.47,4.20,2.80
18-August-2022,374.00,374.00,357.00,360.94,357.872689375729858681,32359004,7541,11580403787.00,29647731,91.62,17.00,-13.06
17-August-2022,377.00,377.00,370.35,374.28,374.589132091908962212,9183,646,3439852.00,7104,77.36,6.65,-2.72
16-August-2022,378.80,378.80,374.00,374.39,375.705575645446135732,11891,851,4467515.00,8658,72.81,4.80,-4.41
12-August-2022,377.40,379.00,373.43,376.37,376.696825534123345731,11561,611,4354992.00,8698,75.24,5.57,-1.03
11-August-2022,376.80,376.80,372.80,375.45,374.414148790506617982,10955,298,4101707.00,9661,88.19,4.00,-1.35
10-August-2022,372.80,374.78,368.00,373.39,371.434517402224614280,36231,751,13457444.00,29219,80.65,6.78,0.59
8-August-2022,369.80,371.68,362.00,369.00,362.030971966614753602,3024929,764,1095117986.00,3008309,99.45,9.68,-0.80
5-August-2022,371.80,371.80,362.00,365.20,362.030551096032875937,2376936,506,860523450.00,2368994,99.67,9.80,-6.60
4-August-2022,365.50,369.99,362.50,368.23,366.013703703703703703,13500,550,4941185.00,10133,75.06,7.49,2.73
3-August-2022,366.80,367.95,359.05,362.45,363.574488452794064855,16714,398,6076784.00,12474,74.63,8.90,-4.35
2-August-2022,360.35,366.00,360.35,361.64,361.999073426614946839,2947419,1461,1066962947.00,2909355,98.71,5.65,1.29
1-August-2022,368.99,368.99,362.44,364.73,364.531097942862648745,20757,876,7566572.00,17617,84.87,6.55,-4.26
29-July-2022,365.50,365.50,363.00,364.11,364.750761687970583085,57110,340,20830916.00,54506,95.44,2.50,-1.39
28-July-2022,364.90,365.88,360.31,364.41,364.145702902675014228,8785,435,3199020.00,6862,78.11,5.57,-0.49
27-July-2022,364.65,364.80,361.50,363.40,362.605976569132378742,17669,670,6406885.00,14400,81.50,3.30,-1.25
26-July-2022,363.75,365.05,358.65,363.28,362.763062767006243838,12172,757,4415552.00,9743,80.04,6.40,-0.47
25-July-2022,369.80,369.80,363.65,364.05,365.016790123456790123,42525,1116,15522339.00,39930,93.90,6.15,-5.75
22-July-2022,373.30,373.30,367.00,368.06,368.355970317067686080,17788,930,6552316.00,15089,84.83,6.30,-5.24
21-July-2022,368.68,369.46,367.80,368.23,368.611603231772607806,10273,563,3786747.00,8617,83.88,1.66,-0.45
20-July-2022,370.00,370.29,368.00,368.61,369.390675316189853922,21427,551,7914934.00,19328,90.20,2.29,-1.39
19-July-2022,372.40,372.40,367.70,368.42,369.079088732120898323,15451,517,5702641.00,12312,79.68,4.70,-3.98
18-July-2022,371.70,371.70,368.00,369.27,369.237280296022201665,6486,466,2394873.00,5744,88.56,3.70,-2.43
15-July-2022,372.75,372.75,369.26,369.60,369.809348625838563081,4621,470,1708889.00,4080,88.29,3.49,-3.15
14-July-2022,372.90,372.90,369.61,370.14,370.166299687101634024,8629,280,3194165.00,7472,86.59,3.29,-2.76
13-July-2022,370.00,370.99,358.00,368.31,366.852993210289758056,41828,692,15344727.00,37186,88.90,12.99,-1.69
12-July-2022,371.00,371.09,367.10,367.99,368.855943616448195367,22276,380,8216635.00,21180,95.08,3.99,-3.01
11-July-2022,373.00,373.66,370.20,371.12,371.295495881031346956,18694,660,6940998.00,15122,80.89,3.46,-1.88
8-July-2022,379.60,379.60,371.25,373.12,372.657102869139258222,8574,341,3195162.00,6769,78.95,8.35,-6.48
7-July-2022,387.40,387.40,372.43,374.64,376.185037121644774414,8755,615,3293500.00,5692,65.01,14.97,-12.76
6-July-2022,373.90,383.00,371.40,380.14,377.156639910991019629,12583,354,4745762.00,9653,76.71,11.60,6.24
5-July-2022,367.35,372.95,362.00,371.51,368.528154727018619539,22181,701,8174323.00,16281,73.40,10.95,4.16
4-July-2022,374.40,374.40,363.00,367.35,367.609589219961872927,38293,876,14076874.00,33301,86.96,11.40,-7.05
1-July-2022,376.50,383.90,369.86,371.40,375.163904858527787171,17742,980,6656158.00,10083,56.83,14.04,-5.10
30-June-2022,373.80,376.27,368.92,374.36,372.894975786924939467,6608,226,2464090.00,4818,72.91,7.35,0.56
29-June-2022,367.80,370.00,365.55,366.97,367.957314933925856624,8551,392,3146403.00,6840,79.99,4.45,-0.83
28-June-2022,368.29,369.17,366.00,367.03,367.594200483293058911,12001,328,4411498.00,10485,87.37,3.17,-1.26
27-June-2022,371.40,376.80,367.00,367.54,369.365143838197730413,23881,555,8820809.00,20112,84.22,9.80,-3.86
24-June-2022,371.80,373.00,366.10,368.19,368.906907039273592806,22687,517,8369391.00,18164,80.06,6.90,-3.61
23-June-2022,372.20,373.98,368.00,369.06,370.213122787911788728,18365,866,6798964.00,15510,84.45,5.98,-3.14
22-June-2022,372.05,379.70,370.91,374.82,374.081805486733636650,22199,498,8304242.00,18755,84.49,8.79,2.77
21-June-2022,373.50,373.59,370.67,373.25,372.569023877046930747,10931,395,4072552.00,7929,72.54,2.92,-0.25
20-June-2022,369.00,374.98,368.40,370.90,371.599885069480723017,19142,885,7113165.00,12432,64.95,6.58,1.90
17-June-2022,382.35,382.35,365.00,368.43,372.320390256678889470,30544,1229,11372154.00,23294,76.26,17.35,-13.92
16-June-2022,383.90,383.90,378.44,382.30,380.447515245880368496,15414,328,5864218.00,12626,81.91,5.46,-1.60
15-June-2022,387.88,387.92,373.28,374.00,376.900039895385433751,22559,693,8502488.00,18109,80.27,14.64,-13.88
14-June-2022,402.00,404.00,385.10,387.23,395.257086652262246444,31009,1484,12256527.00,22146,71.42,18.90,-14.77
13-June-2022,404.95,404.95,400.00,402.77,402.166958496994936349,21131,591,8498190.00,15669,74.15,4.95,-2.18
10-June-2022,401.04,405.00,400.82,404.95,402.856011730205278592,6820,222,2747478.00,5685,83.36,4.18,3.91
9-June-2022,402.15,404.98,396.35,403.51,401.590419993057965984,17286,665,6941892.00,11132,64.40,8.63,1.36
8-June-2022,395.00,406.69,393.00,403.55,399.039581222559945964,14805,618,5907781.00,9737,65.77,13.69,8.55
7-June-2022,392.75,395.90,389.75,395.13,394.017693673999180215,29276,737,11535262.00,24472,83.59,6.15,2.38
6-June-2022,395.40,395.45,382.30,390.50,389.613094002905167047,9638,530,3755091.00,6260,64.95,13.15,-4.90
3-June-2022,396.99,396.99,391.00,394.24,393.584234930448222565,4529,264,1782543.00,2507,55.35,5.99,-2.75
2-June-2022,394.20,396.23,389.59,392.04,392.892192989973433884,11669,551,4584659.00,8189,70.18,6.64,-2.16
1-June-2022,397.80,397.80,387.00,390.71,390.700517416463837263,310195,704,121193347.00,305548,98.50,10.80,-7.09
31-May-2022,386.00,398.50,379.85,393.69,390.863810252486610558,16991,673,6641167.00,8449,49.73,18.65,7.69
30-May-2022,377.95,383.25,376.00,380.04,380.520178858060077963,8722,528,3318897.00,5499,63.05,7.25,2.09
27-May-2022,377.40,377.40,373.71,375.99,374.864537754074269768,60563,223,22702921.00,57371,94.73,3.69,-1.41
26-May-2022,379.70,379.70,372.74,373.84,374.882458521209998686,22843,564,8563440.00,18851,82.52,6.96,-5.86
25-May-2022,379.80,379.80,374.51,375.52,376.131026108075288403,8235,436,3097439.00,4451,54.05,5.29,-4.28
24-May-2022,379.40,379.40,375.99,376.48,376.764986105597459309,2519,194,949071.00,1908,75.74,3.41,-2.92
23-May-2022,375.00,377.73,373.02,375.71,375.194973070017953321,2785,272,1044918.00,2248,80.72,4.71,0.71
20-May-2022,376.62,382.00,370.50,372.47,374.819739908291362850,13303,1318,4986227.00,9080,68.26,11.50,-4.15
19-May-2022,369.80,377.02,369.74,372.92,373.036227906466132396,9109,894,3397987.00,5810,63.78,7.28,3.12
18-May-2022,371.00,373.99,370.00,370.38,370.769698218148110001,9709,399,3599803.00,9146,94.20,3.99,-0.62
17-May-2022,368.00,378.48,368.00,370.86,372.909270040304523063,11165,324,4163532.00,8642,77.40,10.48,2.86
16-May-2022,375.00,375.00,371.00,371.79,372.816710751517037498,6427,379,2396093.00,5645,87.83,4.00,-3.21
13-May-2022,370.00,381.21,370.00,373.04,376.784334982044853987,29518,1245,11121920.00,20436,69.23,11.21,3.04
12-May-2022,372.00,386.95,367.00,377.88,372.658341062673910162,30188,2198,11249810.00,24142,79.97,19.95,5.88
11-May-2022,371.20,376.80,368.83,371.96,370.951929158760278304,11067,1547,4105325.00,8880,80.24,7.97,0.76
10-May-2022,378.14,378.14,367.40,369.73,371.082430354396881593,27963,635,10376578.00,20324,72.68,10.74,-8.41
9-May-2022,392.70,392.70,374.22,374.72,376.559311087190527448,27870,1488,10494708.00,22521,80.81,18.48,-17.98
6-May-2022,384.80,387.40,380.21,382.32,382.411650012186205215,16412,748,6276140.00,11156,67.97,7.19,-2.48
5-May-2022,387.20,388.99,384.47,385.17,387.186427457098283931,3846,295,1489119.00,3223,83.80,4.52,-2.03
4-May-2022,393.00,393.00,383.65,386.52,388.188288579747654480,15455,917,5999450.00,10955,70.88,9.35,-6.48
2-May-2022,386.99,394.95,380.00,383.91,385.216950768863988556,8389,440,3231585.00,5640,67.23,14.95,-3.08
29-April-2022,389.99,389.99,383.00,385.83,384.895520520520520520,7992,664,3076085.00,4652,58.21,6.99,-4.16
28-April-2022,391.40,391.40,384.25,388.60,388.833291075050709939,7888,1067,3067117.00,6725,85.26,7.15,-2.80
27-April-2022,384.70,391.50,381.52,388.65,385.637478897017445132,8885,481,3426389.00,6424,72.30,9.98,3.95
26-April-2022,385.29,387.00,382.00,384.74,383.414367990300090936,3299,272,1264884.00,2849,86.36,5.00,-0.55
25-April-2022,384.60,384.60,377.20,382.26,383.456060396814436311,21723,603,8329816.00,18734,86.24,7.40,-2.34
22-April-2022,376.56,386.81,376.51,382.48,381.314671052631578947,15200,669,5795983.00,10960,72.11,10.30,5.92
21-April-2022,378.33,378.33,375.00,375.81,376.387480456729574654,523198,491,196925177.00,522321,99.83,3.33,-2.52
20-April-2022,375.20,378.50,371.14,375.91,374.763915547024952015,14067,658,5271804.00,10784,76.66,7.36,0.71
19-April-2022,374.99,375.90,370.10,371.96,373.856735856735856735,24570,772,9185660.00,19868,80.86,5.80,-3.03
18-April-2022,374.45,376.37,372.26,373.89,374.746992190248364173,14213,544,5326279.00,11827,83.21,4.11,-0.56
13-April-2022,375.27,376.28,372.85,374.34,373.947626476487630933,13461,603,5033709.00,6674,49.58,3.43,-0.93
12-April-2022,376.90,376.90,372.11,373.62,373.875480538202787121,16648,542,6224279.00,13045,78.36,4.79,-3.28
11-April-2022,374.40,375.35,371.00,373.60,372.551744529863985807,13528,683,5039880.00,10551,77.99,4.35,-0.80
8-April-2022,375.01,377.29,368.02,371.34,373.695167568114037304,39566,1881,14785623.00,32850,83.03,9.27,-3.67
7-April-2022,382.70,382.70,375.00,376.24,378.372655499394293830,23939,1435,9057863.00,20409,85.25,7.70,-6.46
6-April-2022,379.50,383.00,378.61,379.84,380.306617453203269180,11379,565,4327509.00,8967,78.80,4.39,0.34
5-April-2022,378.00,380.00,374.96,379.60,378.157098525989138867,7734,619,2924667.00,5285,68.33,5.04,1.60
4-April-2022,374.99,377.20,371.01,375.57,374.093099285786138215,59646,1526,22313157.00,40478,67.86,6.19,0.58
1-April-2022,369.15,374.00,367.55,372.75,370.298185659251895116,16094,425,5959579.00,14356,89.20,6.45,3.60
31-March-2022,371.00,375.00,369.96,371.72,373.453784403669724770,8720,197,3256517.00,7734,88.69,5.04,0.72
30-March-2022,371.00,372.69,368.21,371.49,370.814333232537042636,6614,319,2452566.00,4294,64.92,4.48,0.49
29-March-2022,375.20,375.89,362.20,367.55,368.440629135421261579,362720,916,133640785.00,356703,98.34,13.69,-7.65
28-March-2022,369.95,374.65,369.95,374.04,372.491354919836529393,9543,364,3554685.00,6181,64.77,4.70,4.09
25-March-2022,378.00,378.00,365.65,368.40,371.275366621148251499,16843,841,6253391.00,14716,87.37,12.35,-9.60
24-March-2022,377.78,377.78,369.49,376.09,373.880318822808093194,8155,397,3048994.00,5538,67.91,8.29,-1.69
23-March-2022,377.20,380.99,376.61,379.99,379.550223546944858420,3355,100,1273391.00,2694,80.30,4.38,2.79
22-March-2022,367.58,378.00,364.00,375.47,369.278535954259004215,23961,1406,8848283.00,16889,70.49,14.00,7.89
21-March-2022,362.00,368.64,359.00,367.88,364.914195441209659219,22155,772,8084674.00,13787,62.23,9.64,5.88
17-March-2022,376.63,380.59,353.20,361.40,363.229028118072570295,25713,1104,9339708.00,17348,67.47,27.39,-15.23
16-March-2022,383.90,383.90,368.25,377.44,374.435353594049625196,17209,574,6443658.00,11471,66.66,15.65,-6.46
15-March-2022,378.80,384.50,378.21,379.45,381.973694099962420142,15966,1202,6098592.00,8590,53.80,6.29,0.65
14-March-2022,379.75,381.87,370.00,376.89,376.309666541775946047,10676,836,4017482.00,6205,58.12,11.87,-2.86
11-March-2022,374.00,385.00,373.00,376.51,378.566908018235451863,11187,743,4235028.00,5976,53.42,12.00,2.51
10-March-2022,374.00,379.50,368.55,372.75,373.778206594244330093,20988,936,7844857.00,12012,57.23,10.95,-1.25
9-March-2022,375.50,375.50,366.00,367.20,367.018910390785321829,90638,1045,33265860.00,85971,94.85,9.50,-8.30
8-March-2022,372.90,372.90,361.85,368.76,367.715297313027451741,10309,685,3790777.00,6298,61.09,11.05,-4.14
7-March-2022,372.05,374.80,365.65,368.48,369.766637201666877130,15838,593,5856364.00,9931,62.70,9.15,-3.57
4-March-2022,374.00,375.19,371.67,373.43,373.581732821169440887,7029,513,2625906.00,5441,77.41,3.52,-0.57
3-March-2022,380.00,380.09,371.76,374.00,376.805849655902593965,7556,483,2847145.00,5571,73.73,8.33,-6.00
2-March-2022,373.99,382.79,373.49,379.26,379.903867982188072993,11453,549,4351039.00,5880,51.34,9.30,5.27
28-February-2022,378.85,378.85,371.00,373.49,374.143247269116186693,4028,243,1507049.00,2952,73.29,7.85,-5.36
25-February-2022,375.00,381.40,370.20,373.70,373.475143903715332286,21021,849,7850821.00,14057,66.87,11.20,-1.30
24-February-2022,380.00,385.00,374.65,379.08,380.301111237101712212,35276,1424,13415502.00,31041,87.99,10.35,-0.92
23-February-2022,381.40,389.25,374.05,383.75,384.876897533206831119,4216,391,1622641.00,2416,57.31,15.20,2.35
22-February-2022,377.80,378.00,369.00,373.03,374.035263100076897726,9103,487,3404843.00,6892,75.71,9.00,-4.77
21-February-2022,386.79,386.79,366.38,373.16,377.423529906620678051,23774,861,8972867.00,13286,55.88,20.41,-13.63
18-February-2022,382.00,387.23,376.55,381.46,385.840089409221242018,873288,296,336949520.00,871036,99.74,10.68,-0.54
17-February-2022,393.90,393.90,375.21,379.19,384.503495452153649552,13303,416,5115050.00,7849,59.00,18.69,-14.71
16-February-2022,384.00,389.32,375.00,388.07,384.093945532297996848,22215,439,8532647.00,13432,60.46,14.32,4.07
15-February-2022,378.70,384.19,376.25,381.10,380.200680720904429184,333470,501,126785521.00,328743,98.58,7.94,2.40
14-February-2022,392.00,392.00,379.31,381.84,383.624374684473817063,43578,989,16717583.00,35597,81.69,12.69,-10.16
11-February-2022,374.50,394.00,374.50,390.07,387.959891107078039927,27550,1344,10688295.00,20428,74.15,19.50,15.57
10-February-2022,382.25,385.00,372.50,381.08,382.897408621651785714,172032,571,65870607.00,10624,6.18,12.50,-1.17
9-February-2022,380.00,384.76,377.02,381.82,380.409508237957489623,7951,488,3024636.00,6266,78.81,7.74,1.82
8-February-2022,367.99,380.00,360.00,377.73,368.884744812114413909,24962,530,9208101.00,17506,70.13,20.00,9.74
7-February-2022,379.90,379.90,365.00,370.63,374.145566330734613678,78885,435,29514473.00,75478,95.68,14.90,-9.27
4-February-2022,371.80,378.18,361.75,376.27,373.143733982978454139,31607,1108,11793954.00,24207,76.59,16.43,4.47
3-February-2022,370.74,373.54,370.00,370.56,371.305204280155642023,4112,253,1526807.00,2836,68.97,3.54,-0.18
2-February-2022,369.79,373.00,369.11,370.11,370.314102564102564102,7800,302,2888450.00,5981,76.68,3.89,0.32
1-February-2022,369.74,372.27,366.35,370.25,367.751248385561161381,4100496,287,1507962523.00,4098632,99.95,5.92,0.51
31-January-2022,369.25,374.48,362.00,367.74,365.552934722984092155,16407,375,5997627.00,11248,68.56,12.48,-1.51
28-January-2022,361.74,363.79,357.45,361.90,360.524253285543608124,8370,239,3017588.00,4825,57.65,6.34,0.16
27-January-2022,359.00,362.05,356.00,360.58,359.472974364254092453,9713,339,3491561.00,7023,72.31,6.05,1.58
25-January-2022,360.00,362.00,356.01,359.10,359.363261377698336312,7273,202,2613649.00,5987,82.32,5.99,-0.90
24-January-2022,365.22,365.22,360.10,361.42,361.752408477842003853,8304,238,3003992.00,6580,79.24,5.12,-3.80
21-January-2022,365.90,365.90,362.00,364.78,363.607092597804672108,7106,179,2583792.00,6404,90.12,3.90,-1.12
20-January-2022,366.00,367.00,362.01,366.42,365.486625358923983678,13234,395,4836850.00,9991,75.49,4.99,0.42
19-January-2022,363.20,367.24,363.00,366.01,365.166035512917613397,11883,595,4339268.00,8898,74.88,4.24,2.81
18-January-2022,366.80,367.53,360.50,365.66,364.496598639455782312,15435,478,5626005.00,11409,73.92,7.03,-1.14
17-January-2022,363.50,365.00,360.49,361.98,362.532435508345978755,10544,337,3822542.00,6760,64.11,4.51,-1.52
14-January-2022,362.00,364.90,358.34,359.08,360.728735432249086797,11498,732,4147659.00,8047,69.99,6.56,-2.92
13-January-2022,358.28,361.59,356.76,361.13,359.397448808324941255,5958,318,2141290.00,4934,82.81,4.83,2.85
12-January-2022,358.00,359.23,351.10,356.73,356.799454297407912687,19791,789,7061418.00,15481,78.22,8.13,-1.27
11-January-2022,354.00,368.00,352.40,356.42,356.431697653154526059,16405,564,5847262.00,8476,51.67,15.60,2.42
10-January-2022,356.50,356.50,349.53,354.72,352.992077823731578027,17167,380,6059815.00,12803,74.58,6.97,-1.78
7-January-2022,352.21,354.00,350.00,353.56,351.955428812843261512,4734,145,1666157.00,3340,70.55,4.00,1.35
6-January-2022,349.30,355.78,347.22,352.68,349.376004464285714285,8960,331,3130409.00,6662,74.35,8.56,3.38
5-January-2022,349.00,350.00,343.80,348.30,348.365780814983548468,19755,346,6881966.00,16206,82.03,6.20,-0.70
4-January-2022,340.23,347.92,337.15,345.46,342.065075343379117215,14998,492,5130292.00,10321,68.82,10.77,5.23
3-January-2022,343.90,343.90,339.10,339.70,340.179919195392418120,23266,622,7914626.00,20346,87.45,4.80,-4.20
31-December-2021,341.79,341.79,339.00,339.58,340.148608302032167966,10383,573,3531763.00,7600,73.20,2.79,-2.21
30-December-2021,341.19,343.00,339.20,340.24,341.766169757201147335,24753,639,8459738.00,19700,79.59,3.80,-0.95
29-December-2021,343.90,343.90,340.00,341.10,341.226489711106642536,14919,549,5090758.00,12233,82.00,3.90,-2.80
28-December-2021,343.27,344.00,340.00,341.83,341.194539374563627677,27213,632,9284927.00,21367,78.52,4.00,-1.44
27-December-2021,348.50,348.50,341.10,341.43,342.215788020977090808,18115,734,6199239.00,14913,82.32,7.40,-7.07
24-December-2021,350.00,350.00,342.40,343.71,344.507314064152273528,11348,437,3909469.00,9992,88.05,7.60,-6.29
23-December-2021,350.28,354.99,345.84,347.03,349.489805206626615692,10986,324,3839495.00,8958,81.54,9.15,-3.25
22-December-2021,350.79,350.79,347.80,349.59,349.022236900044033465,4542,249,1585259.00,4038,88.90,2.99,-1.20
21-December-2021,348.90,350.00,341.00,349.40,344.542290631989991280,52754,1057,18175984.00,39777,75.40,9.00,0.50
20-December-2021,348.24,351.29,340.00,341.15,345.112702366127023661,24090,559,8313765.00,16815,69.80,11.29,-7.09
17-December-2021,355.00,359.29,345.25,349.21,350.238522568567438267,33653,556,11786577.00,20028,59.51,14.04,-5.79
16-December-2021,363.28,363.49,358.04,358.34,359.600879222582137899,4322,182,1554195.00,3134,72.51,5.45,-4.94
15-December-2021,362.70,363.45,360.22,361.78,362.606310000666013339,105103,264,38111011.00,103345,98.33,3.23,-0.92
14-December-2021,360.04,364.98,360.00,362.01,362.713271436373566357,5493,150,1992384.00,4026,73.29,4.98,1.97
13-December-2021,359.23,363.00,358.00,358.09,360.802718057257435668,8977,252,3238926.00,5157,57.45,5.00,-1.14
10-December-2021,361.00,361.12,356.70,358.47,359.191379645845495232,10278,266,3691769.00,5765,56.09,4.42,-2.53
9-December-2021,358.00,360.00,354.52,359.32,358.083585095669687814,8937,258,3200193.00,5545,62.05,5.48,1.32
8-December-2021,353.90,357.00,348.00,352.95,350.266712275215011727,20464,858,7167858.00,12787,62.49,9.00,-0.95
7-December-2021,363.00,363.00,346.15,347.87,351.335658217696663345,41149,776,14457111.00,33627,81.72,16.85,-15.13
6-December-2021,367.35,367.35,359.00,360.13,360.453347207769684356,17298,637,6235122.00,8426,48.71,8.35,-7.22
3-December-2021,362.00,367.50,359.00,365.09,362.356616605270614905,7058,164,2557513.00,5213,73.86,8.50,3.09
2-December-2021,368.50,368.50,355.00,362.02,360.908055463849455265,6058,301,2186381.00,4147,68.45,13.50,-6.48
1-December-2021,359.60,368.80,356.95,362.01,360.293131422390481341,7396,252,2664728.00,5977,80.81,11.85,2.41
30-November-2021,365.00,371.00,348.00,355.51,356.297429553640383550,146317,1519,52132371.00,44336,30.30,23.00,-9.49
29-November-2021,369.00,369.00,358.10,364.56,360.482023428316647075,24671,300,8893452.00,17000,68.91,10.90,-4.44
26-November-2021,371.00,371.42,364.13,365.04,366.908462062291674133,27901,907,10237113.00,18591,66.63,7.29,-5.96
25-November-2021,370.00,377.20,367.34,371.48,373.657357679914070891,20482,497,7653250.00,12163,59.38,9.86,1.48
24-November-2021,371.28,379.41,366.32,367.61,373.079295716558320403,101834,1093,37992157.00,85031,83.50,13.09,-3.67
23-November-2021,361.30,372.27,361.30,370.03,371.423726083875539521,31046,557,11531221.00,25454,81.99,10.97,8.73
22-November-2021,366.85,375.00,360.10,368.12,370.461050357769677332,37035,975,13720025.00,24615,66.46,14.90,1.27
18-November-2021,369.00,369.00,364.10,366.72,367.020635241756018612,14829,402,5442549.00,10563,71.23,4.90,-2.28
17-November-2021,371.80,371.80,365.84,368.13,368.377581446714522363,9055,375,3335659.00,5270,58.20,5.96,-3.67
16-November-2021,373.17,373.50,366.38,368.17,370.408558740411788453,14862,282,5505012.00,11471,77.18,7.12,-5.00
15-November-2021,373.80,373.80,369.45,371.83,371.682230655007424517,6061,306,2252766.00,3285,54.20,4.35,-1.97
12-November-2021,368.50,390.00,364.00,369.35,365.553354519719057319,2570204,786,939546694.00,2545734,99.05,26.00,0.85
11-November-2021,365.00,367.19,358.22,364.04,362.665207406344194057,13934,422,5053377.00,7958,57.11,8.97,-0.96
10-November-2021,367.84,370.33,365.00,367.87,367.883369128770193295,21418,502,7879326.00,14205,66.32,5.33,0.03
9-November-2021,367.99,369.99,360.27,368.89,363.908484045071489442,21122,550,7686475.00,16933,80.17,9.72,0.90
8-November-2021,359.99,375.00,357.32,365.39,367.889277811808533246,79993,2806,29428567.00,54477,68.10,17.68,5.40
4-November-2021,357.89,358.77,355.72,357.71,357.546896873541763882,4286,156,1532446.00,3547,82.76,3.05,-0.18
3-November-2021,356.00,356.74,354.44,355.13,355.512593016599885518,10482,327,3726483.00,8037,76.67,2.30,-0.87
2-November-2021,354.67,356.85,351.30,355.68,356.125463153870927933,332233,385,118316631.00,325350,97.93,5.55,1.01
1-November-2021,356.70,356.70,351.75,352.47,353.681350854497174371,14687,346,5194518.00,10213,69.54,4.95,-4.23
29-October-2021,352.00,353.00,349.10,349.68,351.242874902159399604,21719,274,7628644.00,16906,77.84,3.90,-2.32
28-October-2021,354.20,358.99,350.39,351.17,353.569486778153060383,12139,184,4291980.00,9441,77.77,8.60,-3.03
27-October-2021,351.50,354.31,349.60,353.40,352.074682511942211348,25749,478,9065571.00,18065,70.16,4.71,1.90
26-October-2021,349.00,353.59,348.20,349.61,350.597422222222222222,11250,292,3944221.00,8280,73.60,5.39,0.61
25-October-2021,351.90,351.90,346.07,346.77,348.159789708459455153,6277,141,2185399.00,4682,74.59,5.83,-5.13
22-October-2021,351.00,354.50,348.00,348.25,350.288877625368264326,31567,476,11057569.00,26126,82.76,6.50,-2.75
21-October-2021,350.00,355.50,349.71,351.07,352.317601823811630201,29389,439,10354262.00,15965,54.32,5.79,1.07
20-October-2021,351.59,354.80,347.39,348.49,348.752797248465322826,22969,284,8010503.00,20314,88.44,7.41,-3.10
19-October-2021,352.90,352.90,348.50,349.75,350.490042139497473378,57191,518,20044876.00,29645,51.84,4.40,-3.15
18-October-2021,353.80,356.69,350.11,351.57,353.895938856729377713,44224,996,15650694.00,25175,56.93,6.58,-2.23
14-October-2021,346.99,351.45,344.23,349.94,348.648876745598057073,16470,358,5742247.00,10398,63.13,7.22,2.95
13-October-2021,344.80,346.98,335.00,344.15,344.386465715141231659,40076,712,13801632.00,28606,71.38,11.98,-0.65
12-October-2021,347.99,347.99,337.26,342.12,342.519695422834779649,23508,557,8051953.00,16467,70.05,10.73,-5.87
11-October-2021,343.01,350.00,343.01,344.63,347.841955828035880298,39799,793,13843762.00,29173,73.30,6.99,1.62
8-October-2021,344.60,350.44,344.60,345.95,346.987324222618340265,45441,683,15767451.00,39791,87.57,5.84,1.35
7-October-2021,347.01,351.57,345.00,347.07,348.255389718076285240,34371,790,11969886.00,17561,51.09,6.57,0.06
6-October-2021,340.50,348.50,340.00,344.50,345.874488798008534850,44992,892,15561585.00,32855,73.02,8.50,4.00
5-October-2021,347.99,350.90,343.00,344.67,347.314049741905208822,53275,1191,18503156.00,33585,63.04,7.90,-3.32
4-October-2021,344.76,346.00,339.96,345.02,343.997933605857778177,22261,615,7657738.00,15900,71.43,6.04,0.26
1-October-2021,337.00,342.00,336.39,340.48,339.928946467298253624,17522,876,5956235.00,13425,76.62,5.61,3.48
30-September-2021,338.80,340.50,335.27,338.51,338.623510131108462455,20136,748,6818523.00,10300,51.15,5.23,-0.29
29-September-2021,330.95,338.00,328.24,334.80,332.659526289570218740,22081,573,7345455.00,12697,57.50,9.76,3.85
28-September-2021,330.34,332.99,327.14,331.08,329.599516209917696687,33899,828,11173094.00,24725,72.94,5.85,0.74
27-September-2021,340.45,340.45,329.75,330.34,332.792331985478586818,33881,1035,11275337.00,20278,59.85,10.70,-10.11
24-September-2021,339.49,339.79,331.20,333.77,335.020462659274954285,34453,871,11542460.00,25670,74.51,8.59,-5.72
23-September-2021,344.90,344.90,335.00,337.19,337.803181282223198390,43253,888,14611001.00,35910,83.02,9.90,-7.71
22-September-2021,338.80,343.00,334.56,341.50,338.231525503316311557,34074,790,11524901.00,28815,84.57,8.44,2.70
21-September-2021,330.01,338.64,330.01,336.00,335.202486524082768214,69012,1142,23132994.00,55996,81.14,8.63,5.99
20-September-2021,350.00,352.00,327.50,330.46,337.549215046481561287,162430,2937,54828119.00,132911,81.83,24.50,-19.54
17-September-2021,364.80,364.80,349.37,352.43,354.642608096540493141,47897,1034,16986317.00,25825,53.92,15.43,-12.37
16-September-2021,356.00,359.14,356.00,358.05,357.733747587440568657,42486,613,15198676.00,31898,75.08,3.14,2.05
15-September-2021,366.50,366.50,354.85,355.84,355.255565804133163257,59609356,10791,21176555493.00,57053500,95.71,11.65,-10.66
14-September-2021,374.45,376.70,372.94,373.61,374.650209745079057760,6198,128,2322082.00,4977,80.30,3.76,-0.84
13-September-2021,373.80,375.25,370.19,373.58,373.382613015399900645,20130,413,7516192.00,12273,60.97,5.06,-0.22
9-September-2021,376.00,376.11,369.20,370.32,372.656753027747968726,6523,148,2430840.00,4605,70.60,6.91,-5.68
8-September-2021,374.00,377.40,371.30,374.59,374.272307692307692307,9750,663,3649155.00,5953,61.06,6.10,0.59
7-September-2021,376.80,380.05,370.00,372.87,378.346953965241338245,26871,589,10166561.00,20535,76.42,10.05,-3.93
6-September-2021,372.00,372.20,365.25,371.63,370.713177953033440542,22697,315,8414077.00,14974,65.97,6.95,-0.37
3-September-2021,368.00,380.00,363.77,368.60,369.062148190695002871,17410,323,6425372.00,10082,57.91,16.23,0.60
2-September-2021,362.63,367.78,359.60,365.68,364.126949561532576069,16991,295,6186881.00,13070,76.92,8.18,3.05
1-September-2021,361.90,362.00,355.50,361.25,360.280756042485573304,11957,170,4307877.00,7776,65.03,6.50,-0.65
31-August-2021,362.00,362.00,353.04,356.24,356.330950141110065851,5315,124,1893899.00,3440,64.72,8.96,-5.76
30-August-2021,353.00,357.19,348.46,355.05,352.172123176661264181,12340,267,4345804.00,7639,61.90,8.73,2.05
27-August-2021,354.79,354.79,346.00,350.07,349.169655333022822543,8588,198,2998669.00,6090,70.91,8.79,-4.72
26-August-2021,351.00,351.00,345.70,347.77,346.992896849907350216,6476,148,2247126.00,3556,54.91,5.30,-3.23
25-August-2021,348.20,351.19,346.53,348.66,347.984980874081838591,127837,267,44485356.00,125045,97.82,4.66,0.46
24-August-2021,347.00,352.00,345.35,347.52,348.412963656800299737,13345,280,4649571.00,7325,54.89,6.65,0.52
23-August-2021,347.53,347.53,340.86,345.12,344.864095207735628519,9411,177,3245516.00,6552,69.62,6.67,-2.41
20-August-2021,347.27,348.90,342.16,344.25,344.586218640027244863,17618,336,6070920.00,9535,54.12,6.74,-3.02
18-August-2021,348.80,349.99,346.00,347.27,348.237982520029133284,5492,143,1912523.00,4358,79.35,3.99,-1.53
17-August-2021,352.00,354.46,346.50,346.99,348.863682604272634791,12779,329,4458129.00,11345,88.78,7.96,-5.01
16-August-2021,360.00,360.00,342.25,349.95,350.087216759298845660,9356,209,3275416.00,7381,78.89,17.75,-10.05
13-August-2021,350.00,356.05,345.50,352.98,351.330612677549289802,9434,192,3314453.00,6094,64.60,10.55,2.98
12-August-2021,350.00,350.53,331.00,349.78,348.351530416689481465,18263,247,6361944.00,11925,65.30,19.53,-0.22
11-August-2021,352.33,352.80,347.80,348.55,349.096253759912496581,21942,371,7659870.00,17211,78.44,5.00,-3.78
10-August-2021,358.95,359.00,352.00,352.33,355.147516390281527188,2074400,131,736718008.00,2065600,99.58,7.00,-6.62
9-August-2021,360.00,360.00,357.41,357.65,358.220312500000000000,6400,28,2292610.00,4600,71.88,2.59,-2.35
6-August-2021,358.88,361.73,357.12,359.00,359.796315789473684210,7600,35,2734452.00,5200,68.42,4.61,0.12
5-August-2021,360.00,364.00,354.96,356.43,358.372777777777777777,10800,51,3870426.00,6800,62.96,9.04,-3.57
4-August-2021,360.60,362.00,359.05,360.64,360.847857142857142857,2800,12,1010374.00,2400,85.71,2.95,0.04
3-August-2021,362.05,364.50,360.59,361.19,362.368545454545454545,11000,49,3986054.00,7000,63.64,3.91,-0.86
2-August-2021,361.06,363.80,361.00,362.65,362.324216867469879518,16600,62,6014582.00,10600,63.86,2.80,1.59
30-July-2021,361.02,366.00,360.51,362.51,362.084523809523809523,8400,38,3041510.00,6200,73.81,5.49,1.49
29-July-2021,357.95,370.00,355.66,361.02,363.255000000000000000,10800,49,3923154.00,6200,57.41,14.34,3.07
28-July-2021,356.89,357.88,350.55,356.70,352.659576365663322185,179400,69,63267128.00,172000,95.88,7.33,-0.19
27-July-2021,351.90,358.20,350.30,356.55,352.165310668229777256,170600,111,60079402.00,163400,95.78,7.90,4.65
26-July-2021,349.85,355.18,349.85,353.01,352.106666666666666666,7200,27,2535168.00,5200,72.22,5.33,3.16
23-July-2021,351.22,353.00,350.55,352.33,351.770571428571428571,7000,34,2462394.00,3800,54.29,2.45,1.11
22-July-2021,356.57,357.98,349.60,350.31,354.929125000000000000,16000,57,5678866.00,9600,60.00,8.38,-6.26
20-July-2021,354.88,358.49,354.88,357.70,356.993150684931506849,14600,61,5212100.00,10200,69.86,3.61,2.82
19-July-2021,356.16,359.90,355.00,355.58,357.064181818181818181,11000,47,3927706.00,6000,54.55,4.90,-0.58
16-July-2021,356.35,362.00,351.03,357.50,357.247946428571428571,22400,88,8002354.00,14000,62.50,10.97,1.15
15-July-2021,356.71,364.75,355.83,360.47,359.091138211382113821,24600,80,8833642.00,18800,76.42,8.92,3.76
14-July-2021,359.00,360.04,358.67,359.29,359.367500000000000000,4000,19,1437470.00,3600,90.00,1.37,0.29
13-July-2021,359.00,359.00,353.30,357.52,355.509814814814814814,21600,103,7679012.00,18000,83.33,5.70,-1.48
12-July-2021,354.75,359.77,354.75,359.08,358.432151898734177215,15800,62,5663228.00,11000,69.62,5.02,4.33
9-July-2021,353.25,359.60,351.50,357.92,357.443178807947019867,30200,130,10794784.00,25200,83.44,8.10,4.67
8-July-2021,353.21,357.80,352.37,354.68,355.686232876712328767,29200,117,10386038.00,25000,85.62,5.43,1.47
7-July-2021,349.80,353.02,349.10,352.94,349.353343558282208588,130400,49,45555676.00,126800,97.24,3.92,3.14
6-July-2021,349.17,351.50,349.17,350.90,350.797500000000000000,8800,34,3087018.00,6000,68.18,2.33,1.73
5-July-2021,346.82,350.30,346.82,349.94,349.486800000000000000,20000,90,6989736.00,16400,82.00,3.48,3.12
2-July-2021,346.85,349.58,345.95,349.11,347.734150943396226415,10600,42,3685982.00,7400,69.81,3.63,2.26
1-July-2021,353.98,353.98,346.20,346.52,348.578611111111111111,7200,34,2509766.00,5200,72.22,7.78,-7.46
30-June-2021,350.00,354.00,347.55,350.09,350.150000000000000000,22400,96,7843360.00,15200,67.86,6.45,0.09
29-June-2021,344.05,355.20,341.00,349.44,346.977207792207792207,30800,133,10686898.00,18000,58.44,14.20,5.39
28-June-2021,340.13,344.75,339.35,339.96,342.691627906976744186,17200,69,5894296.00,10200,59.30,5.40,-0.17
25-June-2021,339.64,345.00,339.10,344.20,341.302258064516129032,12400,54,4232148.00,6800,54.84,5.90,4.56
24-June-2021,339.90,340.10,338.65,338.66,339.076000000000000000,9000,37,3051684.00,8200,91.11,1.45,-1.24
23-June-2021,341.00,341.00,337.30,337.67,339.036745098039215686,51000,31,17290874.00,48600,95.29,3.70,-3.33
22-June-2021,337.50,340.00,335.50,339.05,338.316190476190476190,21000,92,7104640.00,15600,74.29,4.50,1.55
21-June-2021,335.00,337.50,325.40,337.28,335.016357615894039735,30200,123,10117494.00,26400,87.42,12.10,2.28
18-June-2021,339.00,339.19,324.00,330.59,334.491935483870967741,43400,179,14516950.00,26400,60.83,15.19,-8.41
17-June-2021,340.26,344.50,336.50,336.96,338.780000000000000000,30800,111,10434424.00,19800,64.29,8.00,-3.30
16-June-2021,352.35,352.35,341.56,342.18,346.137976190476190476,16800,72,5815118.00,11600,69.05,10.79,-10.17
15-June-2021,353.85,356.05,352.00,353.03,353.753295454545454545,17600,76,6226058.00,13000,73.86,4.05,-0.82
14-June-2021,355.87,355.87,331.00,350.29,349.794560439560439560,72800,287,25465044.00,46200,63.46,24.87,-5.58
11-June-2021,351.70,355.20,350.50,354.07,352.788452380952380952,33600,144,11853692.00,21000,62.50,4.70,2.37
10-June-2021,343.00,350.20,343.00,349.38,347.289481481481481481,27000,117,9376816.00,18800,69.63,7.20,6.38
9-June-2021,338.20,344.10,336.88,342.55,340.486331811263318112,131400,139,44739904.00,120600,91.78,7.22,4.35
8-June-2021,331.35,339.10,331.35,338.50,337.807495881383855024,121400,239,41009830.00,111800,92.09,7.75,7.15
7-June-2021,331.00,334.89,331.00,332.64,332.053795853269537480,125400,72,41639546.00,121200,96.65,3.89,1.64
4-June-2021,324.30,340.00,324.30,331.36,330.954121621621621621,29600,111,9796242.00,23000,77.70,15.70,7.06
3-June-2021,324.10,324.94,323.36,324.42,324.004931506849315068,14600,60,4730472.00,10800,73.97,1.58,0.32
2-June-2021,326.35,326.55,324.30,324.64,325.216986301369863013,14600,59,4748168.00,11800,80.82,2.25,-1.71
1-June-2021,328.00,328.00,324.85,326.19,325.987083333333333333,19200,83,6258952.00,10800,56.25,3.15,-1.81
31-May-2021,327.00,327.00,324.12,325.34,325.704096385542168674,16600,73,5406688.00,11600,69.88,2.88,-1.66
28-May-2021,328.40,329.90,324.00,327.56,326.433894736842105263,38000,116,12404488.00,26000,68.42,5.90,-0.84
27-May-2021,320.95,328.74,320.95,327.03,323.492395833333333333,19200,89,6211054.00,8400,43.75,7.79,6.08
26-May-2021,323.90,323.90,321.00,322.37,322.154810126582278481,15800,72,5090046.00,12600,79.75,2.90,-1.53
25-May-2021,324.65,325.14,322.00,323.86,323.345256410256410256,15600,77,5044186.00,12800,82.05,3.14,-0.79
24-May-2021,328.10,328.14,322.11,322.69,325.077612903225806451,31000,108,10077406.00,26000,83.87,6.03,-5.41
21-May-2021,330.10,330.10,325.79,326.66,328.082471910112359550,17800,74,5839868.00,17200,96.63,4.31,-3.44
20-May-2021,329.55,331.84,328.00,330.61,329.273289473684210526,15200,73,5004954.00,10200,67.11,3.84,1.06
19-May-2021,330.00,335.00,327.97,329.68,331.549600000000000000,25000,113,8288740.00,15600,62.40,7.03,-0.32
18-May-2021,321.90,331.00,320.00,329.04,327.080633802816901408,28400,122,9289090.00,19400,68.31,11.00,7.14
17-May-2021,320.84,323.49,315.00,322.12,319.316507936507936507,12600,60,4023388.00,8800,69.84,8.49,1.28
14-May-2021,318.12,320.05,317.92,319.25,318.882014925373134328,26800,108,8546038.00,18200,67.91,2.13,1.13
12-May-2021,317.80,319.15,314.25,317.72,315.005520262869660460,3469400,86,1092880152.00,3465800,99.90,4.90,-0.08
11-May-2021,315.50,316.90,314.00,315.01,315.006399022801302931,3684000,219,1160483574.00,3673000,99.70,2.90,-0.49
10-May-2021,316.78,319.00,315.55,317.54,317.282696629213483146,17800,77,5647632.00,9800,55.06,3.45,0.76
7-May-2021,318.00,319.83,312.25,313.03,315.226238532110091743,21800,86,6871932.00,14000,64.22,7.58,-4.97
6-May-2021,318.50,320.48,316.20,316.73,319.884716531165311653,1845000,134,590187302.00,1839400,99.70,4.28,-1.77
5-May-2021,317.53,322.00,317.37,320.24,319.034654818426793276,3117200,105,994494826.00,3110800,99.79,4.63,2.71
4-May-2021,319.40,321.45,318.60,319.39,319.282698412698412698,12600,57,4022962.00,8600,68.25,2.85,-0.01
3-May-2021,313.00,320.00,313.00,316.01,316.707095220452019266,539800,379,170958490.00,527400,97.70,7.00,3.01
30-April-2021,311.55,318.00,310.01,312.68,315.537983088005010961,638600,186,201502556.00,622600,97.49,7.99,1.13
29-April-2021,312.10,313.25,311.35,312.20,312.127953488372093023,43000,61,13421502.00,41000,95.35,1.90,0.10
28-April-2021,312.00,318.12,311.48,312.92,313.751933962264150943,42400,160,13303082.00,24400,57.55,6.64,0.92
27-April-2021,310.35,311.10,309.50,310.82,310.280769230769230769,15600,59,4840380.00,13000,83.33,1.60,0.47
26-April-2021,310.30,312.70,302.10,310.34,310.204444444444444444,106200,111,32943712.00,98800,93.03,10.60,0.04
23-April-2021,310.00,319.99,309.50,309.72,311.686541916167664670,133600,90,41641322.00,128800,96.41,10.49,-0.28
22-April-2021,315.00,315.00,308.51,311.09,311.017679558011049723,36200,131,11258840.00,29000,80.11,6.49,-3.91
20-April-2021,307.00,316.15,306.43,314.28,307.749218750000000000,38400,116,11817570.00,31800,82.81,9.72,7.28
19-April-2021,306.60,308.80,304.00,304.89,305.543050847457627118,59000,237,18027040.00,45400,76.95,4.80,-1.71
16-April-2021,307.00,311.90,307.00,309.63,309.971506849315068493,29200,131,9051168.00,20400,69.86,4.90,2.63
15-April-2021,312.00,312.00,306.10,306.74,308.073909090909090909,110000,399,33888130.00,98000,89.09,5.90,-5.26
13-April-2021,311.00,314.00,309.00,311.10,312.426451612903225806,86800,355,27118616.00,78600,90.55,5.00,0.10
12-April-2021,314.00,315.91,309.11,309.99,311.011641791044776119,53600,220,16670224.00,42200,78.73,6.80,-4.01
9-April-2021,320.60,320.60,312.20,313.91,316.033206106870229007,52400,214,16560140.00,38800,74.05,8.40,-6.69
8-April-2021,320.53,322.65,315.20,318.05,319.402205882352941176,27200,121,8687740.00,22800,83.82,7.45,-2.48
7-April-2021,322.00,323.74,318.66,320.25,321.326666666666666666,34800,129,11182168.00,26400,75.86,5.08,-1.75
6-April-2021,322.40,322.40,317.00,320.07,319.207462686567164179,53600,208,17109520.00,40000,74.63,5.40,-2.33
5-April-2021,326.90,328.50,318.71,319.67,320.422768878718535469,87400,296,28004950.00,70800,81.01,9.79,-7.23
1-April-2021,325.00,327.50,324.41,325.54,327.311173469387755102,196000,35,64152990.00,194000,98.98,3.09,0.54
31-March-2021,326.50,327.00,323.05,325.43,325.928190476190476190,21000,61,6844492.00,16200,77.14,3.95,-1.07
30-March-2021,325.25,331.00,324.40,327.07,326.089915174363807728,636600,156,207588840.00,624800,98.15,6.60,1.82
26-March-2021,326.30,328.50,324.03,324.37,326.248035714285714285,134400,43,43847736.00,131600,97.92,4.47,-1.93
25-March-2021,326.31,328.72,324.45,324.65,325.476517857142857142,22400,88,7290674.00,17000,75.89,4.27,-1.66
24-March-2021,326.00,330.15,325.50,326.12,328.080666666666666666,12000,57,3936968.00,7200,60.00,4.65,0.12
23-March-2021,334.12,334.12,325.20,325.66,327.493211678832116788,27400,119,8973314.00,23000,83.94,8.92,-8.46
22-March-2021,330.51,334.98,330.51,332.96,332.687878787878787878,13200,62,4391480.00,8200,62.12,4.47,2.45
19-March-2021,336.35,339.30,326.00,331.22,333.283223249669749009,151400,396,50459080.00,106600,70.41,13.30,-5.13
18-March-2021,337.00,341.35,337.00,339.73,339.656108597285067873,44200,162,15012800.00,32200,72.85,4.35,2.73
17-March-2021,341.25,341.25,337.85,338.63,339.652755905511811023,25400,98,8627180.00,19400,76.38,3.40,-2.62
16-March-2021,335.20,342.05,330.00,341.59,339.731206140350877192,91200,285,30983486.00,76600,83.99,12.05,6.39
15-March-2021,341.00,342.00,334.05,335.29,338.283695652173913043,110400,337,37346520.00,92600,83.88,7.95,-5.71
12-March-2021,336.90,339.68,334.00,335.77,336.817651006711409395,29800,131,10037166.00,20200,67.79,5.68,-1.13
10-March-2021,335.00,336.20,330.00,334.04,333.729574468085106382,18800,85,6274116.00,9200,48.94,6.20,-0.96
9-March-2021,329.99,336.40,329.99,334.61,332.365068493150684931,14600,65,4852530.00,9400,64.38,6.41,4.62
8-March-2021,327.50,331.89,326.97,329.66,329.991527777777777777,14400,65,4751878.00,8600,59.72,4.92,2.16
5-March-2021,326.80,329.23,322.15,325.21,324.765492957746478873,14200,64,4611670.00,10400,73.24,7.08,-1.59
4-March-2021,325.00,330.98,323.00,329.53,325.581221374045801526,26200,120,8530228.00,17400,66.41,7.98,4.53
3-March-2021,328.40,331.00,323.00,326.33,327.607571428571428571,28000,132,9173012.00,17800,63.57,8.00,-2.07
2-March-2021,329.00,335.60,329.00,330.14,331.825392670157068062,38200,163,12675730.00,24000,62.83,6.60,1.14
1-March-2021,322.00,329.59,319.00,328.24,323.953965517241379310,34800,145,11273598.00,25000,71.84,10.59,6.24
26-February-2021,321.00,326.79,318.51,321.41,321.063910034602076124,57800,242,18557494.00,44800,77.51,8.28,0.41
25-February-2021,329.00,330.81,319.50,323.67,323.129553072625698324,71600,264,23136076.00,54000,75.42,11.31,-5.33
24-February-2021,327.00,333.40,325.40,329.96,329.660555555555555555,133200,406,43910786.00,115800,86.94,8.00,2.96
23-February-2021,332.30,332.30,323.32,325.30,328.487058823529411764,61200,257,20103408.00,53800,87.91,8.98,-7.00
22-February-2021,344.00,344.00,330.15,333.34,333.613342465753424657,219000,658,73061322.00,205600,93.88,13.85,-10.66
19-February-2021,345.68,345.79,341.10,344.11,342.794316239316239316,46800,190,16042774.00,42200,90.17,4.69,-1.57
18-February-2021,348.07,348.07,345.85,346.37,346.649169574319609211,286600,122,99349652.00,284000,99.09,2.22,-1.70
17-February-2021,348.26,350.24,347.80,349.19,349.284059405940594059,20200,93,7055538.00,15000,74.26,2.44,0.93
16-February-2021,350.40,351.00,347.50,349.79,349.736388888888888888,21600,101,7554306.00,18200,84.26,3.50,-0.61
15-February-2021,348.83,353.25,345.85,352.62,349.969218750000000000,25600,109,8959212.00,18000,70.31,7.40,3.79
12-February-2021,346.00,351.49,346.00,350.25,350.212244897959183673,9800,43,3432080.00,7800,79.59,5.49,4.25
11-February-2021,347.60,350.88,346.72,347.54,347.691515151515151515,6600,31,2294764.00,5400,81.82,4.16,-0.06
10-February-2021,351.00,352.86,346.00,347.71,348.303529411764705882,10200,51,3552696.00,7800,76.47,6.86,-3.29
9-February-2021,352.05,358.00,349.00,349.67,351.805434782608695652,18400,85,6473220.00,12000,65.22,9.00,-2.38
8-February-2021,364.00,364.00,347.81,350.13,350.833657142857142857,35000,150,12279178.00,28800,82.29,16.19,-13.87
5-February-2021,356.12,358.52,355.56,356.43,357.260967741935483870,12400,62,4430036.00,7000,56.45,2.96,0.31
4-February-2021,356.40,356.64,354.75,355.08,355.277567567567567567,7400,31,2629054.00,6400,86.49,1.89,-1.32
3-February-2021,356.50,360.00,351.30,359.20,357.623615384615384615,26000,111,9298214.00,16000,61.54,8.70,2.70
2-February-2021,352.29,360.00,348.25,356.22,354.489891304347826086,18400,91,6522614.00,6000,32.61,11.75,3.93
1-February-2021,352.00,352.59,348.02,349.54,349.981794871794871794,31200,145,10919432.00,20000,64.10,4.57,-2.46
29-January-2021,354.99,354.99,351.05,351.60,352.161506849315068493,14600,73,5141558.00,11400,78.08,3.94,-3.39
28-January-2021,354.16,354.16,350.00,352.85,351.829166666666666666,9600,45,3377560.00,6200,64.58,4.16,-1.31
27-January-2021,355.79,356.10,354.46,354.83,355.446601941747572815,20600,86,7322200.00,14000,67.96,1.64,-0.96
25-January-2021,356.74,357.03,354.82,355.97,355.937577639751552795,32200,81,11461190.00,30200,93.79,2.21,-0.77
22-January-2021,354.80,356.34,354.00,355.94,355.429497716894977168,43800,167,15567812.00,38000,86.76,2.34,1.14
21-January-2021,357.76,359.85,355.00,357.90,356.554126984126984126,25200,87,8985164.00,17000,67.46,4.85,0.14
20-January-2021,357.80,358.92,355.00,358.02,356.978723404255319148,28200,115,10066800.00,20200,71.63,3.92,0.22
19-January-2021,356.70,360.26,355.40,355.95,356.471666666666666666,10800,50,3849894.00,7600,70.37,4.86,-0.75
18-January-2021,353.00,360.00,353.00,355.33,356.341319444444444444,28800,130,10262630.00,16000,55.56,7.00,2.33
15-January-2021,354.00,361.99,353.57,355.19,356.677843137254901960,30600,149,10914342.00,14800,48.37,8.42,1.19
14-January-2021,352.30,362.89,352.30,356.03,357.370887096774193548,24800,120,8862798.00,12400,50.00,10.59,3.73
13-January-2021,355.02,356.93,352.50,353.81,354.193047619047619047,21000,102,7438054.00,13600,64.76,4.43,-1.21
12-January-2021,350.00,357.79,348.05,355.82,352.578210116731517509,51400,228,18122520.00,36200,70.43,9.74,5.82
11-January-2021,352.51,354.38,349.00,349.99,350.376502057613168724,48600,202,17028298.00,35400,72.84,5.38,-2.52
8-January-2021,353.28,355.30,350.00,352.41,351.286389548693586698,168400,125,59156628.00,162400,96.44,5.30,-0.87
7-January-2021,353.50,355.40,351.50,351.71,353.625174825174825174,28600,109,10113680.00,22200,77.62,3.90,-1.79
6-January-2021,352.00,355.15,350.20,352.02,352.464000000000000000,41000,175,14451024.00,36600,89.27,4.95,0.02
5-January-2021,362.00,362.00,353.60,354.08,354.201899300699300699,715000,226,253254358.00,410000,57.34,8.40,-7.92
4-January-2021,351.30,358.00,348.20,356.69,354.463750000000000000,20800,104,7372846.00,13800,66.35,9.80,5.39
1-January-2021,344.71,353.70,340.50,350.57,340.685920201595968080,2381000,475,811173176.00,2364600,99.31,13.20,5.86
31-December-2020,347.30,348.88,343.25,344.77,345.063098647573587907,502800,333,173497726.00,313200,62.29,5.63,-2.53
30-December-2020,347.60,348.70,344.75,345.01,345.063247645429362880,1805000,415,622839162.00,1787400,99.02,3.95,-2.59
29-December-2020,346.55,354.50,344.05,346.38,345.404601102161933022,2359000,1135,814809454.00,2298400,97.43,10.45,-0.17
28-December-2020,362.10,362.50,343.82,345.19,345.597906976744186046,1771600,691,612261252.00,1726800,97.47,18.68,-16.91
24-December-2020,355.00,358.10,350.05,353.09,352.472795698924731182,37200,146,13111988.00,33400,89.78,8.05,-1.91
23-December-2020,375.00,375.00,350.10,356.82,355.632580645161290322,49600,240,17639376.00,33200,66.94,24.90,-18.18
22-December-2020,368.51,380.00,365.00,376.91,370.978787878787878787,13200,65,4896920.00,7400,56.06,15.00,8.40
21-December-2020,380.00,393.57,364.35,371.46,374.496729857819905213,42200,203,15803762.00,27400,64.93,29.22,-8.54
18-December-2020,366.80,394.70,362.00,389.67,376.111939393939393939,33000,160,12411694.00,19000,57.58,32.70,22.87
17-December-2020,349.00,365.00,349.00,361.30,359.890418006430868167,62200,114,22385184.00,52800,84.89,16.00,12.30
16-December-2020,355.80,360.00,350.00,356.07,353.144065420560747663,42800,192,15114566.00,22400,52.34,10.00,0.27
15-December-2020,351.70,356.00,348.00,355.45,352.367260273972602739,14600,67,5144562.00,7400,50.68,8.00,3.75
14-December-2020,355.56,356.99,352.01,355.40,352.987373271889400921,43400,42,15319652.00,39800,91.70,4.98,-0.16
11-December-2020,350.00,359.85,344.03,357.28,355.000000000000000000,24000,107,8520000.00,16600,69.17,15.82,7.28
10-December-2020,350.19,352.00,350.07,350.75,351.168444444444444444,9000,36,3160516.00,7200,80.00,1.93,0.56
9-December-2020,352.96,352.96,350.00,351.50,351.095747126436781609,17400,51,6109066.00,12600,72.41,2.96,-1.46
8-December-2020,351.81,354.00,350.00,351.34,351.748658536585365853,16400,74,5768678.00,9400,57.32,4.00,-0.47
7-December-2020,350.21,352.60,349.68,351.44,350.576190476190476190,29400,115,10306940.00,19400,65.99,2.92,1.23
4-December-2020,350.24,351.00,342.51,347.28,343.104244865082561417,496600,202,170385568.00,455800,91.78,8.49,-2.96
3-December-2020,339.40,350.30,339.40,349.12,343.359299610894941634,51400,224,17648668.00,39400,76.65,10.90,9.72
2-December-2020,350.20,350.20,333.65,334.04,334.062699630187645528,8761200,661,2926790124.00,8505000,97.08,16.55,-16.16
1-December-2020,352.00,352.00,349.00,349.75,350.313833333333333333,12000,59,4203766.00,8400,70.00,3.00,-2.25
27-November-2020,346.15,350.00,344.81,348.65,347.890800000000000000,10000,46,3478908.00,6800,68.00,5.19,2.50
26-November-2020,346.20,349.25,343.41,348.68,346.745822784810126582,15800,73,5478584.00,10600,67.09,5.84,2.48
25-November-2020,342.25,345.14,341.39,341.74,342.498117647058823529,17000,78,5822468.00,11400,67.06,3.75,-0.51
24-November-2020,337.85,343.50,337.85,342.23,340.484821428571428571,11200,54,3813430.00,8200,73.21,5.65,4.38
23-November-2020,343.46,345.20,330.30,334.91,337.317125000000000000,32000,143,10794148.00,15800,49.38,14.90,-8.55
20-November-2020,339.34,346.00,339.34,344.19,344.237741935483870967,6200,31,2134274.00,3800,61.29,6.66,4.85
19-November-2020,338.00,343.69,335.85,341.98,338.717605633802816901,14200,66,4809790.00,9000,63.38,7.84,3.98
18-November-2020,341.86,341.86,332.00,337.11,336.943561643835616438,29200,124,9838752.00,21400,73.29,9.86,-4.75
17-November-2020,341.80,341.80,336.71,338.16,338.655810810810810810,14800,67,5012106.00,10400,70.27,5.09,-3.64
14-November-2020,334.00,340.05,334.00,338.91,337.759259259259259259,5400,25,1823900.00,3600,66.67,6.05,4.91
13-November-2020,337.69,337.69,331.20,333.63,333.673139534883720930,17200,77,5739178.00,13800,80.23,6.49,-4.06
12-November-2020,339.45,343.58,330.54,332.94,336.945652173913043478,27600,127,9299700.00,20600,74.64,13.04,-6.51
11-November-2020,339.12,341.24,336.80,338.58,339.596224489795918367,19600,37,6656086.00,16600,84.69,4.44,-0.54
10-November-2020,346.10,347.15,337.60,339.50,341.498876404494382022,17800,76,6078680.00,11400,64.04,9.55,-6.60
9-November-2020,350.00,350.00,333.30,340.07,340.077941176470588235,40800,179,13875180.00,34200,83.82,16.70,-9.93
6-November-2020,350.30,351.40,348.00,348.30,349.664687500000000000,6400,29,2237854.00,4000,62.50,3.40,-2.00
5-November-2020,335.40,348.44,335.21,346.73,342.793896103896103896,15400,73,5279026.00,8400,54.55,13.23,11.33
4-November-2020,340.80,350.00,331.00,336.25,337.932087912087912087,18200,83,6150364.00,13800,75.82,19.00,-4.55
3-November-2020,342.04,342.04,336.85,338.07,339.963925925925925925,27000,112,9179026.00,26000,96.30,5.19,-3.97
2-November-2020,345.00,345.20,340.53,343.31,342.580055522208883553,1332800,51,456590698.00,1329400,99.74,4.67,-1.69
30-October-2020,350.60,350.60,340.00,343.65,349.377749406175771971,336800,44,117670426.00,333200,98.93,10.60,-6.95
29-October-2020,350.00,353.95,345.79,347.55,349.881287246722288438,503400,67,176130240.00,498800,99.09,8.16,-2.45
28-October-2020,345.00,352.20,345.00,350.00,349.259411764705882352,3400,13,1187482.00,2800,82.35,7.20,5.00
27-October-2020,343.65,344.00,342.20,342.67,343.162173913043478260,13800,64,4735638.00,10600,76.81,1.80,-0.98
26-October-2020,346.12,347.40,342.00,345.60,345.666500000000000000,8000,37,2765332.00,6000,75.00,5.40,-0.52
23-October-2020,348.00,348.39,346.31,347.24,347.281714285714285714,7000,30,2430972.00,5600,80.00,2.08,-0.76
22-October-2020,348.14,348.78,345.10,347.48,346.819473684210526315,3800,17,1317914.00,2800,73.68,3.68,-0.66
21-October-2020,350.00,353.00,347.00,349.89,351.166170212765957446,28200,120,9902886.00,24400,86.52,6.00,-0.11
20-October-2020,349.50,351.85,349.31,350.07,350.110294117647058823,6800,32,2380750.00,6400,94.12,2.54,0.57
19-October-2020,349.25,350.35,348.94,349.37,349.866400000000000000,10000,34,3498664.00,8800,88.00,1.41,0.12
16-October-2020,350.74,350.74,347.00,348.93,349.051666666666666666,6000,27,2094310.00,5200,86.67,3.74,-1.81
15-October-2020,355.75,355.75,346.70,349.31,350.253176470588235294,17000,80,5954304.00,13400,78.82,9.05,-6.44
14-October-2020,357.65,358.00,355.76,355.97,357.484180790960451977,35400,36,12654940.00,34000,96.05,2.24,-1.68
13-October-2020,358.80,359.30,355.50,358.70,356.447809667673716012,264800,20,94387380.00,263800,99.62,3.80,-0.10
12-October-2020,360.00,362.80,352.26,354.82,356.547348484848484848,26400,103,9412850.00,21800,82.58,10.54,-5.18
9-October-2020,362.10,362.10,359.50,360.07,360.104545454545454545,8800,32,3168920.00,7000,79.55,2.60,-2.03
8-October-2020,363.00,363.00,360.80,362.64,362.382190812720848056,56600,19,20510832.00,55600,98.23,2.20,-0.36
7-October-2020,361.50,362.40,360.65,362.40,362.388174904942965779,52600,5,19061618.00,52400,99.62,1.75,0.90
6-October-2020,366.80,366.80,360.45,361.23,362.045616438356164383,58400,36,21143464.00,55600,95.21,6.35,-5.57
5-October-2020,367.00,368.25,362.75,367.33,364.289098173515981735,350400,34,127646900.00,349200,99.66,5.50,0.33
1-October-2020,361.15,365.23,361.15,362.68,363.216315789473684210,3800,19,1380222.00,2600,68.42,4.08,1.53
30-September-2020,363.34,365.79,360.78,361.00,361.563939393939393939,6600,29,2386322.00,4600,69.70,5.01,-2.34
29-September-2020,367.00,367.00,361.25,362.30,362.754375000000000000,3200,16,1160814.00,2200,68.75,5.75,-4.70
28-September-2020,364.26,371.20,364.26,366.14,369.137285714285714285,14000,67,5167922.00,7400,52.86,6.94,1.88
25-September-2020,361.55,365.00,361.09,362.00,362.783333333333333333,4800,24,1741360.00,3200,66.67,3.91,0.45
24-September-2020,362.00,364.00,357.34,360.14,361.309726027397260273,14600,69,5275122.00,12600,86.30,6.66,-1.86
23-September-2020,366.50,367.65,363.22,364.99,366.422500000000000000,3200,16,1172552.00,1800,56.25,4.43,-1.51
22-September-2020,364.65,364.65,360.65,362.00,361.685789473684210526,7600,35,2748812.00,5800,76.32,4.00,-2.65
21-September-2020,359.20,368.22,358.00,365.05,364.924315789473684210,19000,89,6933562.00,8600,45.26,10.22,5.85
18-September-2020,370.00,371.99,353.10,357.60,369.826863354037267080,193200,110,71450550.00,184600,95.55,18.89,-12.40
17-September-2020,367.10,369.80,366.51,368.23,367.347391304347826086,9200,31,3379596.00,6400,69.57,3.29,1.13
16-September-2020,363.51,366.50,361.56,365.04,362.916147631968426245,3243200,128,1177009650.00,3230200,99.60,4.94,1.53
15-September-2020,363.30,368.95,362.80,368.27,366.066190476190476190,4200,15,1537478.00,3400,80.95,6.15,4.97
14-September-2020,359.51,370.30,359.51,362.93,362.268320441988950276,181000,112,65570566.00,173600,95.91,10.79,3.42
11-September-2020,360.50,362.55,360.50,362.12,362.151041666666666666,9600,39,3476650.00,8400,87.50,2.05,1.62
10-September-2020,363.60,368.60,359.65,361.19,363.294146341463414634,32800,127,11916048.00,27000,82.32,8.95,-2.41
9-September-2020,354.00,363.00,353.05,362.05,360.125352112676056338,14200,61,5113780.00,12000,84.51,9.95,8.05
8-September-2020,364.51,364.51,360.90,362.64,361.992474226804123711,19400,67,7022654.00,17000,87.63,3.61,-1.87
7-September-2020,370.00,370.10,359.78,368.25,365.939787234042553191,18800,57,6879668.00,15000,79.79,10.32,-1.75
4-September-2020,366.50,370.00,365.05,369.38,369.026075949367088607,15800,60,5830612.00,11600,73.42,4.95,2.88
3-September-2020,369.00,370.40,367.00,370.00,369.403921568627450980,10200,47,3767920.00,9200,90.20,3.40,1.00
2-September-2020,368.54,368.60,364.45,364.55,365.166000000000000000,5000,25,1825830.00,3000,60.00,4.15,-3.99
1-September-2020,368.00,368.00,361.07,362.49,363.898857142857142857,7000,33,2547292.00,4200,60.00,6.93,-5.51
31-August-2020,368.90,373.20,361.00,362.42,368.178666666666666666,12000,59,4418144.00,9400,78.33,12.20,-6.48
28-August-2020,370.55,370.55,362.00,364.06,366.420107526881720430,18600,81,6815414.00,13800,74.19,8.55,-6.49
27-August-2020,365.99,372.00,365.92,368.77,368.321808510638297872,18800,87,6924450.00,11800,62.77,6.08,2.78
26-August-2020,361.56,364.00,361.50,364.00,362.135000000000000000,2000,10,724270.00,1400,70.00,2.50,2.44
25-August-2020,360.00,360.54,357.75,359.18,359.380714285714285714,8400,40,3018798.00,5600,66.67,2.79,-0.82
24-August-2020,365.00,366.35,358.50,362.13,360.327536231884057971,13800,66,4972520.00,8200,59.42,7.85,-2.87
21-August-2020,365.91,365.94,358.00,364.27,362.592739726027397260,14600,65,5293854.00,11800,80.82,7.94,-1.64
20-August-2020,369.13,369.14,366.09,367.54,368.165806451612903225,6200,26,2282628.00,3200,51.61,3.05,-1.59
19-August-2020,370.15,370.30,367.60,368.34,370.135586158192090395,283200,25,104822398.00,281400,99.36,2.70,-1.81
18-August-2020,370.40,370.65,368.25,370.40,370.148230793751992349,627400,12,232231000.00,626600,99.87,2.40,0.00
17-August-2020,370.85,370.85,368.20,369.40,369.646000000000000000,4000,20,1478584.00,3200,80.00,2.65,-1.45
14-August-2020,367.83,372.00,365.00,367.50,368.591111111111111111,9000,44,3317320.00,7600,84.44,7.00,-0.33
13-August-2020,379.00,379.00,366.10,367.31,369.867333333333333333,9000,44,3328806.00,6000,66.67,12.90,-11.69
12-August-2020,382.99,382.99,378.50,379.47,379.926800000000000000,10000,44,3799268.00,7200,72.00,4.49,-3.52
11-August-2020,377.99,379.60,376.61,378.12,378.211136363636363636,8800,39,3328258.00,5600,63.64,2.99,0.13
10-August-2020,379.00,379.00,371.00,375.89,376.413615384615384615,26000,89,9786754.00,17800,68.46,8.00,-3.11
7-August-2020,375.60,387.00,369.00,379.17,375.340519480519480519,30800,140,11560488.00,15000,48.70,18.00,3.57
6-August-2020,378.00,384.70,365.00,383.18,379.020034602076124567,57800,250,21907358.00,39200,67.82,19.70,5.18
5-August-2020,362.90,380.89,360.00,377.29,371.270497737556561085,44200,202,16410156.00,26000,58.82,20.89,14.39
4-August-2020,357.10,362.50,356.41,359.97,358.489111111111111111,9000,44,3226402.00,6400,71.11,6.09,2.87
3-August-2020,357.90,362.50,345.10,356.36,355.317321428571428571,22400,89,7959108.00,13200,58.93,17.40,-1.54
31-July-2020,357.00,361.80,355.20,357.48,357.718510638297872340,9400,46,3362554.00,5800,61.70,6.60,0.48
30-July-2020,356.10,363.00,355.09,359.28,358.853793103448275862,17400,80,6244056.00,11800,67.82,7.91,3.18
29-July-2020,360.50,362.25,355.01,358.71,359.083090909090909090,22000,105,7899828.00,13400,60.91,7.24,-1.79
28-July-2020,363.00,363.84,359.90,362.20,361.705507246376811594,13800,66,4991536.00,8000,57.97,3.94,-0.80
27-July-2020,368.80,369.00,357.50,361.66,362.343015133876600698,171800,590,62250530.00,151000,87.89,11.50,-7.14
24-July-2020,364.00,368.05,364.00,367.51,366.490740740740740740,16200,72,5937150.00,11400,70.37,4.05,3.51
23-July-2020,356.51,368.50,356.51,362.58,364.678727272727272727,22000,99,8022932.00,12800,58.18,11.99,6.07
22-July-2020,348.00,363.30,348.00,361.48,356.703098591549295774,28400,132,10130368.00,19200,67.61,15.30,13.48
21-July-2020,341.53,348.50,341.53,347.98,346.394556962025316455,15800,68,5473034.00,11600,73.42,6.97,6.45
20-July-2020,344.00,349.80,339.61,343.72,343.869104477611940298,13400,61,4607846.00,8000,59.70,10.19,-0.28
17-July-2020,343.25,346.78,342.01,344.21,343.479461883408071748,44600,72,15319184.00,39200,87.89,4.77,0.96
16-July-2020,338.00,343.99,338.00,340.76,340.570952380952380952,16800,80,5721592.00,8600,51.19,5.99,2.76
15-July-2020,336.69,338.67,334.00,336.05,336.645714285714285714,15400,68,5184344.00,10000,64.94,4.67,-0.64
14-July-2020,332.00,337.20,332.00,335.39,334.724473684210526315,7600,35,2543906.00,4200,55.26,5.20,3.39
13-July-2020,337.79,339.56,336.20,338.04,337.729436619718309859,14200,55,4795758.00,10000,70.42,3.36,0.25
10-July-2020,339.79,340.28,339.79,340.08,339.968974358974358974,7800,26,2651758.00,7600,97.44,0.49,0.29
9-July-2020,337.25,340.69,337.25,340.09,339.827966101694915254,11800,55,4009970.00,9000,76.27,3.44,2.84
8-July-2020,341.30,341.90,336.50,337.91,339.582142857142857142,11200,54,3803320.00,7000,62.50,5.40,-3.39
7-July-2020,345.90,345.90,336.60,340.25,340.418257575757575757,26400,115,8987042.00,16800,63.64,9.30,-5.65
6-July-2020,344.70,344.80,341.25,341.59,342.300584415584415584,30800,111,10542858.00,21800,70.78,3.55,-3.11
3-July-2020,346.00,346.00,342.95,343.49,343.835000000000000000,12000,52,4126020.00,9600,80.00,3.05,-2.51
2-July-2020,347.85,349.98,343.00,343.83,344.437319587628865979,19400,87,6682084.00,12000,61.86,6.98,-4.02
1-July-2020,347.70,347.70,341.53,344.17,343.298214285714285714,11200,53,3844940.00,4800,42.86,6.17,-3.53
30-June-2020,342.06,347.80,341.00,342.81,342.923030303030303030,26400,90,9053168.00,17400,65.91,6.80,0.75
29-June-2020,350.00,350.00,339.00,343.61,342.533486238532110091,43600,174,14934460.00,29200,66.97,11.00,-6.39
26-June-2020,356.00,362.67,345.00,348.86,351.861098130841121495,85600,288,30119310.00,45200,52.80,17.67,-7.14
25-June-2020,356.40,361.20,355.00,356.51,358.521084905660377358,42400,186,15201294.00,28600,67.45,6.20,0.11
24-June-2020,353.70,358.25,341.00,356.27,341.654013574084809750,70723000,6052,24162796802.00,67126600,94.91,17.25,2.57
23-June-2020,372.50,372.50,355.50,364.76,364.180150214592274678,186400,448,67883180.00,171200,91.85,17.00,-7.74
22-June-2020,371.00,382.00,365.15,376.72,372.077711864406779661,23600,113,8781034.00,13600,57.63,16.85,5.72
19-June-2020,397.70,397.70,381.20,385.00,386.521707317073170731,8200,37,3169478.00,5800,70.73,16.50,-12.70
18-June-2020,391.80,396.99,389.03,391.24,393.135348837209302325,8600,37,3380964.00,4800,55.81,7.96,-0.56
17-June-2020,378.00,390.10,378.00,389.79,386.197476635514018691,21400,98,8264626.00,17000,79.44,12.10,11.79
16-June-2020,375.00,376.50,369.50,370.40,372.210526315789473684,15200,62,5657600.00,11400,75.00,7.00,-4.60
15-June-2020,368.70,381.00,368.70,370.33,375.498529411764705882,6800,31,2553390.00,3800,55.88,12.30,1.63
12-June-2020,365.15,369.74,364.50,364.85,367.342753623188405797,13800,35,5069330.00,12600,91.30,5.24,-0.30
11-June-2020,377.60,389.00,363.03,368.55,378.498309859154929577,14200,68,5374676.00,4000,28.17,25.97,-9.05
10-June-2020,376.99,386.45,374.00,375.00,380.725000000000000000,13200,64,5025570.00,4200,31.82,12.45,-1.99
9-June-2020,356.30,379.38,356.30,371.94,373.023314606741573033,35600,156,13279630.00,23600,66.29,23.08,15.64
8-June-2020,358.40,364.50,355.00,355.00,358.939411764705882352,6800,34,2440788.00,4800,70.59,9.50,-3.40
5-June-2020,369.84,373.50,355.50,360.58,365.644252873563218390,17400,78,6362210.00,8200,47.13,18.00,-9.26
4-June-2020,362.75,374.80,362.75,369.29,366.937802197802197802,18200,85,6678268.00,10200,56.04,12.05,6.54
3-June-2020,345.50,359.80,345.00,355.67,354.421315789473684210,22800,102,8080806.00,6800,29.82,14.80,10.17
2-June-2020,337.83,362.80,337.83,344.90,351.903451776649746192,39400,170,13864996.00,14600,37.06,24.97,7.07
1-June-2020,336.90,339.99,335.10,338.40,337.166231884057971014,13800,49,4652894.00,11400,82.61,4.89,1.50
29-May-2020,334.48,341.79,331.00,332.01,333.051956521739130434,9200,43,3064078.00,7200,78.26,10.79,-2.47
28-May-2020,343.00,343.00,331.10,334.86,336.570000000000000000,9800,49,3298386.00,7200,73.47,11.90,-8.14
27-May-2020,340.00,350.00,338.00,346.56,342.412926829268292682,8200,37,2807786.00,3800,46.34,12.00,6.56
26-May-2020,344.36,344.36,337.00,337.88,340.220800000000000000,10000,45,3402208.00,6800,68.00,7.36,-6.48
22-May-2020,332.00,344.36,332.00,340.79,337.387307692307692307,10400,45,3508828.00,5800,55.77,12.36,8.79
21-May-2020,327.00,338.45,327.00,332.33,330.313955223880597014,26800,121,8852414.00,19800,73.88,11.45,5.33
20-May-2020,345.00,347.00,322.56,326.99,332.288924050632911392,31600,140,10500330.00,24200,76.58,24.44,-18.01
19-May-2020,346.50,346.50,342.90,342.98,344.382903225806451612,6200,20,2135174.00,5200,83.87,3.60,-3.52
18-May-2020,347.15,350.60,340.00,340.54,345.758448275862068965,11600,56,4010798.00,4800,41.38,10.60,-6.61
15-May-2020,341.49,353.50,341.49,345.45,348.714482758620689655,11600,55,4045088.00,2200,18.97,12.01,3.96
14-May-2020,350.00,355.00,335.01,343.03,343.677317073170731707,24600,83,8454462.00,16800,68.29,19.99,-6.97
13-May-2020,352.30,353.00,348.00,349.26,350.533818181818181818,11000,51,3855872.00,9200,83.64,5.00,-3.04
12-May-2020,347.00,352.00,347.00,348.72,349.718125000000000000,6400,28,2238196.00,3800,59.38,5.00,1.72
11-May-2020,358.00,360.00,346.75,347.38,355.598611111111111111,7200,35,2560310.00,3600,50.00,13.25,-10.62
8-May-2020,347.00,355.50,346.45,349.00,350.245277777777777777,7200,31,2521766.00,5200,72.22,9.05,2.00
7-May-2020,348.20,348.20,341.03,344.85,343.723529411764705882,13600,60,4674640.00,7000,51.47,7.17,-3.35
6-May-2020,352.12,352.29,345.00,350.28,349.937619047619047619,8400,41,2939476.00,5000,59.52,7.29,-1.84
5-May-2020,357.26,357.30,352.00,354.09,355.012765957446808510,9400,42,3337120.00,6200,65.96,5.30,-3.17
4-May-2020,364.55,365.77,350.50,363.87,359.026057007125890736,421000,100,151149970.00,9800,2.33,15.27,-0.68
30-April-2020,373.00,375.00,370.00,372.88,372.680757575757575757,13200,56,4919386.00,8000,60.61,5.00,-0.12
29-April-2020,371.05,376.80,370.00,374.42,371.636376811594202898,13800,32,5128582.00,10800,78.26,6.80,3.37
28-April-2020,362.14,380.00,362.00,374.34,374.576724137931034482,11600,44,4345090.00,7800,67.24,18.00,12.20
27-April-2020,368.00,371.50,351.00,365.70,361.961139240506329113,15800,74,5718986.00,7200,45.57,20.50,-2.30
24-April-2020,375.22,378.00,370.00,370.00,374.772564102564102564,7800,26,2923226.00,5200,66.67,8.00,-5.22
23-April-2020,375.19,375.95,369.00,369.34,373.367058823529411764,3400,17,1269448.00,1600,47.06,6.95,-5.85
22-April-2020,370.00,373.79,365.00,369.80,370.024000000000000000,6000,27,2220144.00,3600,60.00,8.79,-0.20
21-April-2020,377.00,380.00,370.00,370.74,374.218090909090909090,22000,91,8232798.00,14800,67.27,10.00,-6.26
20-April-2020,362.10,381.00,362.10,379.84,375.830947368421052631,19000,72,7140788.00,14600,76.84,18.90,17.74
17-April-2020,368.80,368.80,361.25,364.33,365.124857142857142857,7000,35,2555874.00,4000,57.14,7.55,-4.47
16-April-2020,367.50,367.90,358.27,360.99,362.792537313432835820,13400,66,4861420.00,4000,29.85,9.63,-6.51
15-April-2020,349.70,385.00,349.00,369.49,369.647741935483870967,37200,150,13750896.00,13000,34.95,36.00,19.79
13-April-2020,350.15,350.15,342.20,345.30,345.739836065573770491,12200,53,4218026.00,7600,62.30,7.95,-4.85
9-April-2020,350.75,357.40,344.00,351.97,350.022597402597402597,15400,76,5390348.00,8000,51.95,13.40,1.22
8-April-2020,337.50,352.30,330.00,347.14,331.204283765347885402,293200,132,97109096.00,279200,95.23,22.30,9.64
7-April-2020,331.00,339.17,326.00,335.43,334.106909090909090909,22000,98,7350352.00,16200,73.64,13.17,4.43
3-April-2020,331.00,331.00,319.00,320.44,321.506596856636626684,15690200,379,5044502806.00,15629600,99.61,12.00,-10.56
1-April-2020,350.20,350.20,330.30,334.98,336.671025641025641025,15600,73,5252068.00,12000,76.92,19.90,-15.22
31-March-2020,368.80,368.80,350.35,351.51,354.390140845070422535,14200,71,5032340.00,10600,74.65,18.45,-17.29
30-March-2020,369.00,369.00,354.00,356.85,356.341200000000000000,15000,58,5345118.00,6600,44.00,15.00,-12.15
27-March-2020,387.98,387.98,361.00,374.90,372.756900000000000000,20000,70,7455138.00,12200,61.00,26.98,-13.08
26-March-2020,341.99,379.00,341.99,372.48,365.769333333333333333,15000,66,5486540.00,10000,66.67,37.01,30.49
25-March-2020,320.00,344.99,320.00,330.15,334.777162162162162162,29600,129,9909404.00,23200,78.38,24.99,10.15
24-March-2020,351.80,351.80,315.00,319.44,323.758571428571428571,21000,94,6798930.00,17600,83.81,36.80,-32.36
23-March-2020,349.95,350.00,301.00,330.77,334.835494505494505494,36400,122,12188012.00,25600,70.33,49.00,-19.18
20-March-2020,384.00,384.00,349.75,362.73,358.628947368421052631,34200,130,12265110.00,22800,66.67,34.25,-21.27
19-March-2020,333.01,370.00,305.00,358.56,341.475719298245614035,57000,202,19464116.00,32000,56.14,65.00,25.55
18-March-2020,390.00,395.50,375.15,380.16,385.233513513513513513,22200,83,8552184.00,12600,56.76,20.35,-9.84
17-March-2020,398.00,398.00,380.10,385.23,387.537829457364341085,25800,105,9998476.00,11200,43.41,17.90,-12.77
16-March-2020,410.00,410.00,391.50,398.36,404.829690721649484536,388000,76,157073920.00,382000,98.45,18.50,-11.64
13-March-2020,375.00,450.00,371.00,404.22,393.320094936708860759,126400,440,49715660.00,79600,62.97,79.00,29.22
12-March-2020,450.00,466.90,430.00,434.12,438.478125000000000000,16000,77,7015650.00,9600,60.00,36.90,-15.88
11-March-2020,479.00,480.00,448.25,466.47,465.725454545454545454,13200,57,6147576.00,6600,50.00,31.75,-12.53
9-March-2020,467.50,492.90,438.01,463.10,476.688020164986251145,218200,89,104013326.00,208800,95.69,54.89,-4.40
6-March-2020,470.80,476.00,467.55,467.55,472.865808966861598440,102600,15,48516032.00,102000,99.42,8.45,-3.25
5-March-2020,465.01,518.00,460.00,479.97,479.073333333333333333,16200,70,7760988.00,7600,46.91,58.00,14.96
4-March-2020,466.00,467.00,463.00,465.00,465.536428571428571428,5600,27,2607004.00,3800,67.86,4.00,-1.00
3-March-2020,454.31,468.90,454.30,468.90,463.283921568627450980,10200,38,4725496.00,7600,74.51,14.60,14.59
2-March-2020,440.00,461.75,440.00,457.64,440.832157534246575342,175200,36,77233794.00,172600,98.52,21.75,17.64
28-February-2020,435.01,456.97,435.00,443.34,443.837454545454545454,22000,81,9764424.00,15600,70.91,21.97,8.33
27-February-2020,433.58,439.01,433.58,438.48,438.097561728395061728,64800,44,28388722.00,62200,95.99,5.43,4.90
26-February-2020,439.25,444.60,427.68,440.85,437.218750000000000000,3200,16,1399100.00,2000,62.50,16.92,1.60
25-February-2020,428.30,444.89,428.00,435.01,436.416208178438661710,53800,98,23479192.00,46800,86.99,16.89,6.71
24-February-2020,457.00,457.80,434.10,434.51,439.015769230769230769,10400,49,4565764.00,6200,59.62,23.70,-22.49
20-February-2020,443.50,455.00,443.13,454.04,450.344941176470588235,17000,74,7655864.00,10400,61.18,11.87,10.54
19-February-2020,443.80,450.00,442.00,445.55,445.617027027027027027,7400,24,3297566.00,6000,81.08,8.00,1.75
18-February-2020,442.00,446.00,438.20,439.47,440.832272727272727272,4400,21,1939662.00,2200,50.00,7.80,-2.53
17-February-2020,427.25,448.20,427.25,448.20,440.754000000000000000,6000,29,2644524.00,3200,53.33,20.95,20.95
14-February-2020,451.98,452.75,445.02,449.15,449.353076923076923076,5200,22,2336636.00,2600,50.00,7.73,-2.83
13-February-2020,442.00,451.00,442.00,447.98,447.727699115044247787,22600,95,10118646.00,16000,70.80,9.00,5.98
12-February-2020,365.00,438.99,365.00,437.06,433.305000000000000000,6800,32,2946474.00,3200,47.06,73.99,72.06
11-February-2020,427.95,432.50,427.95,430.25,429.737857142857142857,2800,14,1203266.00,1800,64.29,4.55,2.30
10-February-2020,427.00,428.00,422.14,426.98,425.408333333333333333,2400,10,1020980.00,2000,83.33,5.86,-0.02
7-February-2020,427.50,431.00,421.00,427.70,427.763870967741935483,6200,29,2652136.00,2800,45.16,10.00,0.20
6-February-2020,414.00,428.60,414.00,427.50,422.713809523809523809,4200,21,1775398.00,3400,80.95,14.60,13.50
5-February-2020,409.99,410.27,407.01,408.30,408.685714285714285714,4200,16,1716480.00,2800,66.67,3.26,-1.69
4-February-2020,408.48,414.50,407.00,410.01,410.328867924528301886,10600,50,4349486.00,5400,50.94,7.50,1.53
3-February-2020,399.00,409.90,399.00,402.23,402.901000000000000000,14000,63,5640614.00,9600,68.57,10.90,3.23
1-February-2020,419.99,420.00,392.00,400.44,405.148543689320388349,20600,86,8346060.00,11800,57.28,28.00,-19.55
31-January-2020,416.60,416.99,413.52,414.75,416.410382513661202185,36600,19,15240620.00,35600,97.27,3.47,-1.85
30-January-2020,412.05,418.98,412.05,415.39,416.378888888888888888,1800,9,749482.00,1200,66.67,6.93,3.34
29-January-2020,419.95,420.95,417.05,419.00,419.943914590747330960,112400,7,47201696.00,112000,99.64,3.90,-0.95
28-January-2020,415.00,422.80,413.80,420.33,418.376153846153846153,5200,21,2175556.00,3200,61.54,9.00,5.33
27-January-2020,423.31,424.00,407.30,414.14,415.698108108108108108,7400,34,3076166.00,2600,35.14,16.70,-9.17
24-January-2020,420.00,423.31,420.00,423.31,422.140000000000000000,3400,17,1435276.00,3400,100.00,3.31,3.31
23-January-2020,416.80,420.90,416.80,420.24,419.393636363636363636,2200,11,922666.00,1600,72.73,4.10,3.44
22-January-2020,413.80,418.69,413.60,416.80,415.504166666666666666,4800,23,1994420.00,3800,79.17,5.09,3.00
21-January-2020,408.00,412.90,405.00,409.90,409.677428571428571428,7000,31,2867742.00,4800,68.57,7.90,1.90
20-January-2020,409.99,411.99,407.00,410.14,409.847692307692307692,5200,23,2131208.00,3200,61.54,4.99,0.15
17-January-2020,390.50,413.99,390.50,405.69,401.865119617224880382,41800,138,16797962.00,21400,51.20,23.49,15.19
16-January-2020,392.20,392.20,360.50,386.08,378.374389246054938632,342200,263,129479716.00,324200,94.74,31.70,-6.12
15-January-2020,404.00,404.00,381.00,391.40,391.461153846153846153,31200,143,12213588.00,23600,75.64,23.00,-12.60
14-January-2020,416.00,416.00,396.00,403.66,403.326866666666666666,30000,122,12099806.00,21600,72.00,20.00,-12.34
13-January-2020,422.00,422.00,415.00,417.50,416.606500000000000000,4000,20,1666426.00,2600,65.00,7.00,-4.50
10-January-2020,421.99,421.99,416.05,417.01,418.449285714285714285,2800,14,1171658.00,1800,64.29,5.94,-4.98
9-January-2020,419.00,419.00,419.00,419.00,419.000000000000000000,200,1,83800.00,200,100.00,0.00,0.00
8-January-2020,418.50,420.24,418.07,419.03,419.190714285714285714,2800,14,1173734.00,1600,57.14,2.17,0.53
7-January-2020,420.03,423.80,420.00,420.61,421.537272727272727272,2200,11,927382.00,1600,72.73,3.80,0.58
6-January-2020,423.00,424.89,420.00,420.30,422.934125914516750096,1038800,46,439343970.00,1035800,99.71,4.89,-2.70
3-January-2020,423.75,423.96,422.21,422.21,423.176000000000000000,1000,5,423176.00,600,60.00,1.75,-1.54
2-January-2020,424.79,424.79,420.10,422.57,422.169523809523809523,4200,18,1773112.00,3800,90.48,4.69,-2.22
1-January-2020,434.00,434.00,424.00,425.53,427.759000000000000000,2000,10,855518.00,1200,60.00,10.00,-8.47
31-December-2019,422.29,427.90,420.00,425.14,423.111481481481481481,5400,24,2284802.00,3200,59.26,7.90,2.85
30-December-2019,422.30,423.75,417.50,418.53,420.961470588235294117,6800,29,2862538.00,6000,88.24,6.25,-3.77
27-December-2019,423.00,425.30,422.30,424.80,424.411891891891891891,7400,28,3140648.00,5400,72.97,3.00,1.80
26-December-2019,433.00,433.00,420.34,421.73,423.897222222222222222,3600,18,1526030.00,2400,66.67,12.66,-11.27
24-December-2019,427.00,427.00,420.00,420.33,421.369130434782608695,4600,23,1938298.00,2000,43.48,7.00,-6.67
23-December-2019,421.45,429.49,419.55,424.63,422.403400000000000000,10000,44,4224034.00,8400,84.00,9.94,3.18
20-December-2019,425.05,428.00,417.25,422.03,424.932503536067892503,141400,128,60085456.00,126200,89.25,10.75,-3.02
19-December-2019,422.00,425.89,421.05,421.95,422.913636363636363636,4400,21,1860820.00,3800,86.36,4.84,-0.05
18-December-2019,424.80,425.85,422.15,425.85,424.996946354883081155,145400,11,61794556.00,144800,99.59,3.70,1.05
17-December-2019,422.25,425.75,421.00,424.24,423.804400000000000000,5000,22,2119022.00,3000,60.00,4.75,1.99
16-December-2019,428.00,428.00,418.01,425.38,423.217429760665972944,384400,46,162684780.00,380400,98.96,9.99,-2.62
13-December-2019,425.00,430.00,425.00,430.00,427.760000000000000000,1000,5,427760.00,600,60.00,5.00,5.00
12-December-2019,425.00,425.00,423.50,423.50,424.250000000000000000,400,2,169700.00,400,100.00,1.50,-1.50
11-December-2019,434.00,434.00,420.50,424.80,426.879473684210526315,3800,18,1622142.00,1800,47.37,13.50,-9.20
10-December-2019,420.98,425.95,420.00,424.90,422.615555555555555555,3600,18,1521416.00,2200,61.11,5.95,3.92
9-December-2019,428.80,428.80,420.10,425.14,423.005189873417721518,15800,66,6683482.00,5600,35.44,8.70,-3.66
6-December-2019,421.00,425.78,412.11,423.58,418.361724137931034482,11600,50,4852996.00,5200,44.83,13.67,2.58
5-December-2019,423.84,425.00,420.00,420.67,422.277272727272727272,4400,21,1858020.00,2600,59.09,5.00,-3.17
4-December-2019,431.70,431.80,424.50,425.79,427.065217391304347826,4600,20,1964500.00,3000,65.22,7.30,-5.91
3-December-2019,443.50,443.50,425.15,431.28,433.951714285714285714,7000,35,3037662.00,3200,45.71,18.35,-12.22
2-December-2019,445.30,451.85,439.00,441.14,446.640185185185185185,10800,36,4823714.00,8800,81.48,12.85,-4.16
29-November-2019,447.00,451.00,445.00,445.30,448.202777777777777777,3600,14,1613530.00,2200,61.11,6.00,-1.70
28-November-2019,439.65,444.90,435.99,444.78,442.029761904761904761,8400,37,3713050.00,5000,59.52,8.91,5.13
27-November-2019,445.50,451.49,437.00,439.55,440.947435897435897435,7800,39,3439390.00,3800,48.72,14.49,-5.95
26-November-2019,447.00,462.00,439.30,446.25,448.417234042553191489,9400,42,4215122.00,2800,29.79,22.70,-0.75
25-November-2019,434.00,446.27,434.00,443.16,440.635714285714285714,18200,77,8019570.00,14400,79.12,12.27,9.16
22-November-2019,425.05,433.50,425.05,432.30,428.031615973995820756,861400,37,368706434.00,859000,99.72,8.45,7.25
21-November-2019,429.00,432.85,428.40,430.81,430.332222222222222222,9000,33,3872990.00,5400,60.00,4.45,1.81
20-November-2019,426.97,426.97,420.20,426.45,423.583500000000000000,4000,15,1694334.00,2400,60.00,6.77,-0.52
19-November-2019,420.00,426.99,411.00,424.59,421.634250000000000000,8000,26,3373074.00,6200,77.50,15.99,4.59
18-November-2019,416.00,420.00,416.00,416.84,418.998326972010178117,1257600,29,526932296.00,1256600,99.92,4.00,0.84
15-November-2019,419.99,422.00,418.50,418.50,420.722571428571428571,7000,25,2945058.00,6000,85.71,3.50,-1.49
14-November-2019,409.60,420.75,409.60,414.70,415.504687500000000000,6400,31,2659230.00,2800,43.75,11.15,5.10
13-November-2019,404.00,412.50,399.30,408.65,404.508260869565217391,9200,41,3721476.00,7000,76.09,13.20,4.65
11-November-2019,397.82,401.00,395.00,398.50,398.181714285714285714,7000,33,2787272.00,5800,82.86,6.00,0.68
8-November-2019,402.77,402.77,389.30,392.28,396.291333333333333333,15000,70,5944370.00,10800,72.00,13.47,-10.49
7-November-2019,407.00,408.00,395.66,402.58,402.458133333333333333,15000,64,6036872.00,10200,68.00,12.34,-4.42
6-November-2019,406.50,408.00,396.10,403.15,403.455333333333333333,21000,89,8472562.00,12800,60.95,11.90,-3.35
5-November-2019,410.32,414.50,401.40,405.80,407.306607142857142857,11200,55,4561834.00,6200,55.36,13.10,-4.52
4-November-2019,422.30,422.30,412.00,412.00,416.163437500000000000,6400,28,2663446.00,3800,59.38,10.30,-10.30
1-November-2019,419.80,421.00,416.12,420.89,419.901891891891891891,7400,19,3107274.00,5800,78.38,4.88,1.09
31-October-2019,419.90,421.00,411.55,411.87,415.789285714285714285,2800,12,1164210.00,1400,50.00,9.45,-8.03
30-October-2019,418.70,420.00,410.03,416.71,416.551538461538461538,5200,25,2166068.00,3800,73.08,9.97,-1.99
29-October-2019,414.00,420.45,414.00,417.86,418.250000000000000000,6000,22,2509500.00,3400,56.67,6.45,3.86
27-October-2019,414.80,414.80,405.00,410.32,409.215263157894736842,3800,19,1555018.00,1800,47.37,9.80,-4.48
25-October-2019,414.77,416.95,405.25,413.39,411.523658536585365853,8200,39,3374494.00,3200,39.02,11.70,-1.38
24-October-2019,415.00,419.80,404.00,405.66,412.070277777777777777,7200,33,2966906.00,3400,47.22,15.80,-9.34
23-October-2019,405.20,411.30,399.50,403.85,401.616535433070866141,25400,77,10201060.00,16200,63.78,11.80,-1.35
22-October-2019,412.00,415.40,405.00,409.64,410.214285714285714285,9800,45,4020100.00,5800,59.18,10.40,-2.36
18-October-2019,423.40,423.40,411.50,412.78,415.855686274509803921,10200,47,4241728.00,6400,62.74,11.90,-10.62
17-October-2019,423.95,423.95,411.00,414.76,417.463255813953488372,8600,40,3590184.00,3600,41.86,12.95,-9.19
16-October-2019,427.94,429.90,418.50,423.95,426.198823529411764705,3400,17,1449076.00,1800,52.94,11.40,-3.99
15-October-2019,424.62,428.00,423.00,424.14,425.340000000000000000,5200,25,2211768.00,3200,61.54,5.00,-0.48
14-October-2019,450.00,450.00,422.22,425.05,428.790625000000000000,6400,25,2744260.00,5000,78.12,27.78,-24.95
11-October-2019,422.80,426.99,415.50,425.58,421.635416666666666666,4800,23,2023850.00,2400,50.00,11.49,2.78
10-October-2019,420.00,427.40,416.15,418.59,422.690000000000000000,8400,35,3550596.00,5400,64.29,11.25,-1.41
9-October-2019,431.03,431.03,412.50,417.17,424.753095238095238095,8400,40,3567926.00,4600,54.76,18.53,-13.86
7-October-2019,418.50,440.80,418.50,429.69,430.927333333333333333,9000,37,3878346.00,3800,42.22,22.30,11.19
4-October-2019,405.00,417.00,405.00,414.37,411.188658536585365853,16400,54,6743494.00,12800,78.05,12.00,9.37
3-October-2019,399.00,409.50,399.00,405.86,400.004438400000000000,2500000,42,1000011096.00,2498800,99.95,10.50,6.86
1-October-2019,404.90,404.90,396.17,396.30,399.491250000000000000,1600,8,639186.00,1200,75.00,8.73,-8.60
30-September-2019,393.45,404.00,393.45,401.00,399.712777777777777777,3600,17,1438966.00,1600,44.44,10.55,7.55
27-September-2019,393.80,393.80,393.00,393.25,393.575714285714285714,2800,5,1102012.00,2800,100.00,0.80,-0.55
26-September-2019,388.00,393.00,388.00,392.95,392.432222222222222222,3600,9,1412756.00,2800,77.78,5.00,4.95
25-September-2019,391.80,393.90,385.10,393.17,391.574666666666666666,6000,15,2349448.00,2800,46.67,8.80,1.37
24-September-2019,390.69,395.00,390.69,394.00,394.616451612903225806,12400,28,4893244.00,10000,80.65,4.31,3.31
23-September-2019,387.00,390.00,380.00,390.00,386.330625000000000000,12800,27,4945032.00,9600,75.00,10.00,3.00
20-September-2019,395.97,395.97,377.00,383.38,385.777058823529411764,20400,46,7869852.00,15600,76.47,18.97,-12.59
19-September-2019,400.00,400.00,396.60,398.00,397.344862288135593220,755200,23,300074840.00,751600,99.52,3.40,-2.00
18-September-2019,396.20,401.40,396.00,399.73,398.314285714285714285,2800,7,1115280.00,1600,57.14,5.40,3.53
17-September-2019,402.67,402.97,390.05,394.90,401.787700228832951945,349600,32,140464980.00,346000,98.97,12.92,-7.77
16-September-2019,435.00,435.00,400.00,400.05,404.489500000000000000,8000,20,3235916.00,4000,50.00,35.00,-34.95
13-September-2019,405.00,405.99,403.99,404.40,404.700000000000000000,2400,6,971280.00,2000,83.33,2.00,-0.60
12-September-2019,402.07,402.20,400.00,401.00,401.767500000000000000,6400,11,2571312.00,4800,75.00,2.20,-1.07
11-September-2019,409.55,409.55,401.00,402.21,402.281463414634146341,16400,32,6597416.00,12800,78.05,8.55,-7.34
9-September-2019,415.95,415.95,408.50,409.19,409.487500000000000000,9600,18,3931080.00,8800,91.67,7.45,-6.76
6-September-2019,411.00,412.77,405.11,409.48,409.371111111111111111,7200,17,2947472.00,5600,77.78,7.66,-1.52
5-September-2019,395.00,400.67,395.00,400.08,398.791250000000000000,3200,8,1276132.00,2000,62.50,5.67,5.08
4-September-2019,392.90,394.00,389.10,390.00,392.090000000000000000,3200,8,1254688.00,2000,62.50,4.90,-2.90
3-September-2019,398.00,398.00,388.10,390.74,391.788333333333333333,4800,12,1880584.00,2800,58.33,9.90,-7.26
30-August-2019,390.00,400.00,386.25,397.86,395.407272727272727272,8800,18,3479584.00,6000,68.18,13.75,7.86
29-August-2019,380.00,382.80,379.00,379.15,380.359090909090909090,4400,10,1673580.00,2400,54.55,3.80,-0.85
28-August-2019,388.18,388.85,379.25,380.04,383.015714285714285714,8400,21,3217332.00,5600,66.67,9.60,-8.14
27-August-2019,392.25,392.25,382.00,388.70,385.599333333333333333,6000,15,2313596.00,2400,40.00,10.25,-3.55
26-August-2019,388.00,394.99,388.00,390.00,390.293703703703703703,10800,25,4215172.00,6800,62.96,6.99,2.00
23-August-2019,377.00,380.00,377.00,380.00,378.523333333333333333,2400,6,908456.00,1600,66.67,3.00,3.00
22-August-2019,379.10,381.88,378.06,379.25,379.692500000000000000,3200,8,1215016.00,2400,75.00,3.82,0.15
21-August-2019,381.79,381.79,371.00,378.25,377.168888888888888888,3600,9,1357808.00,2800,77.78,10.79,-3.54
20-August-2019,378.80,380.00,378.80,380.00,379.370000000000000000,1600,4,606992.00,1200,75.00,1.20,1.20
19-August-2019,385.99,397.98,375.00,375.47,382.111269841269841269,25200,55,9629204.00,19200,76.19,22.98,-10.52
16-August-2019,376.00,377.00,368.60,376.69,374.850625000000000000,6400,13,2399044.00,4400,68.75,8.40,0.69
14-August-2019,374.00,376.88,374.00,376.00,375.482857142857142857,2800,7,1051352.00,2400,85.71,2.88,2.00
13-August-2019,364.00,375.00,363.00,371.35,367.512000000000000000,6000,13,2205072.00,3200,53.33,12.00,7.35
9-August-2019,360.00,361.44,355.00,357.12,358.514166666666666666,4800,12,1720868.00,4400,91.67,6.44,-2.88
8-August-2019,360.00,361.50,357.00,359.65,359.330000000000000000,4400,11,1581052.00,3200,72.73,4.50,-0.35
7-August-2019,364.00,364.50,360.10,360.97,361.595714285714285714,5600,11,2024936.00,5600,100.00,4.40,-3.03
6-August-2019,376.84,376.85,366.70,366.70,373.235000000000000000,2400,5,895764.00,2000,83.33,10.15,-10.14
5-August-2019,364.50,375.90,364.50,372.92,371.889000000000000000,4000,10,1487556.00,2000,50.00,11.40,8.42
2-August-2019,362.01,370.00,362.01,366.50,366.395416666666666666,9600,23,3517396.00,4000,41.67,7.99,4.49
1-August-2019,372.00,372.00,364.20,365.32,368.418333333333333333,14400,27,5305224.00,10000,69.44,7.80,-6.68
31-July-2019,357.10,380.00,357.10,373.10,370.083125000000000000,6400,15,2368532.00,3600,56.25,22.90,16.00
30-July-2019,371.00,371.00,356.10,361.15,364.253000000000000000,12000,29,4371036.00,5600,46.67,14.90,-9.85
29-July-2019,378.00,378.00,370.25,371.21,372.573636363636363636,4400,11,1639324.00,3200,72.73,7.75,-6.79
26-July-2019,375.90,375.90,375.90,375.90,375.900000000000000000,800,2,300720.00,800,100.00,0.00,0.00
25-July-2019,377.00,377.00,366.00,372.80,373.110434782608695652,9200,22,3432616.00,4000,43.48,11.00,-4.20
24-July-2019,375.00,378.00,375.00,376.90,377.414666666666666666,6000,10,2264488.00,5200,86.67,3.00,1.90
23-July-2019,375.11,375.11,369.05,371.27,372.208000000000000000,6000,15,2233248.00,4400,73.33,6.06,-3.84
22-July-2019,375.00,383.00,372.00,381.33,377.976800000000000000,10000,23,3779768.00,4400,44.00,11.00,6.33
19-July-2019,382.25,382.39,371.10,371.10,375.974583333333333333,9600,23,3609356.00,5200,54.17,11.29,-11.15
18-July-2019,381.00,381.05,381.00,381.00,381.006250000000000000,3200,7,1219220.00,2800,87.50,0.05,0.00
17-July-2019,381.00,381.00,380.00,380.00,380.666666666666666666,1200,3,456800.00,1200,100.00,1.00,-1.00
16-July-2019,378.60,384.00,378.60,383.90,381.007142857142857142,2800,7,1066820.00,800,28.57,5.40,5.30
15-July-2019,372.40,376.50,372.00,374.50,373.905555555555555555,3600,9,1346060.00,1600,44.44,4.50,2.10
12-July-2019,371.06,377.35,371.06,377.00,375.136666666666666666,1200,3,450164.00,400,33.33,6.29,5.94
11-July-2019,375.35,378.00,371.00,376.00,375.034868421052631578,30400,29,11401060.00,9200,30.26,7.00,0.65
10-July-2019,378.00,379.00,378.00,378.01,378.400000000000000000,2000,5,756800.00,1600,80.00,1.00,0.01
9-July-2019,375.00,375.00,373.00,373.77,373.292000000000000000,10000,15,3732920.00,8800,88.00,2.00,-1.23
8-July-2019,373.00,379.00,370.00,373.01,374.798750000000000000,6400,16,2398712.00,4400,68.75,9.00,0.01
5-July-2019,373.33,376.50,372.00,376.24,372.423571428571428571,39200,37,14599004.00,35600,90.82,4.50,2.91
4-July-2019,376.00,378.74,373.61,377.24,377.004000000000000000,4000,10,1508016.00,2400,60.00,5.13,1.24
3-July-2019,370.70,375.00,367.71,374.45,370.991403508771929824,22800,46,8458604.00,16400,71.93,7.29,3.75
2-July-2019,362.23,372.00,362.23,370.04,370.137642857142857142,56000,84,20727708.00,40800,72.86,9.77,7.81
1-July-2019,368.00,372.80,368.00,369.00,369.525454545454545454,4400,11,1625912.00,4000,90.91,4.80,1.00
28-June-2019,370.00,371.82,366.30,368.33,368.324790697674418604,86000,16,31675932.00,82800,96.28,5.52,-1.67
27-June-2019,370.00,375.75,368.84,369.97,369.007191707054388799,2971200,73,1096394168.00,2960400,99.64,6.91,-0.03
26-June-2019,369.50,370.00,369.00,370.00,369.785714285714285714,2800,4,1035400.00,2800,100.00,1.00,0.50
25-June-2019,373.00,374.50,369.75,370.63,372.028888888888888888,14400,35,5357216.00,9200,63.89,4.75,-2.37
24-June-2019,374.11,374.11,369.00,370.30,370.158888888888888888,32400,64,11993148.00,26800,82.72,5.11,-3.81
21-June-2019,375.00,375.00,373.15,374.13,374.504444444444444444,3600,9,1348216.00,2400,66.67,1.85,-0.87
20-June-2019,370.65,373.65,367.20,372.88,370.708666666666666666,6000,15,2224252.00,3200,53.33,6.45,2.23
19-June-2019,369.99,370.70,361.51,364.45,365.620833333333333333,9600,16,3509960.00,7600,79.17,9.19,-5.54
18-June-2019,361.01,366.40,357.10,359.53,360.569782608695652173,18400,29,6634484.00,14400,78.26,9.30,-1.48
17-June-2019,355.30,365.00,355.30,364.97,363.825238095238095238,8400,20,3056132.00,6400,76.19,9.70,9.67
14-June-2019,352.50,356.00,352.50,355.26,354.442000000000000000,2000,5,708884.00,1600,80.00,3.50,2.76
13-June-2019,357.98,358.00,357.98,358.00,357.997777777777777777,3600,9,1288792.00,3200,88.89,0.02,0.02
12-June-2019,368.00,380.00,355.00,359.04,362.579715447154471544,98400,210,35677844.00,77200,78.46,25.00,-8.96
11-June-2019,353.01,368.00,353.01,364.25,361.080000000000000000,5600,14,2022048.00,3600,64.29,14.99,11.24
10-June-2019,355.90,359.50,351.00,359.25,354.881111111111111111,3600,9,1277572.00,2400,66.67,8.50,3.35
7-June-2019,368.00,368.00,345.05,350.99,352.389687235841081994,5915,38,2084385.00,4715,79.71,22.95,-17.01
6-June-2019,357.75,362.00,354.00,360.33,357.849411764705882352,47600,16,17033632.00,44800,94.12,8.00,2.58
4-June-2019,358.70,360.00,354.21,359.53,358.975000000000000000,4000,10,1435900.00,3200,80.00,5.79,0.83
3-June-2019,353.00,358.70,351.07,354.89,353.378333333333333333,2400,6,848108.00,2000,83.33,7.63,1.89
31-May-2019,349.90,357.50,349.90,354.02,354.229444444444444444,7200,17,2550452.00,5200,72.22,7.60,4.12
30-May-2019,347.84,352.50,347.84,348.30,349.544615384615384615,5200,12,1817632.00,4000,76.92,4.66,0.46
29-May-2019,348.50,349.49,347.00,347.84,348.225000000000000000,2400,6,835740.00,1600,66.67,2.49,-0.66
28-May-2019,345.05,349.50,345.05,349.50,347.976000000000000000,2000,5,695952.00,1200,60.00,4.45,4.45
27-May-2019,345.00,350.80,345.00,346.30,346.562307692307692307,5200,13,1802124.00,4000,76.92,5.80,1.30
24-May-2019,350.00,350.00,346.56,347.00,348.712000000000000000,2000,5,697424.00,1600,80.00,3.44,-3.00
23-May-2019,346.90,350.40,345.12,349.99,348.608181818181818181,4400,11,1533876.00,2400,54.55,5.28,3.09
22-May-2019,343.05,346.90,343.00,345.96,345.054166666666666666,4800,12,1656260.00,2800,58.33,3.90,2.91
21-May-2019,343.88,347.84,340.00,345.71,344.166382978723404255,18800,46,6470328.00,11200,59.57,7.84,1.83
20-May-2019,342.75,343.75,340.01,340.18,341.952500000000000000,9600,24,3282744.00,8000,83.33,3.74,-2.57
17-May-2019,340.10,343.40,340.00,341.05,341.188750000000000000,3200,8,1091804.00,2000,62.50,3.40,0.95
16-May-2019,342.00,343.45,339.07,341.78,341.155000000000000000,1600,4,545848.00,1200,75.00,4.38,-0.22
15-May-2019,339.90,343.95,337.61,343.95,341.116250000000000000,3200,8,1091572.00,1600,50.00,6.34,4.05
14-May-2019,334.00,345.00,334.00,341.84,340.384634146341463414,32800,71,11164616.00,20800,63.41,11.00,7.84
13-May-2019,333.50,333.50,332.50,332.50,332.833333333333333333,1200,3,399400.00,1200,100.00,1.00,-1.00
10-May-2019,342.70,342.70,334.20,335.45,336.420384615384615384,10400,26,3498772.00,6800,65.38,8.50,-7.25
9-May-2019,335.10,337.50,333.50,337.32,335.825454545454545454,8800,21,2955264.00,5200,59.09,4.00,2.22
8-May-2019,332.00,342.45,332.00,335.40,338.077446808510638297,18800,46,6355856.00,9600,51.06,10.45,3.40
7-May-2019,329.49,329.77,326.00,327.26,327.440000000000000000,7200,18,2357568.00,4800,66.67,3.77,-2.23
6-May-2019,326.00,328.00,322.50,326.65,325.269500000000000000,8000,20,2602156.00,4800,60.00,5.50,0.65
3-May-2019,323.00,326.00,320.10,326.00,322.523333333333333333,49200,21,15868148.00,7200,14.63,5.90,3.00
2-May-2019,324.90,324.90,320.55,321.55,322.192631578947368421,15200,31,4897328.00,14400,94.74,4.35,-3.35
30-April-2019,327.00,329.00,318.00,320.33,323.824081632653061224,39200,77,12693904.00,33600,85.71,11.00,-6.67
26-April-2019,326.40,330.00,326.40,327.92,328.810000000000000000,6000,14,1972860.00,5200,86.67,3.60,1.52
25-April-2019,326.05,332.00,326.05,329.05,328.497058823529411764,6800,17,2233780.00,3600,52.94,5.95,3.00
24-April-2019,331.00,331.00,327.70,328.50,328.579473684210526315,22800,46,7491612.00,17600,77.19,3.30,-2.50
23-April-2019,331.00,332.50,328.10,329.26,331.437297297297297297,29600,25,9810544.00,20000,67.57,4.40,-1.74
22-April-2019,338.00,338.00,327.00,331.50,332.005833333333333333,14400,33,4780884.00,7600,52.78,11.00,-6.50
18-April-2019,352.00,352.00,336.50,337.34,339.947631578947368421,15200,38,5167204.00,9200,60.53,15.50,-14.66
16-April-2019,345.00,348.90,336.90,337.70,342.970142857142857142,28000,66,9603164.00,14400,51.43,12.00,-7.30
15-April-2019,339.60,340.00,337.66,339.71,338.808181818181818181,13200,30,4472268.00,8000,60.61,2.34,0.11
12-April-2019,330.00,339.50,329.00,337.30,334.754461538461538461,26000,57,8703616.00,14800,56.92,10.50,7.30
11-April-2019,328.00,329.00,327.02,329.00,328.481363636363636363,8800,19,2890636.00,5600,63.64,1.98,1.00
10-April-2019,325.00,329.00,325.00,327.09,327.781470588235294117,13600,30,4457828.00,10800,79.41,4.00,2.09
9-April-2019,322.00,327.93,322.00,325.00,324.747333333333333333,12000,30,3896968.00,9200,76.67,5.93,3.00
8-April-2019,332.50,334.95,320.00,321.05,325.865256410256410256,31200,72,10166996.00,22800,73.08,14.95,-11.45
5-April-2019,331.50,334.00,327.90,328.02,329.861492537313432835,26800,62,8840288.00,21200,79.10,6.10,-3.48
4-April-2019,324.79,329.99,322.00,328.53,327.196827956989247311,74400,157,24343444.00,43600,58.60,7.99,3.74
3-April-2019,317.00,324.90,316.50,322.35,321.635547445255474452,54800,118,17625628.00,36800,67.15,8.40,5.35
2-April-2019,325.95,325.95,313.00,315.22,315.671150793650793650,100800,197,31819652.00,68000,67.46,12.95,-10.73
1-April-2019,300.00,324.50,300.00,314.10,312.228063127690100430,278800,509,87049184.00,171600,61.55,24.50,14.10
