Date,Open Price,High Price,Low Price,Close Price,WAP,No.of Shares,No. of Trades,Total Turnover (Rs.),Deliverable Quantity,% Deli. Qty to Traded Qty,Spread High-Low,Spread Close-Open
16-July-2026,491.07,494.00,491.07,492.74,493.029579067121729237,4395,215,2166865.00,3782,86.05,2.93,1.67
15-July-2026,490.30,494.38,490.30,492.78,492.901117185642975992,4207,297,2073635.00,3344,79.49,4.08,2.48
14-July-2026,489.27,492.50,489.25,491.60,490.903385416666666666,3840,328,1885069.00,2452,63.85,3.25,2.33
13-July-2026,488.10,493.38,488.01,489.22,490.211092246745897000,5301,345,2598609.00,3690,69.61,5.37,1.12
10-July-2026,489.90,489.90,486.80,488.82,488.350234532052713870,4477,258,2186344.00,3213,71.77,3.10,-1.08
9-July-2026,485.01,490.00,483.56,487.24,487.951050420168067226,4760,391,2322647.00,3144,66.05,6.44,2.23
8-July-2026,491.00,493.09,483.00,485.55,489.282793256008609350,8363,471,4091872.00,4528,54.14,10.09,-5.45
7-July-2026,488.00,492.90,488.00,489.11,489.713157046114156723,6202,406,3037201.00,3988,64.30,4.90,1.11
6-July-2026,486.34,490.48,485.00,487.70,487.699234844025897586,10194,587,4971606.00,7847,76.98,5.48,1.36
3-July-2026,487.69,487.69,484.31,486.07,486.211333714939896966,8735,381,4247056.00,6811,77.97,3.38,-1.62
2-July-2026,482.50,485.39,479.93,483.68,483.018181818181818181,15675,1279,7571310.00,11881,75.80,5.46,1.18
1-July-2026,474.50,482.21,474.15,478.99,478.701317027281279397,8504,602,4070876.00,6785,79.79,8.06,4.49
30-June-2026,470.99,475.25,469.89,474.14,472.874331854884567269,8793,407,4157984.00,6098,69.35,5.36,3.15
29-June-2026,465.00,470.10,464.69,466.34,467.453581545932820720,12355,770,5775389.00,8883,71.90,5.41,1.34
25-June-2026,453.00,464.42,453.00,462.91,462.488263536943184849,7498,516,3467737.00,6482,86.45,11.42,9.91
24-June-2026,461.03,463.59,461.03,462.13,462.752488262910798122,5325,670,2464157.00,4301,80.77,2.56,1.10
23-June-2026,466.00,466.00,460.80,461.47,462.919082568807339449,5450,314,2522909.00,4526,83.05,5.20,-4.53
22-June-2026,463.96,464.99,462.30,464.05,463.967379742347240278,8461,1678,3925628.00,7246,85.64,2.69,0.09
19-June-2026,462.50,466.70,460.85,463.96,463.933230412967966036,12955,417,6010255.00,11383,87.87,5.85,1.46
18-June-2026,463.80,464.49,459.49,460.21,461.435069984447900466,7716,514,3560433.00,5925,76.79,5.00,-3.59
17-June-2026,463.11,466.10,462.00,463.36,463.964763061968408262,4938,552,2291058.00,3092,62.62,4.10,0.25
16-June-2026,462.60,465.00,460.30,464.31,462.954326030449313033,8079,414,3740208.00,7152,88.53,4.70,1.71
15-June-2026,460.44,465.50,460.44,463.22,462.421951219512195121,11480,754,5308604.00,7024,61.18,5.06,2.78
12-June-2026,463.00,463.00,459.26,460.44,460.672175839154881581,5869,495,2703685.00,5168,88.06,3.74,-2.56
11-June-2026,459.60,461.85,459.12,459.74,460.376348228043143297,2596,277,1195137.00,1656,63.79,2.73,0.14
10-June-2026,461.30,463.50,460.10,462.37,461.610962291366165258,4853,403,2240198.00,2844,58.60,3.40,1.07
9-June-2026,460.10,465.38,460.00,461.48,463.894021739130434782,7360,501,3414260.00,5432,73.80,5.38,1.38
8-June-2026,461.99,461.99,459.11,459.99,460.695425420950677991,6711,515,3091727.00,5419,80.75,2.88,-2.00
5-June-2026,461.50,461.51,458.86,459.69,459.862270586324508689,6157,402,2831372.00,4377,71.09,2.65,-1.81
4-June-2026,458.52,463.00,458.12,461.47,460.509706381946129580,8242,538,3795521.00,5502,66.76,4.88,2.95
3-June-2026,464.99,464.99,457.40,460.21,460.381378107283035324,4586,343,2111309.00,3601,78.52,7.59,-4.78
2-June-2026,463.00,466.79,463.00,464.78,464.960120043862180412,17327,499,8056364.00,15991,92.29,3.79,1.78
1-June-2026,464.29,465.45,461.50,462.66,464.142857142857142857,10346,703,4802022.00,7720,74.62,3.95,-1.63
29-May-2026,460.30,464.95,459.00,463.50,460.135520912244328376,100324,589,46162636.00,96137,95.83,5.95,3.20
27-May-2026,464.45,464.45,459.10,460.29,460.030998966701109963,90003,1366,41404170.00,88577,98.42,5.35,-4.16
26-May-2026,459.61,465.65,458.64,464.45,462.056900542632717337,52706,3304,24353171.00,49744,94.38,7.01,4.84
25-May-2026,469.50,469.50,461.50,461.94,463.116351624151220407,5449,478,2523521.00,3553,65.20,8.00,-7.56
22-May-2026,459.77,465.00,459.51,462.84,461.264461315979754157,5532,298,2551715.00,3336,60.30,5.49,3.07
21-May-2026,462.44,462.44,459.00,459.77,460.035517907564274037,6729,372,3095579.00,4759,70.72,3.44,-2.67
20-May-2026,470.00,470.00,461.58,462.44,464.853118712273641851,7455,522,3465480.00,5526,74.12,8.42,-7.56
19-May-2026,463.70,472.09,458.10,470.29,465.866893424036281179,4410,404,2054473.00,2555,57.94,13.99,6.59
18-May-2026,462.40,464.36,455.11,461.10,458.853950267548001259,6354,417,2915558.00,4097,64.48,9.25,-1.30
15-May-2026,463.01,465.77,456.35,460.33,459.795968471378731102,7739,620,3558361.00,5512,71.22,9.42,-2.68
14-May-2026,463.97,468.05,458.01,465.77,461.576428301172909572,5286,498,2439893.00,3227,61.05,10.04,1.80
13-May-2026,460.00,462.70,456.16,461.92,458.006629990125546621,7089,755,3246809.00,4735,66.79,6.54,1.92
12-May-2026,458.00,463.97,457.00,459.84,459.228931988793655280,120289,1508,55240189.00,117680,97.83,6.97,1.84
11-May-2026,465.90,465.90,460.00,462.73,463.724097980801059251,12084,1362,5603642.00,9888,81.83,5.90,-3.17
8-May-2026,462.20,466.86,459.00,464.99,463.737924587098784668,9627,682,4464405.00,6870,71.36,7.86,2.79
7-May-2026,460.30,463.80,460.00,462.30,462.968716378382851940,24166,1381,11188102.00,23615,97.72,3.80,2.00
6-May-2026,463.97,464.85,461.00,463.51,463.513355592654424040,3594,553,1665867.00,2777,77.27,3.85,-0.46
5-May-2026,467.00,467.50,462.00,462.26,464.737717029922423346,18949,1670,8806315.00,17136,90.43,5.50,-4.74
4-May-2026,474.00,475.00,469.00,471.49,472.238239403819282720,8588,1150,4055582.00,7218,84.05,6.00,-2.51
30-April-2026,469.30,473.46,466.00,466.61,469.583387835186396337,10703,636,5025951.00,8107,75.75,7.46,-2.69
29-April-2026,468.80,469.09,465.32,466.42,468.121671662846058896,5671,382,2654718.00,4636,81.75,3.77,-2.38
28-April-2026,469.05,472.00,465.34,466.27,468.618355184743742550,4195,398,1965854.00,2915,69.49,6.66,-2.78
27-April-2026,471.00,474.24,467.00,469.05,470.063800277392510402,6489,784,3050244.00,5201,80.15,7.24,-1.95
24-April-2026,470.06,473.91,468.02,470.40,471.157320872274143302,3210,598,1512415.00,1893,58.97,5.89,0.34
23-April-2026,468.15,475.50,468.15,470.06,471.220038944946008143,5649,665,2661922.00,4711,83.40,7.35,1.91
22-April-2026,482.40,482.40,469.18,470.14,470.116185097733745527,205405,745,96564215.00,203838,99.24,13.22,-12.26
21-April-2026,475.20,481.22,470.00,478.49,474.597331583552055993,4572,534,2169859.00,3675,80.38,11.22,3.29
20-April-2026,470.60,474.62,466.02,469.90,470.204969816088726660,7123,643,3349270.00,4125,57.91,8.60,-0.70
17-April-2026,472.10,474.61,470.00,471.64,471.505756252481143310,5038,681,2375446.00,3979,78.98,4.61,-0.46
16-April-2026,477.53,478.94,471.33,472.10,474.994602673752387278,12043,916,5720360.00,9812,81.47,7.61,-5.43
15-April-2026,480.59,484.78,476.45,477.53,481.809330628803245436,6902,417,3325448.00,5182,75.08,8.33,-3.06
13-April-2026,483.99,483.99,475.50,478.15,481.911295336787564766,4825,427,2325222.00,3933,81.51,8.49,-5.84
10-April-2026,481.99,483.00,478.16,481.67,480.978239366963402571,3033,377,1458807.00,1992,65.68,4.84,-0.32
9-April-2026,474.00,480.00,471.30,476.98,474.679920870425321463,5055,488,2399507.00,3217,63.64,8.70,2.98
8-April-2026,468.20,478.13,464.11,475.57,470.886649874055415617,7940,654,3738840.00,5452,68.66,14.02,7.37
7-April-2026,458.60,465.53,458.60,461.97,462.663185762612148845,6799,730,3145647.00,4537,66.73,6.93,3.37
6-April-2026,458.00,466.41,457.15,462.70,462.086918730986527596,4602,697,2126524.00,2774,60.28,9.26,4.70
2-April-2026,452.00,464.38,447.00,455.96,451.206694732518739090,9739,953,4394302.00,6032,61.94,17.38,3.96
1-April-2026,448.50,461.00,448.00,450.26,455.499911645166990634,11318,874,5155348.00,6871,60.71,13.00,1.76
30-March-2026,455.02,462.50,447.00,449.25,453.639005847953216374,17100,1685,7757227.00,12007,70.22,15.50,-5.77
27-March-2026,464.26,465.43,452.35,456.00,458.554447852760736196,10432,1605,4783640.00,7275,69.74,13.08,-8.26
25-March-2026,457.75,465.75,456.58,464.74,462.209327786292971315,4567,348,2110910.00,2713,59.40,9.17,6.99
24-March-2026,446.50,457.00,446.50,455.34,452.348385500433007546,8083,451,3656332.00,4896,60.57,10.50,8.84
23-March-2026,458.00,460.28,445.00,447.62,451.304742388758782201,10248,822,4624971.00,5838,56.97,15.28,-10.38
20-March-2026,451.00,463.50,451.00,458.45,458.445725434551259311,11276,375,5169434.00,8817,78.19,12.50,7.45
19-March-2026,453.99,454.90,443.59,452.60,449.679944170066566459,9314,1060,4188319.00,4896,52.57,11.31,-1.39
18-March-2026,460.80,461.00,453.50,455.09,456.353060763496724644,4427,490,2020275.00,2574,58.14,7.50,-5.71
17-March-2026,454.00,460.00,454.00,459.06,457.637064786249449096,4538,498,2076757.00,3550,78.23,6.00,5.06
16-March-2026,454.00,457.75,453.00,454.64,455.362587412587412587,2860,355,1302337.00,1564,54.69,4.75,0.64
13-March-2026,448.10,459.50,448.10,453.54,453.177708088331373317,7653,520,3468169.00,5758,75.24,11.40,5.44
12-March-2026,459.99,459.99,451.10,452.25,456.548006932409012131,5770,502,2634282.00,4087,70.83,8.89,-7.74
11-March-2026,462.99,463.28,452.66,459.49,458.637275386544086920,7179,520,3292557.00,4940,68.81,10.62,-3.50
10-March-2026,463.00,465.98,458.00,461.33,463.547799422799422799,5544,736,2569909.00,3854,69.52,7.98,-1.67
9-March-2026,462.90,463.98,453.50,462.06,458.829834561379118587,7193,750,3300363.00,4463,62.05,10.48,-0.84
6-March-2026,459.51,464.89,458.28,460.53,460.690747330960854092,5620,1053,2589082.00,3110,55.34,6.61,1.02
5-March-2026,448.00,460.63,447.11,458.75,456.940712113996849701,109196,866,49896098.00,104746,95.92,13.52,10.75
4-March-2026,449.10,459.53,441.28,450.42,449.145929419080686117,19297,1594,8667169.00,12089,62.65,18.25,1.32
2-March-2026,457.00,465.00,455.00,457.86,459.368782161234991423,12243,989,5624052.00,8537,69.73,10.00,0.86
27-February-2026,481.40,484.20,457.47,462.58,468.515959071472205253,13096,1383,6135685.00,10003,76.38,26.73,-18.82
26-February-2026,481.50,482.92,479.31,480.50,481.220398593200468933,3412,298,1641924.00,2637,77.29,3.61,-1.00
25-February-2026,483.00,489.87,479.80,482.76,484.913620842291640318,7907,533,3834212.00,5132,64.90,10.07,-0.24
24-February-2026,490.00,493.00,482.50,483.81,484.976129119761291197,7373,474,3575729.00,4880,66.19,10.50,-6.19
23-February-2026,496.99,496.99,488.48,490.18,493.316485507246376811,5520,500,2723107.00,4058,73.51,8.51,-6.81
20-February-2026,495.40,497.61,490.25,491.13,492.951562121579074836,4129,335,2035397.00,2461,59.60,7.36,-4.27
19-February-2026,493.00,496.94,493.00,494.46,495.001843317972350230,4340,660,2148308.00,2638,60.78,3.94,1.46
18-February-2026,489.20,495.74,489.19,491.58,492.761974944731024318,4071,358,2006034.00,2090,51.34,6.55,2.38
17-February-2026,489.90,492.98,486.33,487.96,487.778187059577194106,6244,502,3045687.00,4696,75.21,6.65,-1.94
16-February-2026,491.50,494.11,487.93,489.95,490.808368086415532918,14627,696,7179054.00,11125,76.06,6.18,-1.55
13-February-2026,499.20,499.20,492.81,495.14,496.138147314248954647,6218,545,3084987.00,4557,73.29,6.39,-4.06
12-February-2026,496.00,511.57,496.00,502.81,505.104993955175299916,10753,1033,5431394.00,4940,45.94,15.57,6.81
11-February-2026,500.00,503.00,494.10,499.87,498.334635416666666666,6144,656,3061768.00,3947,64.24,8.90,-0.13
10-February-2026,494.80,504.99,494.46,499.37,500.330944486041287838,9349,741,4677594.00,6638,71.00,10.53,4.57
9-February-2026,501.00,501.88,487.00,492.00,497.189520426287744227,11260,1090,5598354.00,6329,56.21,14.88,-9.00
6-February-2026,492.75,495.24,486.73,494.46,492.786963765097875885,9604,553,4732726.00,6381,66.44,8.51,1.71
5-February-2026,482.00,492.77,482.00,490.35,488.996141975308641975,5184,572,2534956.00,3239,62.48,10.77,8.35
4-February-2026,488.20,493.22,482.26,485.48,488.266840678646722216,9961,780,4863626.00,8237,82.69,10.96,-2.72
3-February-2026,490.05,493.29,487.10,488.35,489.924065420560747663,6848,431,3355000.00,5422,79.18,6.19,-1.70
2-February-2026,491.00,493.30,488.11,489.01,491.168969938737711924,7019,950,3447515.00,4310,61.40,5.19,-1.99
1-February-2026,505.90,508.42,490.00,494.42,498.864102068432244345,5173,648,2580624.00,3441,66.52,18.42,-11.48
30-January-2026,497.00,499.99,493.00,498.25,496.570828331332533013,4998,534,2481861.00,3003,60.08,6.99,1.25
29-January-2026,492.75,499.41,489.16,495.62,494.464163040989237462,8734,475,4318650.00,6535,74.82,10.25,2.87
28-January-2026,492.25,498.00,488.25,492.75,491.164495720133978414,5374,644,2639518.00,3283,61.09,9.75,0.50
27-January-2026,492.00,493.58,485.58,490.66,491.604511158926757630,390853,611,192145098.00,387841,99.23,8.00,-1.34
23-January-2026,490.15,491.00,485.56,490.13,489.407580605463942899,4063,464,1988463.00,2578,63.45,5.44,-0.02
22-January-2026,488.01,490.25,486.25,488.19,488.905052264808362369,2296,209,1122526.00,1419,61.80,4.00,0.18
21-January-2026,488.86,491.99,484.52,489.36,488.307809894385769872,7196,564,3513863.00,4147,57.63,7.47,0.50
20-January-2026,487.00,492.00,485.35,488.39,489.985561584079888962,110954,452,54365858.00,108783,98.04,6.65,1.39
19-January-2026,493.50,493.50,483.99,484.36,491.323233310526830221,10231,569,5026728.00,9500,92.86,9.51,-9.14
16-January-2026,481.00,492.50,481.00,490.64,488.174995285687346784,5303,468,2588792.00,3637,68.58,11.50,9.64
14-January-2026,474.95,489.00,473.91,479.98,481.699483312386538192,7161,574,3449450.00,3719,51.93,15.09,5.03
13-January-2026,480.85,487.70,471.25,473.95,477.449489860183902254,15878,576,7580943.00,9811,61.79,16.45,-6.90
12-January-2026,485.25,491.80,480.35,481.55,485.816724488575188419,8359,624,4060942.00,3794,45.39,11.45,-3.70
9-January-2026,488.60,490.06,482.03,484.42,485.461455773955773955,6512,619,3161325.00,3843,59.01,8.03,-4.18
8-January-2026,491.10,492.99,486.33,489.83,490.186871859296482412,3184,414,1560755.00,1834,57.60,6.66,-1.27
7-January-2026,488.12,493.99,487.62,488.77,490.590733590733590733,4403,415,2160071.00,2520,57.23,6.37,0.65
6-January-2026,494.80,494.80,485.24,489.33,490.559116422234292956,5523,664,2709358.00,3353,60.71,9.56,-5.47
5-January-2026,479.40,494.70,477.62,490.00,487.403774776909105267,12663,916,6171994.00,6937,54.78,17.08,10.60
2-January-2026,474.70,477.75,473.80,474.34,474.990881458966565349,4277,471,2031536.00,2588,60.51,3.95,-0.36
1-January-2026,476.50,476.50,471.62,474.65,474.471046481433393923,3851,335,1827188.00,2630,68.29,4.88,-1.85
31-December-2025,473.00,476.25,472.00,475.07,474.626433052130651092,4623,473,2194198.00,3176,68.70,4.25,2.07
30-December-2025,475.99,476.00,463.40,468.84,468.593750000000000000,9216,647,4318560.00,4459,48.38,12.60,-7.15
29-December-2025,474.40,476.00,470.00,475.10,472.078277886497064579,7665,568,3618480.00,3752,48.95,6.00,0.70
26-December-2025,470.00,474.77,460.00,470.89,469.860078125000000000,12800,698,6014209.00,7658,59.83,14.77,0.89
24-December-2025,468.80,473.49,467.00,469.90,470.442478860703159768,8988,737,4228337.00,5318,59.17,6.49,1.10
23-December-2025,476.00,478.77,466.66,468.08,471.470033428844317096,8376,500,3949033.00,4975,59.40,12.11,-7.92
22-December-2025,472.00,483.70,471.16,472.13,474.881384115923667748,12629,749,5997277.00,6468,51.22,12.54,0.13
19-December-2025,475.06,476.07,467.23,473.70,470.814981949458483754,5540,591,2608315.00,3124,56.39,8.84,-1.36
18-December-2025,473.98,476.00,469.56,475.16,472.976161517878861590,4111,392,1944405.00,2540,61.79,6.44,1.18
17-December-2025,471.90,475.96,466.52,473.98,471.424559306841948013,6694,397,3155716.00,4460,66.63,9.44,2.08
16-December-2025,455.50,477.70,455.50,471.19,469.888553336580613735,10265,615,4823406.00,6371,62.07,22.20,15.69
15-December-2025,475.40,475.40,468.26,472.57,471.157780912082745651,10635,766,5010763.00,7141,67.15,7.14,-2.83
12-December-2025,480.99,486.90,473.64,475.16,478.353826728826728826,10296,1200,4925131.00,7406,71.93,13.26,-5.83
11-December-2025,488.70,491.44,479.55,481.10,484.316377171215880893,12896,1174,6245744.00,10591,82.13,11.89,-7.60
10-December-2025,489.30,492.18,485.56,488.54,488.402059062584665402,3691,651,1802692.00,2819,76.37,6.62,-0.76
9-December-2025,493.60,496.42,485.25,485.84,489.964360587002096436,5247,488,2570843.00,2916,55.57,11.17,-7.76
8-December-2025,500.00,501.24,487.16,493.53,496.359816653934300993,13090,992,6497350.00,7498,57.28,14.08,-6.47
5-December-2025,489.80,499.00,488.01,492.16,490.035738317757009345,13375,1439,6554228.00,9264,69.26,10.99,2.36
4-December-2025,483.00,491.00,481.00,487.07,486.770840143837855508,6118,498,2978064.00,4476,73.16,10.00,4.07
3-December-2025,470.00,481.89,470.00,480.92,478.194954954954954954,5550,466,2653982.00,3592,64.72,11.89,10.92
2-December-2025,464.82,472.00,464.82,469.86,467.404050464807436918,6024,566,2815642.00,4085,67.81,7.18,5.04
1-December-2025,462.68,465.75,461.20,464.82,464.617328519855595667,4709,411,2187883.00,3943,83.73,4.55,2.14
28-November-2025,461.00,463.99,456.33,459.43,460.292988313856427378,5990,349,2757155.00,3941,65.79,7.66,-1.57
27-November-2025,460.50,461.55,456.20,459.21,459.284056316590563165,10512,641,4827994.00,7689,73.14,5.35,-1.29
26-November-2025,463.90,464.46,455.00,458.24,459.681254917387883556,10168,914,4674039.00,6883,67.69,9.46,-5.66
25-November-2025,463.00,464.76,459.39,463.09,463.485782549844169231,207597,597,96218258.00,204935,98.72,5.37,0.09
24-November-2025,468.00,472.76,456.03,459.82,466.119877348388980823,20546,1348,9576899.00,14362,69.90,16.73,-8.18
21-November-2025,464.33,471.50,463.00,467.86,467.524559777571825764,10790,1051,5044590.00,6221,57.66,8.50,3.53
20-November-2025,463.62,467.85,462.26,464.33,464.777259475218658892,3430,436,1594186.00,2489,72.57,5.59,0.71
19-November-2025,474.00,474.70,460.98,462.04,464.927387345318701844,34264,2282,15930272.00,29843,87.10,13.72,-11.96
18-November-2025,465.86,469.67,453.00,469.48,463.469152319500932693,130804,646,60623619.00,127492,97.47,16.67,3.62
17-November-2025,463.40,473.32,462.20,466.80,469.563866571748194854,19666,1062,9234443.00,13062,66.42,11.12,3.40
14-November-2025,460.00,462.87,458.28,459.42,460.174501108647450110,4510,709,2075387.00,3352,74.32,4.59,-0.58
13-November-2025,463.40,463.85,458.49,458.98,460.306514773940904236,5618,604,2586002.00,3235,57.58,5.36,-4.42
12-November-2025,461.34,462.75,458.00,460.56,460.660979462875197472,3165,305,1457992.00,2187,69.10,4.75,-0.78
11-November-2025,464.00,465.50,457.00,459.79,460.650900900900900900,4440,490,2045290.00,2855,64.30,8.50,-4.21
10-November-2025,465.51,466.25,461.99,462.51,463.874625540885387773,9013,778,4180902.00,7087,78.63,4.26,-3.00
7-November-2025,457.70,466.00,450.66,465.51,460.851464435146443514,7170,542,3304305.00,5415,75.52,15.34,7.81
6-November-2025,470.99,472.50,460.50,461.38,464.569933920704845814,14528,1782,6749272.00,11306,77.82,12.00,-9.61
4-November-2025,466.64,470.98,465.50,469.07,469.909349231952002653,398022,748,187034259.00,394951,99.23,5.48,2.43
3-November-2025,466.89,468.50,464.00,466.64,467.003380692818634021,134292,844,62714818.00,131294,97.77,4.50,-0.25
31-October-2025,459.90,465.36,459.86,464.89,464.165018541409147095,6472,374,3004076.00,3926,60.66,5.50,4.99
30-October-2025,459.00,464.65,458.32,458.99,459.922445414847161572,5725,700,2633056.00,3306,57.75,6.33,-0.01
29-October-2025,465.30,465.30,457.50,459.46,460.976426375128117526,2927,340,1349278.00,1552,53.02,7.80,-5.84
28-October-2025,463.80,465.25,459.13,461.80,462.978500262191924488,5721,640,2648700.00,4466,78.06,6.12,-2.00
27-October-2025,465.25,467.25,461.39,463.86,463.915145631067961165,5150,522,2389163.00,3997,77.61,5.86,-1.39
24-October-2025,463.10,464.75,457.02,463.30,460.983130028549182455,7706,693,3552336.00,4871,63.21,7.73,0.20
23-October-2025,469.80,469.80,460.50,463.89,466.675114719378750441,14165,540,6610453.00,10950,77.30,9.30,-5.91
21-October-2025,468.00,470.50,467.29,467.91,468.663246109115785873,5847,354,2740274.00,4556,77.92,3.21,-0.09
20-October-2025,465.45,471.90,463.36,465.00,466.126512482769183642,6529,421,3043340.00,4196,64.27,8.54,-0.45
17-October-2025,469.90,473.00,463.00,465.45,467.057968950291981199,7021,726,3279214.00,4151,59.12,10.00,-4.45
16-October-2025,466.40,472.80,466.00,470.39,469.244696550451946135,10842,721,5087551.00,8955,82.60,6.80,3.99
15-October-2025,464.00,475.50,462.10,464.89,465.237894736842105263,5225,492,2430868.00,3679,70.41,13.40,0.89
14-October-2025,461.25,462.50,457.01,462.01,460.340409956076134699,2732,367,1257650.00,1743,63.80,5.49,0.76
13-October-2025,458.00,460.90,453.00,457.21,456.435035750766087844,9790,429,4468499.00,8236,84.13,7.90,-0.79
10-October-2025,456.20,459.99,453.00,458.38,456.086538461538461538,4160,453,1897320.00,2568,61.73,6.99,2.18
9-October-2025,451.35,455.93,445.55,454.37,449.970591392078995384,9317,819,4192376.00,4823,51.77,10.38,3.02
8-October-2025,456.80,457.10,448.87,451.35,452.836867239732569245,5235,488,2370601.00,3590,68.58,8.23,-5.45
7-October-2025,452.50,456.38,451.86,452.56,454.239040386606834656,5794,602,2631861.00,3466,59.82,4.52,0.06
6-October-2025,461.30,461.30,451.00,451.86,455.216830098058835301,9994,766,4549437.00,7388,73.92,10.30,-9.44
3-October-2025,456.30,464.75,454.99,456.97,459.862061802129317060,19255,1346,8854644.00,11380,59.10,9.76,0.67
1-October-2025,462.27,464.85,454.00,455.33,460.293834717971141233,6861,841,3158076.00,3879,56.54,10.85,-6.94
30-September-2025,466.00,469.00,452.01,454.46,463.005330774561543792,18759,1752,8685517.00,10260,54.69,16.99,-11.54
29-September-2025,455.16,462.00,451.31,459.36,458.346685324470876333,5717,523,2620368.00,3434,60.07,10.69,4.20
26-September-2025,453.79,460.01,448.00,455.16,455.682621502209131075,16296,722,7425804.00,10252,62.91,12.01,1.37
25-September-2025,444.00,454.19,444.00,450.18,450.116721854304635761,10872,1133,4893669.00,6327,58.20,10.19,6.18
24-September-2025,441.82,448.80,441.82,445.50,444.989572989076464746,8056,700,3584836.00,5103,63.34,6.98,3.68
23-September-2025,437.00,443.84,437.00,441.82,441.200780678214198585,4099,304,1808482.00,2404,58.65,6.84,4.82
22-September-2025,435.00,442.75,435.00,438.53,438.906341840680587780,12930,944,5675059.00,6336,49.00,7.75,3.53
19-September-2025,451.00,454.95,431.01,437.73,446.125262568267749614,14282,897,6371561.00,7982,55.89,23.94,-13.27
18-September-2025,448.66,450.99,447.40,448.58,449.317316751460335406,5307,473,2384527.00,3038,57.25,3.59,-0.08
17-September-2025,446.49,450.00,444.98,448.87,448.665284074467058937,10367,502,4651313.00,7972,76.90,5.02,2.38
16-September-2025,441.00,454.85,435.11,444.55,444.682335206249143483,14594,1423,6489694.00,9745,66.77,19.74,3.55
15-September-2025,424.25,440.39,423.50,438.18,432.953998954521693674,89911,1404,38927327.00,86264,95.94,16.89,13.93
12-September-2025,420.05,424.50,420.05,423.05,422.880189467818333797,3589,458,1517717.00,2856,79.58,4.45,3.00
11-September-2025,421.99,424.70,417.10,420.05,421.018012726382770435,10215,712,4300699.00,6643,65.03,7.60,-1.94
10-September-2025,421.65,422.62,419.00,420.61,420.459220878909998080,5211,405,2191013.00,3445,66.11,3.62,-1.04
9-September-2025,419.78,427.00,419.78,421.65,424.027773279352226720,24700,700,10473486.00,15164,61.39,7.22,1.87
8-September-2025,423.20,423.30,419.00,419.78,420.958538993089832181,3039,523,1279293.00,2433,80.06,4.30,-3.42
5-September-2025,424.78,424.78,420.50,421.28,422.420061815116605788,3559,350,1503393.00,3053,85.78,4.28,-3.50
4-September-2025,427.80,427.80,420.70,421.35,423.488168526356290881,10396,692,4402583.00,7635,73.44,7.10,-6.45
3-September-2025,429.00,429.65,424.00,425.17,425.946899501069137562,2806,254,1195207.00,2003,71.38,5.65,-3.83
2-September-2025,433.75,434.88,426.25,426.73,428.156066124964976183,3569,340,1528089.00,2941,82.40,8.63,-7.02
1-September-2025,426.00,434.00,424.00,431.08,430.321998923380584963,11146,844,4796369.00,8605,77.20,10.00,5.08
29-August-2025,423.50,426.00,422.41,423.48,423.887558216899534264,1503,172,637103.00,784,52.16,3.59,-0.02
28-August-2025,420.90,424.50,420.90,421.77,422.761225944404846756,4209,367,1779402.00,3208,76.22,3.60,0.87
26-August-2025,420.18,423.58,418.18,420.00,419.980587236107740839,4121,633,1730740.00,3503,85.00,5.40,-0.18
25-August-2025,425.49,425.49,419.19,420.86,421.703082835881920026,12229,952,5157007.00,8386,68.57,6.30,-4.63
22-August-2025,422.40,423.80,417.35,423.45,421.282410423452768729,6140,529,2586674.00,4634,75.47,6.45,1.05
21-August-2025,426.99,426.99,419.84,422.21,422.622131293364170076,5621,478,2375559.00,3759,66.87,7.15,-4.78
20-August-2025,420.00,425.99,417.00,424.83,421.118592528236316246,2302,295,969415.00,1409,61.21,8.99,4.83
19-August-2025,425.00,425.00,415.66,419.22,419.111822449850618864,4686,287,1963958.00,4174,89.07,9.34,-5.78
18-August-2025,425.00,428.28,417.11,422.84,421.778854756934088875,13412,647,5656898.00,5896,43.96,11.17,-2.16
14-August-2025,420.00,423.00,416.01,422.24,418.942048780487804878,5125,1124,2147078.00,3514,68.57,6.99,2.24
13-August-2025,417.01,420.95,415.46,419.52,418.068720379146919431,4642,433,1940675.00,3284,70.75,5.49,2.51
12-August-2025,420.00,420.51,414.97,417.01,416.257201295380944264,5867,294,2442181.00,4265,72.69,5.54,-2.99
11-August-2025,420.95,422.47,416.25,419.87,420.291189646590343454,8036,551,3377460.00,5968,74.27,6.22,-1.08
8-August-2025,421.70,421.70,417.17,418.99,419.434946236559139784,1860,213,780149.00,1449,77.90,4.53,-2.71
7-August-2025,423.10,423.19,417.00,418.99,419.655846021258259120,6962,355,2921644.00,5077,72.92,6.19,-4.11
6-August-2025,419.90,430.00,414.01,426.89,421.748916134445946575,21451,923,9046936.00,11868,55.33,15.99,6.99
5-August-2025,420.55,422.75,416.30,418.58,419.041870452105451509,8383,827,3512828.00,6198,73.94,6.45,-1.97
4-August-2025,415.00,421.00,413.50,420.43,416.415996522495109758,4601,495,1915930.00,3389,73.66,7.50,5.43
1-August-2025,411.15,418.40,409.28,413.24,413.593955572504528553,10489,778,4338187.00,8391,80.00,9.12,2.09
31-July-2025,410.11,415.80,410.11,414.73,413.833940556088207094,5215,203,2158144.00,4730,90.70,5.69,4.62
30-July-2025,416.90,417.00,410.00,414.58,412.594040968342644320,3759,448,1550941.00,2067,54.99,7.00,-2.32
29-July-2025,423.90,423.90,415.00,415.61,418.374340403517847904,9665,980,4043588.00,6218,64.34,8.90,-8.29
28-July-2025,422.00,424.49,419.00,422.59,422.016380127250575335,7387,708,3117435.00,5367,72.65,5.49,0.59
25-July-2025,422.50,422.85,418.30,418.81,419.793556728800775778,9281,411,3896104.00,8354,90.01,4.55,-3.69
24-July-2025,418.65,426.00,417.55,419.93,420.197311827956989247,11160,539,4689402.00,5921,53.06,8.45,1.28
23-July-2025,426.50,429.95,418.84,420.14,423.109685979655019902,11305,344,4783255.00,6280,55.55,11.11,-6.36
22-July-2025,419.94,426.95,419.11,424.35,423.738940686371751636,10082,441,4272136.00,7373,73.13,7.84,4.41
21-July-2025,420.80,422.88,418.06,418.75,420.620920502092050209,4780,339,2010568.00,3583,74.96,4.82,-2.05
18-July-2025,421.80,422.50,416.02,419.94,419.724556489262371615,3213,167,1348575.00,2673,83.19,6.48,-1.86
17-July-2025,417.30,423.90,414.90,418.84,419.180469556243550051,7752,217,3249487.00,5208,67.18,9.00,1.54
16-July-2025,414.50,419.99,414.50,418.62,417.908345221112696148,5608,362,2343630.00,3484,62.13,5.49,4.12
15-July-2025,420.81,420.81,415.20,417.37,417.076754822032213163,5029,210,2097479.00,3564,70.87,5.61,-3.44
14-July-2025,421.40,424.00,418.00,418.70,420.262520339902368468,5531,428,2324472.00,3951,71.43,6.00,-2.70
11-July-2025,417.00,421.75,415.35,420.84,418.189668270448214737,3949,301,1651431.00,2151,54.47,6.40,3.84
10-July-2025,416.69,418.74,415.44,416.82,416.469383490073145245,4785,270,1992806.00,3737,78.10,3.30,0.13
9-July-2025,418.00,418.00,410.20,416.69,414.983806742766126891,3767,281,1563244.00,2757,73.19,7.80,-1.31
8-July-2025,412.50,415.00,409.75,413.80,412.001122649452708391,3563,290,1467960.00,2632,73.87,5.25,1.30
7-July-2025,408.00,412.00,402.55,410.22,409.419839025451381335,4597,295,1882103.00,3247,70.63,9.45,2.22
4-July-2025,403.50,407.99,400.60,406.82,403.668632893823733518,8646,725,3490119.00,7829,90.55,7.39,3.32
3-July-2025,400.50,404.00,400.50,403.26,402.911083193746510329,14328,834,5772910.00,12235,85.39,3.50,2.76
2-July-2025,394.01,401.00,394.01,400.49,399.697557337311206414,5363,370,2143578.00,4358,81.26,6.99,6.48
1-July-2025,399.00,403.34,394.37,395.81,398.242827249476865845,21505,815,8564212.00,16234,75.49,8.97,-3.19
30-June-2025,408.20,409.05,400.00,400.35,404.991680085882984433,3726,344,1508999.00,3293,88.38,9.05,-7.85
27-June-2025,400.00,408.26,395.50,406.33,399.985810810810810810,2960,288,1183958.00,1717,58.01,12.76,6.33
26-June-2025,402.00,407.89,394.55,399.74,398.494593221569054358,13779,922,5490857.00,10536,76.46,13.34,-2.26
25-June-2025,400.60,408.77,400.60,403.97,404.833281493001555209,3215,305,1301539.00,2258,70.23,8.17,3.37
24-June-2025,410.90,412.60,400.90,401.99,406.619590458095841249,4737,722,1926157.00,3604,76.08,11.70,-8.91
23-June-2025,398.00,413.77,398.00,410.23,407.501120238984316654,5356,489,2182576.00,3510,65.53,15.77,12.23
20-June-2025,418.00,418.00,400.26,401.88,406.553719008264462809,3388,284,1377404.00,2618,77.27,17.74,-16.12
19-June-2025,415.00,419.00,408.33,414.69,412.462313583232567513,2481,277,1023319.00,1416,57.07,10.67,-0.31
18-June-2025,418.00,418.00,414.00,414.71,416.463665594855305466,4665,424,1942803.00,2963,63.52,4.00,-3.29
17-June-2025,418.24,422.93,412.00,413.41,417.386507378777231201,2846,315,1187882.00,2098,73.72,10.93,-4.83
16-June-2025,422.10,424.70,417.00,418.44,420.888486842105263157,6080,554,2559002.00,3863,63.54,7.70,-3.66
13-June-2025,422.00,425.95,419.67,421.20,423.627142632489385123,6359,584,2693845.00,3502,55.07,6.28,-0.80
12-June-2025,418.84,424.80,418.11,421.56,420.356504468718967229,6042,524,2539794.00,4052,67.06,6.69,2.72
11-June-2025,417.98,418.00,416.10,417.77,417.458075407990996060,1777,101,741823.00,1545,86.94,1.90,-0.21
10-June-2025,417.00,417.56,412.00,416.50,416.498832944314771590,11996,210,4996320.00,11572,96.47,5.56,-0.50
9-June-2025,405.90,415.70,403.51,414.18,409.024281466798810703,6054,583,2476233.00,4143,68.43,12.19,8.28
6-June-2025,397.00,403.50,397.00,403.31,401.835677627827409237,42088,2862,16912460.00,40112,95.30,6.50,6.31
5-June-2025,400.00,404.99,395.10,396.14,400.889527458492975734,7830,865,3138965.00,4198,53.61,9.89,-3.86
4-June-2025,396.00,401.90,394.52,400.18,398.808071178900540197,3147,347,1255049.00,2156,68.51,7.38,4.18
3-June-2025,395.32,395.61,394.50,394.74,394.927212572373862696,1209,323,477467.00,785,64.93,1.11,-0.58
2-June-2025,397.00,397.00,393.80,394.57,395.047099869167030091,4586,315,1811686.00,3913,85.32,3.20,-2.43
30-May-2025,395.00,397.75,394.20,395.25,395.145279560036663611,2182,339,862207.00,1618,74.15,3.55,0.25
29-May-2025,400.90,402.35,396.00,396.80,399.928913738019169329,3756,355,1502133.00,3067,81.66,6.35,-4.10
28-May-2025,395.33,406.00,394.77,400.29,401.349560761346998535,5464,753,2192974.00,4180,76.50,11.23,4.96
27-May-2025,393.99,396.79,389.00,394.32,393.463879267689262741,4042,415,1590381.00,3358,83.08,7.79,0.33
26-May-2025,390.10,393.50,390.10,392.34,392.220042194092827004,4740,247,1859123.00,3730,78.69,3.40,2.24
23-May-2025,395.81,396.80,390.00,390.10,392.886854818204932621,3933,322,1545224.00,2802,71.24,6.80,-5.71
22-May-2025,398.40,398.40,391.75,395.81,394.917235494880546075,1172,149,462843.00,1013,86.43,6.65,-2.59
21-May-2025,393.00,394.77,387.33,392.64,391.543244246473645137,5388,545,2109635.00,4382,81.33,7.44,-0.36
20-May-2025,388.50,394.77,388.45,392.11,391.454709058188362327,1667,145,652555.00,1080,64.79,6.32,3.61
19-May-2025,392.00,397.00,386.43,389.63,391.295794839120739088,6278,561,2456555.00,4906,78.15,10.57,-2.37
16-May-2025,399.30,399.30,387.25,396.86,393.286663896967179061,2407,402,946641.00,1587,65.93,12.05,-2.44
15-May-2025,394.00,394.00,387.25,392.76,390.559308403699236027,2487,283,971321.00,1998,80.34,6.75,-1.24
14-May-2025,384.60,389.99,383.02,389.92,386.594800693240901213,8655,586,3345978.00,4100,47.37,6.97,5.32
13-May-2025,385.55,389.24,379.00,384.60,383.731495520330806340,7255,386,2783972.00,4962,68.39,10.24,-0.95
12-May-2025,382.10,387.17,381.81,386.14,383.987440450411433521,6927,534,2659881.00,3133,45.23,5.36,4.04
9-May-2025,381.00,384.93,376.41,383.05,380.474673039899090486,15063,888,5731090.00,7336,48.70,8.52,2.05
8-May-2025,389.40,389.40,381.00,385.54,384.100636205899363794,3458,321,1328220.00,1847,53.41,8.40,-3.86
7-May-2025,388.00,388.99,382.00,387.45,385.224356650960492932,2759,363,1062834.00,2061,74.70,6.99,-0.55
6-May-2025,382.70,390.00,379.78,388.71,384.807145601229350749,5206,346,2003306.00,3647,70.05,10.22,6.01
5-May-2025,380.88,391.83,380.88,385.62,386.109657947686116700,4970,477,1918965.00,2933,59.01,10.95,4.74
2-May-2025,385.00,396.90,380.33,380.88,389.379608340600967256,12613,512,4911245.00,6893,54.65,16.57,-4.12
30-April-2025,384.50,385.25,381.60,384.73,383.710542732376793512,1603,109,615088.00,1312,81.85,3.65,0.23
29-April-2025,382.00,383.99,380.10,383.60,382.411819559389206201,8579,372,3280711.00,7828,91.25,3.89,1.60
28-April-2025,380.00,382.50,377.00,381.59,381.284359272164150212,10332,452,3939430.00,8409,81.39,5.50,1.59
25-April-2025,381.00,386.65,379.51,380.00,380.926991417865345098,8273,248,3151409.00,6675,80.68,7.14,-1.00
24-April-2025,382.50,382.50,377.32,379.32,379.432098765432098765,2673,388,1014222.00,1791,67.00,5.18,-3.18
23-April-2025,380.20,380.98,376.24,380.25,378.851420247632920611,1373,110,520163.00,1261,91.84,4.74,0.05
22-April-2025,376.20,380.24,373.55,379.51,377.308033911990310859,4954,288,1869184.00,3779,76.28,6.69,3.31
21-April-2025,376.20,379.79,375.22,378.52,377.073980875691997986,5961,304,2247738.00,5142,86.26,4.57,2.32
17-April-2025,377.00,380.00,372.20,378.10,375.063370935633709356,6028,313,2260882.00,4966,82.38,7.80,1.10
16-April-2025,369.98,378.99,367.20,374.70,372.770713913496612819,7676,340,2861388.00,5468,71.24,11.79,4.72
15-April-2025,369.99,372.50,368.00,369.16,370.169219807623797648,5614,697,2078130.00,4270,76.06,4.50,-0.83
11-April-2025,366.50,367.44,363.00,366.35,364.984885620915032679,4896,283,1786966.00,3182,64.99,4.44,-0.15
9-April-2025,365.85,370.99,364.01,366.50,367.776563448694596235,1647,201,605728.00,958,58.17,6.98,0.65
8-April-2025,364.30,368.99,364.30,365.85,366.606123757614620070,6238,637,2286889.00,5516,88.43,4.69,1.55
7-April-2025,377.24,377.24,363.62,364.95,368.831922050806170977,8621,571,3179700.00,6266,72.68,13.62,-12.29
4-April-2025,379.72,380.33,373.00,377.24,378.044305321454370334,4153,269,1570018.00,3037,73.13,7.33,-2.48
3-April-2025,373.49,380.00,371.87,378.38,376.627607129313613955,7911,485,2979501.00,6863,86.75,8.13,4.89
2-April-2025,365.16,375.00,365.16,373.49,370.764567499095186391,11052,1024,4097690.00,8473,76.66,9.84,8.33
1-April-2025,375.00,375.00,364.87,366.72,368.164777327935222672,7410,663,2728101.00,4231,57.10,10.13,-8.28
28-March-2025,365.99,377.99,364.00,374.98,367.505966446124763705,16928,2236,6221141.00,14264,84.26,13.99,8.99
27-March-2025,360.10,368.99,360.10,365.53,364.233606557377049180,976,137,355492.00,746,76.43,8.89,5.43
26-March-2025,363.00,366.50,361.20,362.33,363.464730290456431535,2169,191,788355.00,1865,85.98,5.30,-0.67
25-March-2025,365.00,365.62,362.00,364.32,364.311728395061728395,3564,460,1298407.00,2632,73.85,3.62,-0.68
24-March-2025,370.00,370.00,361.79,365.08,365.559576023391812865,2736,431,1000171.00,2204,80.56,8.21,-4.92
21-March-2025,362.40,373.00,359.01,369.94,366.220263381478334749,4708,235,1724165.00,3214,68.27,13.99,7.54
20-March-2025,360.09,363.88,358.11,360.00,360.019413629160063391,2524,65,908689.00,2409,95.44,5.77,-0.09
19-March-2025,359.15,364.00,359.15,359.92,361.298162418494368701,1687,91,609510.00,1173,69.53,4.85,0.77
18-March-2025,357.01,366.40,357.01,360.99,362.153076923076923076,7800,558,2824794.00,5751,73.73,9.39,3.98
17-March-2025,362.90,363.51,355.25,359.61,359.780460288808664259,4432,389,1594547.00,3164,71.39,8.26,-3.29
13-March-2025,359.50,364.89,359.50,361.86,361.302916978309648466,1337,141,483062.00,1281,95.81,5.39,2.36
12-March-2025,361.90,363.25,358.11,359.57,361.472663139329805996,3969,161,1434685.00,3035,76.47,5.14,-2.33
11-March-2025,364.90,365.00,360.05,361.33,362.949544072948328267,3290,379,1194104.00,2319,70.49,4.95,-3.57
10-March-2025,363.15,365.50,362.00,363.12,364.566771269177126917,5736,418,2091155.00,5184,90.38,3.50,-0.03
7-March-2025,365.00,367.00,361.22,365.51,364.612757261713618449,6851,394,2497962.00,5718,83.46,5.78,0.51
6-March-2025,365.00,366.49,361.10,363.17,364.315646258503401360,2205,241,803316.00,1536,69.66,5.39,-1.83
5-March-2025,367.88,368.00,359.00,364.28,361.987857248630238412,6753,523,2444504.00,4656,68.95,9.00,-3.60
4-March-2025,361.45,367.00,361.45,366.00,365.723427331887201735,922,166,337197.00,592,64.21,5.55,4.55
3-March-2025,360.00,366.90,353.00,361.45,361.795555936856554564,11656,583,4217089.00,9366,80.35,13.90,1.45
28-February-2025,364.00,368.16,358.91,363.16,365.348146631169363096,4883,729,1783995.00,2882,59.02,9.25,-0.84
27-February-2025,357.00,365.00,357.00,362.27,361.436315510852302805,9445,742,3413766.00,6562,69.48,8.00,5.27
25-February-2025,362.25,362.40,358.50,358.98,360.375313676286072772,6376,678,2297753.00,4752,74.53,3.90,-3.27
24-February-2025,364.50,364.50,358.51,359.58,360.195809830781627719,1241,124,447003.00,1113,89.69,5.99,-4.92
21-February-2025,358.00,367.00,358.00,363.88,363.966927763272410791,1149,257,418198.00,702,61.10,9.00,5.88
20-February-2025,358.90,362.99,357.50,358.13,358.330817610062893081,2385,368,854619.00,1755,73.58,5.49,-0.77
19-February-2025,363.00,363.00,354.10,357.48,357.631843427664638984,3781,114,1352206.00,3167,83.76,8.90,-5.52
18-February-2025,364.50,364.50,358.00,358.88,359.355531095211887727,3634,209,1305898.00,3388,93.23,6.50,-5.62
17-February-2025,364.90,365.00,361.76,363.23,362.799808429118773946,1044,122,378763.00,763,73.08,3.24,-1.67
14-February-2025,364.45,365.57,361.09,362.86,363.811764705882352941,1955,123,711252.00,1659,84.86,4.48,-1.59
13-February-2025,371.08,372.67,361.00,362.37,367.891904992729035385,4126,268,1517922.00,2908,70.48,11.67,-8.71
12-February-2025,371.00,374.50,370.00,371.04,372.126140633387010198,1863,212,693271.00,1520,81.59,4.50,0.04
11-February-2025,371.20,375.00,371.20,373.60,373.358299595141700404,2470,215,922195.00,2219,89.84,3.80,2.40
10-February-2025,378.80,378.80,372.00,372.91,374.482204362801377726,871,136,326174.00,621,71.30,6.80,-5.89
7-February-2025,377.40,377.40,375.25,376.21,376.325098039215686274,2550,387,959629.00,2230,87.45,2.15,-1.19
6-February-2025,376.50,376.50,373.91,374.20,374.917836498761354252,2422,273,908051.00,2002,82.66,2.59,-2.30
5-February-2025,372.00,375.87,372.00,375.50,374.025099045894974255,134786,775,50413347.00,134143,99.52,3.87,3.50
4-February-2025,376.30,376.30,370.15,374.21,372.241323907455012853,6224,462,2316830.00,5060,81.30,6.15,-2.09
3-February-2025,377.90,378.10,372.20,374.81,376.363452188006482982,2468,104,928865.00,2355,95.42,5.90,-3.09
1-February-2025,375.00,378.10,372.20,375.36,374.521450858034321372,5128,366,1920546.00,4789,93.39,5.90,0.36
31-January-2025,373.00,374.93,373.00,374.15,373.806073521576984549,1877,109,701634.00,1459,77.73,1.93,1.15
30-January-2025,375.73,376.78,371.00,373.00,373.919465387251542152,2918,239,1091097.00,2383,81.67,5.78,-2.73
29-January-2025,375.00,375.99,371.26,375.46,372.874509103891467333,5602,290,2088843.00,4226,75.44,4.73,0.46
28-January-2025,382.80,382.80,376.75,377.45,378.335811648079306071,807,59,305317.00,625,77.45,6.05,-5.35
27-January-2025,380.00,380.00,376.77,378.49,378.479217603911980440,2045,220,773990.00,1619,79.17,3.23,-1.51
24-January-2025,379.40,382.00,375.38,377.28,380.314311594202898550,3312,153,1259601.00,2732,82.49,6.62,-2.12
23-January-2025,379.30,382.50,376.10,376.67,380.512533744697261858,2593,215,986669.00,2077,80.10,6.40,-2.63
22-January-2025,377.00,382.35,372.00,380.81,377.948723640399556048,9010,917,3405318.00,5658,62.80,10.35,3.81
21-January-2025,373.00,381.71,373.00,380.08,378.597220366163303487,7483,937,2833043.00,5160,68.96,8.71,7.08
20-January-2025,379.36,384.53,374.75,376.83,381.679711637487126673,3884,542,1482444.00,2596,66.84,9.78,-2.53
17-January-2025,371.15,379.97,371.15,379.36,376.373522458628841607,1692,162,636824.00,1189,70.27,8.82,8.21
16-January-2025,384.00,384.00,373.10,375.90,379.780899775856548190,12492,602,4744223.00,9508,76.11,10.90,-8.10
15-January-2025,370.50,380.00,370.50,379.00,378.824793916998294485,28144,959,10661645.00,27126,96.38,9.50,8.50
14-January-2025,368.00,377.00,360.00,372.83,368.787508973438621679,5572,390,2054884.00,2792,50.11,17.00,4.83
13-January-2025,371.17,373.34,365.85,367.92,369.822091062394603709,2372,304,877218.00,1699,71.63,7.49,-3.25
10-January-2025,371.70,372.30,367.13,371.57,369.936336924583741429,1021,129,377705.00,655,64.15,5.17,-0.13
9-January-2025,368.32,373.07,368.00,372.17,370.612365063788027477,3057,250,1132962.00,1982,64.83,5.07,3.85
8-January-2025,365.00,369.10,365.00,368.32,368.197831978319783197,3690,298,1358650.00,2736,74.15,4.10,3.32
7-January-2025,368.80,368.80,362.21,365.61,364.198494825964252116,3189,371,1161429.00,1969,61.74,6.59,-3.19
6-January-2025,372.69,372.69,362.60,364.83,367.963542577373666724,11438,806,4208767.00,8805,76.98,10.09,-7.86
3-January-2025,364.50,370.90,363.75,369.40,367.303102625298329355,2095,194,769500.00,1219,58.19,7.15,4.90
2-January-2025,371.00,371.32,362.10,364.50,367.597743545237578650,4609,498,1694258.00,3629,78.74,9.22,-6.50
1-January-2025,363.02,372.00,363.02,368.97,368.888965875627923090,5773,839,2129596.00,4415,76.48,8.98,5.95
31-December-2024,361.80,366.90,355.12,363.02,359.758064516129032258,6510,784,2342025.00,4300,66.05,11.78,1.22
30-December-2024,361.71,364.10,359.18,360.13,360.891635527450416786,3479,410,1255542.00,2345,67.40,4.92,-1.58
27-December-2024,361.93,363.18,360.50,361.71,361.410827067669172932,3325,418,1201691.00,3120,93.83,2.68,-0.22
26-December-2024,367.90,367.90,360.00,362.20,362.168291284403669724,3488,394,1263243.00,2598,74.48,7.90,-5.70
24-December-2024,363.90,367.00,360.00,365.47,362.790555734018631545,6226,435,2258734.00,3750,60.23,7.00,1.57
23-December-2024,367.90,368.00,360.00,361.38,362.396079357581483230,4234,362,1534385.00,2567,60.63,8.00,-6.52
20-December-2024,361.00,367.00,360.00,364.01,363.787510554719336245,27239,4266,9909208.00,26168,96.07,7.00,3.01
19-December-2024,360.03,365.72,358.00,361.43,359.618642460277771071,289951,272,104271785.00,288286,99.43,7.72,1.40
18-December-2024,366.77,369.00,363.00,364.19,365.319502995340581317,13521,526,4939485.00,10872,80.41,6.00,-2.58
17-December-2024,355.00,365.00,355.00,362.68,357.859606200162039998,187608,1225,67137325.00,102743,54.76,10.00,7.68
16-December-2024,368.76,370.88,363.00,363.92,367.003088662790697674,5504,494,2019985.00,4113,74.73,7.88,-4.84
13-December-2024,366.00,372.99,353.66,367.86,367.499226405363589479,7756,383,2850324.00,3122,40.25,19.33,1.86
12-December-2024,374.20,374.50,368.00,369.01,371.067044868488911810,1939,216,719499.00,1534,79.11,6.50,-5.19
11-December-2024,374.00,379.50,368.21,373.81,372.258615522924782738,6674,542,2484454.00,5035,75.44,11.29,-0.19
10-December-2024,378.60,378.60,371.00,376.78,374.483929107840192249,3329,261,1246657.00,2529,75.97,7.60,-1.82
9-December-2024,368.00,378.89,363.10,376.13,370.101527659170699307,10539,610,3900500.00,7630,72.40,15.79,8.13
6-December-2024,369.70,369.95,367.35,368.02,368.484817813765182186,1976,275,728126.00,1681,85.07,2.60,-1.68
5-December-2024,369.00,374.40,366.69,369.36,370.643544803752159960,4051,515,1501477.00,2351,58.04,7.71,0.36
4-December-2024,372.00,374.00,368.33,369.04,370.143129251700680272,3675,299,1360276.00,3084,83.92,5.67,-2.96
3-December-2024,365.00,373.68,365.00,370.87,369.916133455210237659,4376,568,1618753.00,3060,69.93,8.68,5.87
2-December-2024,366.50,368.95,365.30,366.53,367.400000000000000000,5275,471,1938035.00,3648,69.16,3.65,0.03
29-November-2024,376.00,376.00,365.10,369.55,370.272749510763209393,4088,215,1513675.00,2834,69.32,10.90,-6.45
28-November-2024,370.90,377.00,370.00,374.24,373.532127558305568776,2101,160,784791.00,1599,76.11,7.00,3.34
27-November-2024,369.87,374.19,368.00,369.45,370.924620060790273556,3290,237,1220342.00,2166,65.84,6.19,-0.42
26-November-2024,377.00,377.00,370.48,371.23,373.240781710914454277,2712,226,1012229.00,1650,60.84,6.52,-5.77
25-November-2024,383.80,383.80,376.50,376.95,377.277847702957835116,3178,221,1198989.00,2569,80.84,7.30,-6.85
22-November-2024,380.00,381.23,375.17,380.18,377.404473279836093563,5857,404,2210458.00,4361,74.46,6.06,0.18
21-November-2024,378.00,378.74,375.41,376.93,377.069248826291079812,2556,135,963789.00,1981,77.50,3.33,-1.07
19-November-2024,373.00,377.81,373.00,376.12,376.687882496940024479,3268,186,1231016.00,2915,89.20,4.81,3.12
18-November-2024,379.90,379.90,373.73,377.40,377.575570635410240592,1621,163,612050.00,1154,71.19,6.17,-2.50
14-November-2024,374.00,378.00,365.20,377.88,372.113367401828940290,7436,467,2767035.00,3247,43.67,12.80,3.88
13-November-2024,381.90,381.90,370.26,372.03,375.629639889196675900,3610,237,1356023.00,2539,70.33,11.64,-9.87
12-November-2024,384.99,384.99,377.17,380.49,382.313310908217203267,4162,432,1591188.00,2208,53.05,7.82,-4.50
11-November-2024,381.00,383.00,378.10,382.60,381.125000000000000000,3000,209,1143375.00,2279,75.97,4.90,1.60
8-November-2024,379.17,382.90,376.67,378.99,380.110699919549477071,6215,588,2362388.00,3779,60.80,6.23,-0.18
7-November-2024,375.00,381.00,375.00,380.66,380.471387002909796314,8248,179,3138128.00,7982,96.77,6.00,5.66
6-November-2024,381.98,382.99,377.92,379.94,378.930630026809651474,2984,367,1130729.00,2704,90.62,5.07,-2.04
5-November-2024,373.99,381.98,371.15,379.89,377.295393806005345071,6361,724,2399976.00,5501,86.48,10.83,5.90
4-November-2024,379.99,379.99,370.50,372.69,372.100299401197604790,2672,177,994252.00,2240,83.83,9.49,-7.30
1-November-2024,374.00,375.59,370.95,374.42,373.692444761225944404,2806,433,1048581.00,1813,64.61,4.64,0.42
31-October-2024,370.00,373.10,370.00,372.60,372.187870338096897873,5738,310,2135614.00,4430,77.20,3.10,2.60
30-October-2024,369.00,374.50,365.01,371.31,370.261666849676073350,9107,628,3371973.00,3740,41.07,9.49,2.31
29-October-2024,370.59,374.69,369.00,371.69,372.866361788617886178,3936,290,1467602.00,2187,55.56,5.69,1.10
28-October-2024,366.99,374.64,365.00,370.22,370.467760844079718640,5118,253,1896054.00,3500,68.39,9.64,3.23
25-October-2024,372.69,373.00,355.25,365.79,364.700524127959515633,5533,508,2017888.00,3743,67.65,17.75,-6.90
24-October-2024,377.70,377.70,369.00,370.04,372.716072545340838023,3198,354,1191946.00,2098,65.60,8.70,-7.66
23-October-2024,370.00,375.96,367.33,374.26,372.734416860153598856,5599,498,2086940.00,3943,70.42,8.63,4.26
22-October-2024,373.52,375.75,369.52,371.48,373.772602739726027397,5475,473,2046405.00,3448,62.98,6.23,-2.04
21-October-2024,372.98,375.19,370.00,374.97,372.998941051888457465,2833,165,1056706.00,2246,79.28,5.19,1.99
18-October-2024,367.00,373.10,361.50,370.20,368.603172681036570598,8258,1387,3043925.00,4066,49.24,11.60,3.20
17-October-2024,377.00,377.00,365.15,365.99,369.579044874433923425,4858,459,1795415.00,3734,76.86,11.85,-11.01
16-October-2024,366.50,375.00,365.10,374.16,370.794049459041731066,10352,603,3838460.00,7319,70.70,9.90,7.66
15-October-2024,362.10,367.95,362.10,366.71,366.794701986754966887,755,90,276930.00,418,55.36,5.85,4.61
14-October-2024,362.00,369.59,362.00,364.12,367.200231969633066216,9484,496,3482527.00,7562,79.73,7.59,2.12
11-October-2024,370.80,373.39,362.00,362.93,368.275077330976579761,4526,486,1666813.00,3339,73.77,11.39,-7.87
10-October-2024,369.00,373.75,360.05,369.26,365.669797145003756574,10648,645,3893652.00,5968,56.05,13.70,0.26
9-October-2024,373.99,374.55,365.96,368.61,372.190859481582537517,7330,557,2728159.00,5372,73.29,8.59,-5.38
8-October-2024,373.00,373.80,368.25,371.45,370.844618674269422665,5612,311,2081180.00,4361,77.71,5.55,-1.55
7-October-2024,374.90,374.90,362.79,370.35,370.220727963747990059,6841,858,2532680.00,4579,66.93,12.11,-4.55
4-October-2024,351.01,363.70,351.01,362.98,359.882712456344586728,3436,288,1236557.00,1775,51.66,12.69,11.97
3-October-2024,353.00,361.00,351.30,359.43,356.102794184461608359,8804,706,3135129.00,5512,62.61,9.70,6.43
1-October-2024,359.30,359.30,351.39,354.26,354.423296703296703296,6825,492,2418939.00,3851,56.42,7.91,-5.04
30-September-2024,350.01,356.95,350.00,356.24,352.474671669793621013,3198,288,1127214.00,1380,43.15,6.95,6.23
27-September-2024,352.50,354.09,350.37,352.78,352.081456043956043956,7280,510,2563153.00,5635,77.40,3.72,0.28
26-September-2024,351.50,357.00,348.50,350.37,350.603191279795127716,15229,563,5339336.00,13507,88.69,8.50,-1.13
25-September-2024,348.10,355.02,347.95,354.34,351.251719394773039889,9451,510,3319680.00,6270,66.34,7.07,6.24
24-September-2024,350.00,353.25,348.00,348.28,350.354515050167224080,4186,659,1466584.00,2639,63.04,5.25,-1.72
23-September-2024,352.00,352.00,347.75,349.90,348.991821713351052954,4891,661,1706919.00,3335,68.19,4.25,-2.10
20-September-2024,360.99,360.99,348.00,349.54,353.899677919599188834,8383,620,2966741.00,5820,69.43,12.99,-11.45
19-September-2024,356.00,364.63,347.44,358.71,351.490086691282709905,24916,1222,8757727.00,20899,83.88,17.19,2.71
18-September-2024,353.24,356.00,351.25,353.89,353.303280324705569232,15029,489,5309795.00,12725,84.67,4.75,0.65
17-September-2024,349.05,352.99,349.00,352.35,351.309680245291283399,2283,373,802040.00,1937,84.84,3.99,3.30
16-September-2024,351.79,353.53,349.41,349.71,350.902038505096262740,1766,219,619693.00,1513,85.67,4.12,-2.08
13-September-2024,346.01,350.87,344.55,349.52,347.811308767471410419,1574,188,547455.00,1033,65.63,6.32,3.51
12-September-2024,347.00,347.99,344.25,346.70,346.726435935198821796,8148,446,2825127.00,6348,77.91,3.74,-0.30
11-September-2024,343.00,345.00,343.00,344.70,343.177431059506531204,5512,223,1891594.00,5427,98.46,2.00,1.70
10-September-2024,341.95,343.00,341.10,342.50,342.147622192866578599,24224,378,8288184.00,23062,95.20,1.90,0.55
9-September-2024,337.50,342.00,337.50,341.95,340.710215557638238050,5335,353,1817689.00,5148,96.49,4.50,4.45
6-September-2024,338.35,342.00,337.01,339.68,340.422798167797298080,17247,787,5871272.00,6849,39.71,4.99,1.33
5-September-2024,341.70,341.70,336.10,338.54,338.870078740157480314,8636,872,2926482.00,5708,66.10,5.60,-3.16
4-September-2024,342.00,342.00,337.98,339.56,338.554085155350978135,1738,261,588407.00,1589,91.43,4.02,-2.44
3-September-2024,341.90,341.90,334.50,337.57,338.006724572709442420,10707,704,3619038.00,7535,70.37,7.40,-4.33
2-September-2024,337.50,341.00,337.15,340.21,339.481708034348900129,8501,469,2885934.00,5867,69.02,3.85,2.71
30-August-2024,341.00,341.00,335.35,338.85,338.219672384484623705,12942,588,4377239.00,10267,79.33,5.65,-2.15
29-August-2024,341.99,341.99,337.35,338.82,338.869735400031313605,6387,544,2164361.00,6000,93.94,4.64,-3.17
28-August-2024,341.70,341.70,334.20,340.05,338.875876142312128471,11271,755,3819470.00,8048,71.40,7.50,-1.65
27-August-2024,338.01,340.89,338.00,338.15,339.421831267493002798,2501,218,848894.00,1879,75.13,2.89,0.14
26-August-2024,340.05,341.95,338.12,338.60,340.275013594344752582,7356,683,2503063.00,6024,81.89,3.83,-1.45
23-August-2024,339.00,342.00,339.00,341.00,341.288615965989607935,2117,183,722508.00,1813,85.64,3.00,2.00
22-August-2024,342.89,342.89,339.21,341.17,341.353437443905941482,5571,267,1901680.00,4287,76.95,3.68,-1.72
21-August-2024,343.00,343.00,341.80,341.98,342.059888986269354367,3423,227,1170871.00,3084,90.10,1.20,-1.02
20-August-2024,342.99,342.99,339.95,341.93,342.081092801387684301,2306,119,788839.00,1790,77.62,3.04,-1.06
19-August-2024,340.45,342.00,340.45,342.00,341.856169384278413239,12327,276,4214061.00,11895,96.50,1.55,1.55
16-August-2024,341.18,342.00,339.50,340.39,341.680079085176872929,18714,584,6394201.00,17684,94.50,2.50,-0.79
14-August-2024,340.00,342.00,339.46,341.18,340.380697513812154696,5792,344,1971485.00,5063,87.41,2.54,1.18
13-August-2024,341.80,342.00,338.25,339.98,339.988764044943820224,4717,656,1603727.00,4259,90.29,3.75,-1.82
12-August-2024,343.90,343.90,338.89,339.44,341.854565952649379932,2661,212,909675.00,2274,85.46,5.01,-4.46
9-August-2024,342.50,342.89,340.06,342.01,341.576237623762376237,3030,397,1034976.00,2870,94.72,2.83,-0.49
8-August-2024,342.04,344.40,338.89,340.00,341.807880676758682101,4492,236,1535401.00,4183,93.12,5.51,-2.04
7-August-2024,343.10,344.40,340.35,342.04,342.015582391897156213,2567,296,877954.00,1842,71.76,4.05,-1.06
6-August-2024,342.30,350.00,341.00,343.10,345.695399663762799938,13086,355,4523770.00,10119,77.33,9.00,0.80
5-August-2024,342.00,343.88,340.00,342.53,341.961325523549707133,12463,1010,4261864.00,9428,75.65,3.88,0.53
2-August-2024,342.90,344.89,340.26,342.16,342.690078585461689587,2036,187,697717.00,1623,79.72,4.63,-0.74
1-August-2024,343.80,346.00,340.29,345.64,344.138802403880964448,13811,827,4752901.00,12200,88.34,5.71,1.84
31-July-2024,342.40,344.00,337.00,342.98,339.281859070464767616,28681,1000,9730943.00,22399,78.10,7.00,0.58
30-July-2024,344.00,345.24,338.00,340.08,339.673233149056554802,38529,928,13087270.00,30615,79.46,7.24,-3.92
29-July-2024,344.00,345.74,339.00,344.79,341.750704692422483833,12062,990,4122197.00,7263,60.21,6.74,0.79
26-July-2024,341.08,344.39,339.25,342.04,341.422064777327935222,2964,316,1011975.00,2111,71.22,5.14,0.96
25-July-2024,340.98,341.71,336.10,341.25,339.293985204245738179,3109,212,1054865.00,2335,75.10,5.61,0.27
24-July-2024,346.00,346.00,339.31,340.98,342.292230785253072276,4801,645,1643345.00,3639,75.80,6.69,-5.02
23-July-2024,341.90,346.00,336.50,345.96,343.846046174620426176,60726,577,20880395.00,54355,89.51,9.50,4.06
22-July-2024,340.20,340.22,338.00,339.77,339.574017525225703664,15064,831,5115343.00,12151,80.66,2.22,-0.43
19-July-2024,341.00,341.00,338.85,340.04,339.948118006103763987,983,92,334169.00,945,96.13,2.15,-0.96
18-July-2024,338.20,342.84,338.20,340.37,340.441781596201673072,4423,334,1505774.00,3960,89.53,4.64,2.17
16-July-2024,338.96,340.49,337.20,340.09,339.489448352462051092,8103,318,2750883.00,6332,78.14,3.29,1.13
15-July-2024,338.70,339.41,337.12,338.96,337.874155208576089489,4291,160,1449818.00,3849,89.70,2.29,0.26
12-July-2024,339.39,339.39,337.00,337.59,338.116029086310464748,3163,156,1069461.00,2645,83.62,2.39,-1.80
11-July-2024,335.01,338.50,334.16,338.12,336.804138594802694898,4156,444,1399758.00,3419,82.27,4.34,3.11
10-July-2024,335.80,336.61,334.01,335.56,335.072434187637713092,43115,361,14446648.00,41442,96.12,2.60,-0.24
9-July-2024,334.11,338.00,332.56,334.18,334.931657983450812136,3263,324,1092882.00,2260,69.26,5.44,0.07
8-July-2024,334.00,336.44,334.00,335.66,335.280621572212065813,4376,239,1467188.00,3518,80.39,2.44,1.66
5-July-2024,335.69,336.24,333.01,335.04,335.325275880189174986,3806,420,1276248.00,3188,83.76,3.23,-0.65
4-July-2024,334.40,336.18,332.48,335.76,333.839236479321314952,14145,382,4722156.00,13130,92.82,3.70,1.36
3-July-2024,337.80,339.80,331.55,334.19,332.633621114948199309,40540,757,13484967.00,31592,77.93,8.25,-3.61
2-July-2024,334.40,336.20,332.73,336.00,334.138859416445623342,7540,507,2519407.00,6990,92.71,3.47,1.60
1-July-2024,333.56,335.00,332.10,333.41,332.939771668219944082,8584,643,2857955.00,6747,78.60,2.90,-0.15
28-June-2024,335.90,335.90,332.70,334.09,333.508925775133103664,3193,161,1064894.00,3074,96.27,3.20,-1.81
27-June-2024,336.97,336.97,332.20,335.40,334.003426698450536352,6712,759,2241831.00,4661,69.44,4.77,-1.57
26-June-2024,336.70,336.98,332.04,336.09,334.772385698465432684,25284,1824,8464385.00,21216,83.91,4.94,-0.61
25-June-2024,333.45,336.49,331.00,334.03,332.970377684522340162,12153,1329,4046589.00,10634,87.50,5.49,0.58
24-June-2024,340.90,340.90,334.90,335.75,336.891784099973411326,7522,954,2534100.00,6736,89.55,6.00,-5.15
21-June-2024,336.81,342.90,336.10,340.90,339.868568124879552900,10378,823,3527156.00,7900,76.12,6.80,4.09
20-June-2024,339.70,339.90,336.10,339.00,338.809956167814652473,3194,271,1082159.00,2773,86.82,3.80,-0.70
19-June-2024,339.96,342.99,336.00,337.29,338.731746313732456919,5629,376,1906721.00,4026,71.52,6.99,-2.67
18-June-2024,337.40,341.55,337.40,339.96,338.024505588993981083,2326,157,786245.00,1569,67.45,4.15,2.56
14-June-2024,340.91,340.91,336.10,338.35,337.926494201605709188,5605,329,1894078.00,4257,75.95,4.81,-2.56
13-June-2024,343.00,343.00,337.15,340.91,339.090860311214451797,5591,242,1895857.00,4324,77.34,5.85,-2.09
12-June-2024,340.00,342.10,336.60,341.05,339.033215408805031446,15264,1047,5175003.00,10789,70.68,5.50,1.05
11-June-2024,338.00,340.50,335.74,339.26,338.324003582624272279,4466,595,1510955.00,3309,74.09,4.76,1.26
10-June-2024,342.00,342.75,334.49,335.09,337.967827298050139275,28720,1657,9706436.00,24491,85.28,8.26,-6.91
7-June-2024,348.45,348.45,340.00,341.94,341.208068269976726144,6445,227,2199086.00,4335,67.26,8.45,-6.51
6-June-2024,345.00,345.25,342.81,343.72,343.948873483535528596,1154,201,396917.00,661,57.28,2.44,-1.28
5-June-2024,351.80,351.80,336.52,342.12,341.911058823529411764,6375,613,2179683.00,3392,53.21,15.28,-9.68
4-June-2024,341.35,349.00,336.00,347.44,345.474844119544184046,18604,2374,6427214.00,15306,82.27,13.00,6.09
3-June-2024,340.35,348.21,340.35,346.73,346.676720614680398888,12234,1231,4241243.00,10887,88.99,7.86,6.38
31-May-2024,343.90,350.70,341.18,343.31,346.938401368858469811,8182,355,2838650.00,7448,91.03,9.52,-0.59
30-May-2024,353.99,353.99,346.86,347.53,349.379754728746622323,4811,177,1680866.00,3961,82.33,7.13,-6.46
29-May-2024,340.26,348.40,340.26,346.86,342.814267153374992266,16163,848,5540907.00,13201,81.67,8.14,6.60
28-May-2024,348.35,348.35,335.44,339.46,344.621212121212121212,12606,875,4344295.00,7479,59.33,12.91,-8.89
27-May-2024,345.30,353.26,345.30,347.81,349.215615615615615615,1665,149,581444.00,1088,65.35,7.96,2.51
24-May-2024,349.00,352.30,346.00,350.24,349.513907284768211920,1510,188,527766.00,1097,72.65,6.30,1.24
23-May-2024,345.04,348.25,345.04,346.90,346.633784928027095681,2362,73,818749.00,2303,97.50,3.21,1.86
22-May-2024,351.00,351.00,343.20,343.66,346.847748391708363116,1399,254,485240.00,853,60.97,7.80,-7.34
21-May-2024,351.31,352.05,348.10,349.42,350.276003116478379431,5134,279,1798317.00,3869,75.36,3.95,-1.89
18-May-2024,353.00,353.00,346.10,351.28,351.618439716312056737,705,37,247891.00,518,73.48,6.90,-1.72
17-May-2024,349.90,353.71,337.56,352.78,346.617971986585125271,10138,601,3514013.00,7487,73.85,16.15,2.88
16-May-2024,352.75,352.75,347.11,349.03,348.753815527538155275,1507,116,525572.00,1012,67.15,5.64,-3.72
15-May-2024,343.50,351.25,343.50,350.00,347.741425443930917051,4111,219,1429565.00,2975,72.37,7.75,6.50
14-May-2024,348.75,349.00,344.24,347.14,346.769732078204199855,1381,200,478889.00,625,45.26,4.76,-1.61
13-May-2024,354.85,354.85,339.67,346.92,344.404527979495941905,7023,647,2418753.00,4197,59.76,15.18,-7.93
10-May-2024,352.85,354.84,347.05,353.05,350.244213351224421335,2981,248,1044078.00,1843,61.82,7.79,0.20
9-May-2024,353.38,353.38,348.10,349.46,351.036427145708582834,4008,251,1406954.00,3442,85.88,5.28,-3.92
8-May-2024,355.50,355.50,351.31,354.32,353.312500000000000000,1632,136,576606.00,1360,83.33,4.19,-1.18
7-May-2024,347.88,356.70,347.16,353.43,351.784590690208667736,3115,236,1095809.00,1974,63.37,9.54,5.55
6-May-2024,356.40,358.10,344.20,346.82,352.364404541853710060,7574,409,2668808.00,3093,40.84,13.90,-9.58
3-May-2024,358.00,358.00,349.52,354.51,352.333787465940054495,7340,432,2586130.00,5660,77.11,8.48,-3.49
2-May-2024,369.00,369.00,350.00,353.74,355.084466019417475728,5150,541,1828685.00,3346,64.97,19.00,-15.26
30-April-2024,355.70,355.70,353.24,355.14,354.861076345431789737,799,58,283534.00,769,96.25,2.46,-0.56
29-April-2024,353.28,354.05,350.73,353.31,353.075356953992596509,3782,255,1335331.00,3591,94.95,3.32,0.03
26-April-2024,357.00,357.00,351.15,353.27,352.486261448792672772,1201,130,423336.00,919,76.52,5.85,-3.73
25-April-2024,347.00,351.85,345.99,351.28,348.474594028287061288,5727,322,1995714.00,4791,83.66,5.86,4.28
24-April-2024,345.30,349.00,345.00,347.00,346.644723092998955067,1914,224,663478.00,1671,87.30,4.00,1.70
23-April-2024,345.00,346.50,342.94,345.89,345.044142614601018675,4123,206,1422617.00,3451,83.70,3.56,0.89
22-April-2024,342.10,346.10,342.10,344.61,344.474275832252485948,2313,207,796769.00,1714,74.10,4.00,2.51
19-April-2024,338.86,346.10,338.00,342.09,342.528316524437548487,3867,240,1324557.00,2745,70.99,8.10,3.23
18-April-2024,347.00,347.00,339.23,343.04,343.211648568608094768,5065,197,1738367.00,3033,59.88,7.77,-3.96
16-April-2024,349.80,349.80,343.20,344.55,345.697787371829465731,1853,191,640578.00,1318,71.13,6.60,-5.25
15-April-2024,344.68,349.00,343.00,347.96,346.010889292196007259,4408,334,1525216.00,2898,65.74,6.00,3.28
12-April-2024,353.40,353.99,343.00,345.20,347.121768521055997076,10947,901,3799942.00,9124,83.35,10.99,-8.20
10-April-2024,353.77,364.25,345.98,357.92,354.610656185173053826,9159,283,3247879.00,6601,72.07,18.27,4.15
9-April-2024,348.70,350.00,345.00,346.83,346.983723760267721326,6574,531,2281071.00,5613,85.38,5.00,-1.87
8-April-2024,343.41,347.80,343.41,346.23,345.502372313703600334,3583,285,1237935.00,2065,57.63,4.39,2.82
5-April-2024,346.00,349.90,343.50,344.50,346.494314781567923399,6684,409,2315968.00,5229,78.23,6.40,-1.50
4-April-2024,346.80,353.70,342.00,344.53,348.340309372156505914,4396,173,1531304.00,4084,92.90,11.70,-2.27
3-April-2024,346.00,348.45,342.50,344.19,345.516397998888271261,17990,426,6215840.00,16576,92.14,5.95,-1.81
2-April-2024,345.00,347.78,342.83,344.49,344.832997987927565392,1988,96,685528.00,1454,73.14,4.95,-0.51
1-April-2024,343.60,347.10,342.06,344.21,343.721070234113712374,1495,173,513863.00,1180,78.93,5.04,0.61
28-March-2024,346.90,349.70,343.00,343.60,347.439282281320089714,3121,184,1084358.00,2149,68.86,6.70,-3.30
27-March-2024,340.38,344.90,340.10,344.11,342.907454576328748514,5889,262,2019382.00,4913,83.43,4.80,3.73
26-March-2024,344.99,350.00,339.65,340.38,341.946560981846075172,7822,594,2674706.00,6414,82.00,10.35,-4.61
22-March-2024,346.96,348.10,341.80,344.99,345.467096180395766221,2173,110,750700.00,1377,63.37,6.30,-1.97
21-March-2024,344.80,346.73,342.10,345.88,345.113888888888888888,720,118,248482.00,544,75.56,4.63,1.08
20-March-2024,349.80,349.80,341.76,342.92,343.560512577123872804,2107,110,723882.00,1444,68.53,8.04,-6.88
19-March-2024,347.00,349.00,341.00,347.19,344.289740698985343855,7983,423,2748465.00,6956,87.14,8.00,0.19
18-March-2024,342.20,344.95,340.00,344.61,342.460825220213259156,6471,457,2216064.00,5673,87.67,4.95,2.41
15-March-2024,334.70,343.89,334.70,342.20,340.717383177570093457,2675,315,911419.00,1776,66.39,9.19,7.50
14-March-2024,330.33,339.10,330.33,337.82,337.445783132530120481,2158,148,728208.00,1190,55.14,8.77,7.49
13-March-2024,339.00,340.49,333.70,335.89,337.847476428175263449,12621,702,4263973.00,10429,82.63,6.79,-3.11
12-March-2024,340.50,344.00,338.54,340.31,341.058333333333333333,2280,137,777613.00,1811,79.43,5.46,-0.19
11-March-2024,342.00,343.27,339.00,340.14,339.392471244336005576,25821,617,8763453.00,24352,94.31,4.27,-1.86
7-March-2024,343.00,343.96,340.02,340.57,342.012805810397553516,5232,372,1789411.00,2665,50.94,3.94,-2.43
6-March-2024,341.10,344.34,339.73,340.22,341.108606557377049180,3904,480,1331688.00,2988,76.54,4.61,-0.88
5-March-2024,338.00,342.99,338.00,341.10,340.719186785260482846,5509,388,1877022.00,3829,69.50,4.99,3.10
4-March-2024,340.00,342.00,337.85,340.11,339.552178318135764944,2961,354,1005414.00,2129,71.90,4.15,0.11
2-March-2024,342.60,342.60,338.00,338.75,339.015590200445434298,449,43,152218.00,395,87.97,4.60,-3.85
1-March-2024,340.04,342.88,337.28,339.09,339.388273491214667685,5236,179,1777037.00,4236,80.90,5.60,-0.95
29-February-2024,341.25,343.05,340.00,340.04,341.200516795865633074,1935,140,660223.00,1825,94.32,3.05,-1.21
28-February-2024,339.30,342.10,339.30,341.25,340.593578700078308535,2554,201,869876.00,1986,77.76,2.80,1.95
27-February-2024,340.00,343.00,337.05,339.44,340.016051364365971107,1246,90,423660.00,975,78.25,5.95,-0.56
26-February-2024,345.00,345.30,339.75,341.04,342.069823712409263740,14465,655,4948040.00,12560,86.83,5.55,-3.96
23-February-2024,340.00,345.00,336.33,343.80,339.670906778121024895,44024,1258,14953672.00,42639,96.85,8.67,3.80
22-February-2024,345.00,345.00,340.00,341.10,342.450326797385620915,1530,177,523949.00,1055,68.95,5.00,-3.90
21-February-2024,344.00,344.00,340.00,341.82,343.173716702869555276,17494,239,6003481.00,15933,91.08,4.00,-2.18
20-February-2024,344.70,344.70,338.75,340.86,340.694589720468890892,11090,209,3778303.00,10754,96.97,5.95,-3.84
19-February-2024,336.00,343.60,336.00,339.98,340.741297559847345900,8647,484,2946390.00,7730,89.40,7.60,3.98
16-February-2024,334.00,343.55,332.80,340.80,339.642139267767408470,5572,332,1892486.00,2948,52.91,10.75,6.80
15-February-2024,336.00,336.60,332.58,333.68,334.119521912350597609,1004,81,335456.00,827,82.37,4.02,-2.32
14-February-2024,337.00,337.00,328.25,335.13,331.342495743128192653,8222,419,2724298.00,4332,52.69,8.75,-1.87
13-February-2024,328.25,337.69,328.20,334.82,333.676725268958278667,3811,204,1271642.00,2291,60.12,9.49,6.57
12-February-2024,331.60,333.00,328.73,330.01,330.388934993084370677,3615,186,1194356.00,983,27.19,4.27,-1.59
9-February-2024,332.20,334.25,328.10,330.09,331.550744878957169459,2148,141,712171.00,1431,66.62,6.15,-2.11
8-February-2024,335.00,339.66,330.00,330.82,331.275379739919134520,9151,449,3031501.00,4896,53.50,9.66,-4.18
7-February-2024,332.10,337.50,332.10,333.34,335.952045454545454545,8800,437,2956378.00,7815,88.81,5.40,1.24
6-February-2024,328.00,336.00,327.25,335.14,331.419991148763988114,15817,540,5242070.00,13541,85.61,8.75,7.14
5-February-2024,328.99,330.40,325.39,329.84,328.726164955432697732,17726,595,5827000.00,16654,93.95,5.01,0.85
2-February-2024,324.30,326.10,323.01,325.40,324.499618029029793735,3927,187,1274310.00,2825,71.94,3.09,1.10
1-February-2024,320.20,324.19,320.20,323.23,323.030757874015748031,40640,384,13127970.00,3228,7.94,3.99,3.03
31-January-2024,320.90,323.22,319.00,321.59,320.736115711604283979,9057,527,2904907.00,7774,85.83,4.22,0.69
30-January-2024,325.00,326.59,316.39,320.04,323.585354255825011887,6309,258,2041500.00,5289,83.83,10.20,-4.96
29-January-2024,326.20,327.33,321.10,324.84,324.356296547054840893,5908,264,1916297.00,3731,63.15,6.23,-1.36
25-January-2024,332.00,332.00,325.50,327.33,327.273718276273207290,5871,360,1921424.00,4553,77.55,6.50,-4.67
24-January-2024,325.11,330.25,325.01,329.13,327.281015719467956469,4135,195,1353307.00,3257,78.77,5.24,4.02
23-January-2024,330.00,331.00,326.28,327.92,328.581149122394240271,21251,694,6982678.00,16628,78.25,4.72,-2.08
20-January-2024,328.70,329.59,328.13,328.71,328.870818070818070818,4095,171,1346726.00,3786,92.45,1.46,0.01
19-January-2024,330.30,336.50,327.82,328.63,329.430516165626772546,3526,216,1161572.00,2752,78.05,8.68,-1.67
18-January-2024,332.80,332.80,326.10,329.50,329.148295635552723797,12556,369,4132786.00,10626,84.63,6.70,-3.30
17-January-2024,331.50,333.69,329.52,330.85,331.569140308191403081,4932,551,1635299.00,3542,71.82,4.17,-0.65
16-January-2024,332.00,333.00,329.45,331.49,331.545796737766624843,10361,574,3435146.00,8747,84.42,3.55,-0.51
15-January-2024,333.65,333.65,327.45,328.86,332.050502670436694941,12732,430,4227667.00,11722,92.07,6.20,-4.79
12-January-2024,327.50,333.49,327.50,330.59,331.014687882496940024,7353,450,2433951.00,5502,74.83,5.99,3.09
11-January-2024,330.90,332.80,327.35,330.64,330.720904717697696008,11849,446,3918712.00,10500,88.62,5.45,-0.26
10-January-2024,328.00,329.45,323.28,328.26,326.814788732394366197,4260,310,1392231.00,2767,64.95,6.17,0.26
9-January-2024,325.02,327.00,322.45,325.77,324.948828606658446362,4866,370,1581201.00,3456,71.02,4.55,0.75
8-January-2024,332.70,332.70,324.50,324.89,326.711541881557887248,5623,280,1837099.00,3796,67.51,8.20,-7.81
5-January-2024,327.69,331.39,324.73,326.24,327.545680819912152269,20490,545,6711411.00,13306,64.94,6.66,-1.45
4-January-2024,323.61,326.69,322.88,325.67,325.338790359254206457,2199,141,715420.00,1822,82.86,3.81,2.06
3-January-2024,323.00,327.00,322.00,325.92,324.274099701210882214,6359,226,2062059.00,5462,85.89,5.00,2.92
2-January-2024,324.40,324.71,320.00,323.24,323.121705174096973641,3073,204,992953.00,2621,85.29,4.71,-1.16
1-January-2024,325.00,325.00,316.10,321.75,321.873515299299929206,12713,335,4091978.00,7819,61.50,8.90,-3.25
29-December-2023,323.00,327.50,320.88,322.35,322.777618804292284108,19570,703,6316758.00,14484,74.01,6.62,-0.65
28-December-2023,317.30,331.10,317.30,326.78,324.096658399686724970,15322,494,4965809.00,12874,84.02,13.80,9.48
27-December-2023,317.60,325.21,316.21,318.51,320.831783666511699984,12906,658,4140655.00,8474,65.66,9.00,0.91
26-December-2023,322.36,324.80,318.89,321.57,322.022813064172000656,6093,340,1962085.00,4924,80.81,5.91,-0.79
22-December-2023,317.56,325.96,317.56,322.36,321.929297081449292383,17029,492,5482134.00,13561,79.63,8.40,4.80
21-December-2023,315.51,322.15,315.51,317.56,319.067460771961974573,8731,228,2785778.00,7311,83.74,6.64,2.05
20-December-2023,317.50,320.00,315.50,315.92,317.296094499171824601,22942,906,7279407.00,21053,91.77,4.50,-1.58
19-December-2023,317.56,322.37,316.00,317.51,319.112826603325415676,10104,584,3224316.00,6823,67.53,6.37,-0.05
18-December-2023,316.80,320.74,315.72,319.47,317.269392224858550830,5479,218,1738319.00,2900,52.93,5.02,2.67
15-December-2023,321.56,324.65,318.00,319.16,319.315381401955050547,59845,2070,19109429.00,50438,84.28,6.65,-2.40
14-December-2023,323.40,323.40,319.10,321.76,321.367141812865497076,5472,347,1758521.00,4593,83.94,4.30,-1.64
13-December-2023,323.60,323.60,317.74,319.59,320.620316821724918280,7954,292,2550214.00,5935,74.62,5.86,-4.01
12-December-2023,327.30,327.69,320.20,322.93,322.948087146877931825,9593,325,3098041.00,9018,94.01,7.49,-4.37
11-December-2023,324.98,328.50,319.10,325.08,322.219982316534040671,5655,405,1822154.00,3156,55.81,9.40,0.10
8-December-2023,321.00,324.99,317.00,321.60,321.372267494502651662,7731,431,2484529.00,6684,86.46,7.99,0.60
7-December-2023,318.00,330.00,312.10,319.84,320.605603253502033438,11065,491,3547501.00,7740,69.95,17.90,1.84
6-December-2023,314.80,318.00,312.09,315.42,314.832935560859188544,2514,173,791490.00,1547,61.54,5.91,0.62
5-December-2023,316.85,316.85,310.50,312.58,312.931581252737625930,11415,1007,3572114.00,7423,65.03,6.35,-4.27
4-December-2023,325.00,325.00,312.10,315.43,316.822846670739156994,6548,339,2074556.00,5623,85.87,12.90,-9.57
1-December-2023,322.00,322.05,317.95,319.93,319.815834767641996557,2324,158,743252.00,1959,84.29,4.10,-2.07
30-November-2023,322.00,322.00,314.68,319.84,316.480836236933797909,1435,152,454150.00,1204,83.90,7.32,-2.16
29-November-2023,316.00,317.75,315.00,317.11,316.455591054313099041,1565,163,495253.00,1279,81.73,2.75,1.11
28-November-2023,325.56,325.56,313.51,315.19,320.149280121242738065,3959,405,1267471.00,2752,69.51,12.05,-10.37
24-November-2023,321.00,326.11,316.85,325.57,319.981611681990265008,1849,173,591646.00,1373,74.26,9.26,4.57
23-November-2023,319.00,320.92,315.50,319.72,317.552486187845303867,1086,199,344862.00,805,74.13,5.42,0.72
22-November-2023,320.00,322.50,315.34,316.00,317.625078369905956112,6380,354,2026448.00,4407,69.08,7.16,-4.00
21-November-2023,321.00,323.20,318.95,319.97,320.566193147904977915,8377,625,2685383.00,7091,84.65,4.25,-1.03
20-November-2023,329.79,329.79,316.00,321.46,322.920125293657008613,10216,704,3298952.00,8310,81.34,13.79,-8.33
17-November-2023,318.60,326.94,318.60,326.66,322.014423076923076923,3952,279,1272601.00,2541,64.30,8.34,8.06
16-November-2023,325.85,325.85,319.10,319.84,321.804819277108433734,4150,234,1335490.00,3416,82.31,6.75,-6.01
15-November-2023,318.67,325.85,318.60,324.53,322.926306065893461972,9743,458,3146271.00,8360,85.81,7.25,5.86
13-November-2023,318.60,321.14,313.60,318.67,316.321480057664584334,4162,413,1316530.00,2635,63.31,7.54,0.07
12-November-2023,318.51,326.30,318.51,322.59,322.280961699748392507,3577,453,1152799.00,3331,93.12,7.79,4.08
10-November-2023,321.90,322.09,317.00,318.51,319.792531120331950207,4579,392,1464330.00,4412,96.35,5.09,-3.39
9-November-2023,311.80,321.78,311.80,319.47,317.343415323055195951,8497,591,2696467.00,5991,70.51,9.98,7.67
8-November-2023,314.00,314.99,311.00,314.87,312.649748513946044810,2187,313,683765.00,1678,76.73,3.99,0.87
7-November-2023,310.00,313.80,310.00,311.75,311.706500328299409061,15230,393,4747290.00,10420,68.42,3.80,1.75
6-November-2023,314.74,314.74,310.01,312.88,312.143895802667380347,22419,1289,6997954.00,21332,95.15,4.73,-1.86
3-November-2023,311.00,315.00,309.00,311.34,310.956307515837222033,38359,194,11927973.00,35947,93.71,6.00,0.34
2-November-2023,307.00,311.73,307.00,309.85,309.487128317701057673,15033,233,4652520.00,14113,93.88,4.73,2.85
1-November-2023,311.90,311.90,308.00,310.08,310.056029785688339992,11012,286,3414337.00,10062,91.37,3.90,-1.82
31-October-2023,314.00,314.00,307.80,309.41,309.372723026623073330,6423,354,1987101.00,5061,78.79,6.20,-4.59
30-October-2023,308.83,310.62,305.00,310.16,309.618777022853613341,8095,337,2506364.00,7626,94.21,5.62,1.33
27-October-2023,310.48,364.30,307.45,308.89,335.938699663329106729,22871,361,7683254.00,18313,80.07,56.85,-1.59
26-October-2023,310.20,310.20,305.50,308.45,308.434675141242937853,2832,143,873487.00,2380,84.04,4.70,-1.75
25-October-2023,308.01,314.19,308.01,308.95,311.064997737897752978,6631,238,2062672.00,4935,74.42,6.18,0.94
23-October-2023,312.00,315.55,310.51,312.61,314.316485112563543936,6885,202,2164069.00,5685,82.57,5.04,0.61
20-October-2023,319.75,319.75,312.30,313.46,314.766850563684336771,4169,394,1312263.00,3379,81.05,7.45,-6.29
19-October-2023,317.30,320.04,311.41,319.60,317.880247400973812343,7599,463,2415572.00,6865,90.34,8.63,2.30
18-October-2023,309.20,320.00,308.01,316.34,314.113297555158020274,6708,560,2107072.00,4809,71.69,11.99,7.14
17-October-2023,309.50,311.21,307.50,308.03,309.103490508266993263,4899,282,1514298.00,4523,92.32,3.71,-1.47
16-October-2023,308.10,311.03,308.10,309.60,310.058666071826901628,4483,139,1389993.00,3899,86.97,2.93,1.50
13-October-2023,312.95,312.95,308.50,310.30,309.906879194630872483,2384,217,738818.00,2179,91.40,4.45,-2.65
12-October-2023,311.45,313.00,308.15,308.78,310.262654536972241660,8574,543,2660192.00,6549,76.38,4.85,-2.67
11-October-2023,309.09,312.00,308.00,310.41,308.966698764243299630,12462,434,3850343.00,10444,83.81,4.00,1.32
10-October-2023,308.70,311.59,308.70,309.09,309.826021180030257186,1983,222,614385.00,1253,63.19,2.89,0.39
9-October-2023,310.00,313.78,308.00,311.76,311.092132152588555858,11744,307,3653466.00,9179,78.16,5.78,1.76
6-October-2023,312.00,312.00,309.00,309.90,309.629230769230769230,3250,241,1006295.00,2486,76.49,3.00,-2.10
5-October-2023,311.90,313.38,309.00,310.18,310.262548262548262548,2072,158,642864.00,1858,89.67,4.38,-1.72
4-October-2023,309.41,312.68,309.41,309.87,310.355311355311355311,1911,222,593089.00,1559,81.58,3.27,0.46
3-October-2023,308.65,311.50,306.25,309.41,309.101151223873924220,8947,741,2765528.00,6811,76.13,5.25,0.76
29-September-2023,313.80,315.79,311.20,313.55,314.287875091485728226,4099,734,1288266.00,3532,86.17,4.59,-0.25
28-September-2023,311.01,314.80,310.20,311.35,312.174316658071170706,1939,150,605306.00,1101,56.78,4.60,0.34
27-September-2023,310.00,314.39,309.10,311.49,311.125732383214568487,6315,393,1964759.00,3274,51.84,5.29,1.49
26-September-2023,317.99,317.99,310.00,310.88,314.567879006121714079,8331,494,2620665.00,5481,65.79,7.99,-7.11
25-September-2023,312.48,316.10,309.10,315.13,312.384301270417422867,2204,152,688495.00,1435,65.11,7.00,2.65
22-September-2023,309.46,314.00,309.10,312.48,312.657720535328824291,13898,384,4345317.00,10620,76.41,4.90,3.02
21-September-2023,312.91,315.40,309.45,313.39,313.145386885666623893,7793,419,2440342.00,6092,78.17,5.95,0.48
20-September-2023,312.05,315.00,307.92,312.91,310.262476264667218462,20539,506,6372481.00,16008,77.94,7.08,0.86
18-September-2023,317.70,317.70,308.40,312.05,313.140440363852758650,11763,293,3683471.00,6823,58.00,9.30,-5.65
15-September-2023,322.01,335.00,305.31,313.87,321.057457487452243613,13349,468,4285796.00,8083,60.55,29.69,-8.14
14-September-2023,333.00,333.00,317.00,328.34,327.084793272599859845,14270,352,4667500.00,11271,78.98,16.00,-4.66
13-September-2023,319.32,330.00,319.32,327.98,326.366572521865889212,21952,572,7164399.00,18857,85.90,10.68,8.66
12-September-2023,319.03,323.10,308.36,320.40,319.716279444032296683,1019052,594,325807514.00,1013549,99.46,14.74,1.37
11-September-2023,316.32,322.77,316.32,319.03,321.681439939173974779,307763,470,99001645.00,304848,99.05,6.45,2.71
8-September-2023,321.00,321.00,317.82,319.53,319.643224905733600606,608117,430,194380479.00,606502,99.73,3.18,-1.47
7-September-2023,319.99,320.52,309.29,318.94,317.513050229946843456,16743,1455,5316121.00,13080,78.12,11.23,-1.05
6-September-2023,315.01,320.20,315.01,318.60,318.692997903563941299,11925,775,3800414.00,9487,79.56,5.19,3.59
5-September-2023,321.70,323.56,315.00,318.91,318.194233252044183044,6971,375,2218132.00,5052,72.47,8.56,-2.79
4-September-2023,317.01,319.80,313.46,317.72,318.155070673802662275,7287,442,2318396.00,5476,75.15,6.34,0.71
1-September-2023,306.06,319.99,306.06,316.43,313.757131439813107094,32532,736,10207147.00,27235,83.72,13.93,10.37
31-August-2023,306.00,310.00,300.09,308.95,307.295473083197389885,14712,516,4520931.00,10441,70.97,9.91,2.95
30-August-2023,300.25,305.00,300.00,304.29,301.414345991561181434,10665,478,3214584.00,7789,73.03,5.00,4.04
29-August-2023,299.15,304.30,299.10,300.42,301.581489347126121805,14597,560,4402185.00,9957,68.21,5.20,1.27
28-August-2023,302.50,306.60,298.80,299.55,300.603507541213609259,14255,820,4285103.00,12107,84.93,7.80,-2.95
25-August-2023,305.33,307.42,302.40,303.66,303.745839636913767019,8593,316,2610088.00,8266,96.19,5.02,-1.67
24-August-2023,306.34,308.23,304.90,305.33,306.205686630369026013,4959,514,1518474.00,3679,74.19,3.33,-1.01
23-August-2023,306.90,309.84,305.37,309.01,307.526841111410844348,3707,111,1140002.00,3144,84.81,4.47,2.11
22-August-2023,305.37,310.00,303.25,305.44,305.540297019124612699,28079,811,8579266.00,24547,87.42,6.75,0.07
21-August-2023,312.80,312.80,305.10,307.34,308.412057667103538663,7630,783,2353184.00,5756,75.44,7.70,-5.46
18-August-2023,303.58,310.50,303.58,310.00,309.173930921052631578,7296,245,2255733.00,5354,73.38,6.92,6.42
17-August-2023,305.30,307.75,303.00,307.01,305.018466771959664682,8231,256,2510607.00,6260,76.05,4.75,1.71
16-August-2023,309.40,309.40,304.10,305.22,306.529959377115775220,5908,353,1810979.00,4075,68.97,5.30,-4.18
14-August-2023,309.26,311.48,304.30,306.01,308.695089215221853781,6333,268,1954966.00,3036,47.94,7.18,-3.25
11-August-2023,307.00,311.00,306.01,309.61,308.990179186767746381,11608,196,3586758.00,10197,87.84,4.99,2.61
10-August-2023,304.30,310.85,304.25,308.65,308.369619663346729570,17169,540,5294398.00,14773,86.04,6.60,4.35
9-August-2023,305.01,308.00,304.02,305.21,305.856762158560959360,4503,237,1377273.00,3580,79.50,3.98,0.20
8-August-2023,306.16,307.99,304.10,304.94,306.467626325454653160,16881,550,5173480.00,14355,85.04,3.89,-1.22
7-August-2023,306.70,307.34,304.00,306.16,306.070122783083219645,3665,184,1121747.00,3024,82.51,3.34,-0.54
4-August-2023,301.08,307.39,301.08,306.03,305.640540540540540540,5180,268,1583218.00,3515,67.86,6.31,4.95
3-August-2023,307.45,308.90,302.30,303.24,305.876068376068376068,5148,155,1574650.00,4197,81.53,6.60,-4.21
2-August-2023,312.69,312.69,305.30,305.75,307.911287414352686620,2773,155,853838.00,1682,60.66,7.39,-6.94
1-August-2023,309.41,315.00,305.50,311.93,309.056503763383865154,9433,547,2915330.00,7679,81.41,9.50,2.52
31-July-2023,306.00,312.00,302.31,309.41,307.130506748153806977,15708,574,4824406.00,10170,64.74,9.69,3.41
28-July-2023,304.10,308.00,303.83,307.35,306.016130778391252571,9237,285,2826671.00,6705,72.59,4.17,3.25
27-July-2023,308.80,308.80,301.00,305.89,303.428571428571428571,5516,193,1673712.00,4590,83.21,7.80,-2.91
26-July-2023,303.65,306.37,301.50,303.89,304.301286391333784698,7385,239,2247265.00,5510,74.61,4.87,0.24
25-July-2023,303.01,304.95,302.60,303.07,303.890062111801242236,6440,578,1957052.00,3946,61.27,2.35,0.06
24-July-2023,303.00,305.44,301.80,302.94,302.934760542585586416,10837,316,3282904.00,8027,74.07,3.64,-0.06
21-July-2023,303.00,306.13,302.00,305.37,303.394086021505376344,3720,165,1128626.00,2039,54.81,4.13,2.37
20-July-2023,302.51,307.78,302.40,302.92,305.146920703072588219,7453,355,2274260.00,4293,57.60,5.38,0.41
19-July-2023,305.00,307.71,302.00,304.66,304.917356475300400534,7490,354,2283831.00,4090,54.61,5.71,-0.34
18-July-2023,302.41,306.70,302.41,305.36,304.908838118142191492,13306,477,4057117.00,8864,66.62,4.29,2.95
17-July-2023,304.19,304.19,302.16,303.60,303.467068273092369477,2490,200,755633.00,1553,62.37,2.03,-0.59
14-July-2023,299.25,305.70,299.25,304.19,302.184173913043478260,5750,549,1737559.00,4666,81.15,6.45,4.94
13-July-2023,304.00,304.00,301.50,302.10,301.976149649259547934,6415,430,1937177.00,5941,92.61,2.50,-1.90
12-July-2023,304.46,305.00,302.00,304.32,303.413911416094822208,6412,345,1945490.00,4568,71.24,3.00,-0.14
11-July-2023,306.00,307.00,302.36,304.51,304.172585646780862374,54176,270,16478854.00,52602,97.09,4.64,-1.49
10-July-2023,300.10,307.00,300.10,304.98,305.534790921938648266,12029,300,3675278.00,11243,93.47,6.90,4.88
7-July-2023,299.15,304.89,299.15,304.33,302.062884133298489116,103317,170,31208231.00,102269,98.99,5.74,5.18
6-July-2023,300.00,302.19,299.76,302.11,300.753060138371474188,9395,571,2825575.00,7651,81.44,2.43,2.11
5-July-2023,301.26,302.35,299.70,300.28,300.604100000000000000,10000,734,3006041.00,7938,79.38,2.65,-0.98
4-July-2023,300.85,303.99,299.54,301.01,300.976105051664753157,13936,469,4194403.00,8605,61.75,4.45,0.16
3-July-2023,311.25,311.25,302.35,302.99,305.289818658509941009,9154,783,2794623.00,6857,74.91,8.90,-8.26
30-June-2023,304.75,311.25,302.85,309.40,305.518615626638699528,1907,232,582624.00,1096,57.47,8.40,4.65
28-June-2023,306.26,306.67,300.05,301.93,303.865724381625441696,4528,559,1375904.00,3386,74.78,6.62,-4.33
27-June-2023,301.00,307.84,301.00,304.83,303.843992451247641014,9538,372,2898064.00,5742,60.20,6.84,3.83
26-June-2023,303.04,306.02,300.80,301.26,303.819868683985155580,7006,466,2128562.00,5725,81.72,5.22,-1.78
23-June-2023,303.00,306.20,299.06,303.03,300.990337778487582847,12523,1024,3769302.00,8583,68.54,7.14,0.03
22-June-2023,310.00,313.17,302.32,304.83,305.710072248193795155,11765,1183,3596679.00,9132,77.62,10.85,-5.17
21-June-2023,307.51,314.20,307.51,313.80,310.917796610169491525,4720,216,1467532.00,1535,32.52,6.69,6.29
20-June-2023,309.60,311.10,306.00,310.50,308.378037383177570093,14980,738,4619503.00,11249,75.09,5.10,0.90
19-June-2023,307.50,310.35,305.15,308.61,308.253096787738820071,9526,451,2936419.00,6784,71.22,5.20,1.11
16-June-2023,304.30,311.90,304.30,308.18,308.509635767970707265,10378,424,3201713.00,8790,84.70,7.60,3.88
15-June-2023,305.25,310.89,305.25,310.55,307.953378517149311973,4869,160,1499425.00,2290,47.03,5.64,5.30
14-June-2023,309.16,309.16,303.00,305.50,305.548088167546688401,169314,640,51733569.00,165157,97.54,6.16,-3.66
13-June-2023,308.53,310.94,306.00,309.16,308.841173495194739504,3954,254,1221158.00,2824,71.42,4.94,0.63
12-June-2023,309.84,312.40,307.25,308.81,310.910422771033905399,2389,171,742765.00,1986,83.13,5.15,-1.03
9-June-2023,305.01,310.70,305.01,309.84,309.246056782334384858,4121,155,1274403.00,3272,79.40,5.69,4.83
8-June-2023,304.74,311.75,304.00,306.91,306.193285266914281552,13731,815,4204340.00,11643,84.79,7.75,2.17
7-June-2023,306.20,306.20,303.56,304.74,304.859018659295093296,2894,253,882262.00,2374,82.03,2.64,-1.46
6-June-2023,299.90,305.22,299.90,303.85,301.764927934111187371,5828,356,1758686.00,3939,67.59,5.32,3.95
5-June-2023,299.05,302.13,299.05,301.02,300.737218251786695986,7276,299,2188164.00,6750,92.77,3.08,1.97
2-June-2023,302.70,302.70,298.15,298.94,300.057427664079040225,11336,363,3401451.00,10740,94.74,4.55,-3.76
1-June-2023,305.12,307.25,298.72,299.94,301.257988769780500255,29385,1364,8852466.00,26286,89.45,8.53,-5.18
31-May-2023,308.01,315.58,304.00,306.34,308.079380793807938079,11111,382,3423070.00,7102,63.92,11.58,-1.67
30-May-2023,318.00,318.00,304.00,310.28,310.278443455437635512,8763,853,2718970.00,6247,71.29,14.00,-7.72
29-May-2023,318.01,322.78,316.00,318.47,318.237129144851657940,4584,175,1458799.00,3243,70.75,6.78,0.46
26-May-2023,317.20,321.18,315.00,318.98,318.667832167832167832,8580,677,2734170.00,5939,69.22,6.18,1.78
25-May-2023,321.25,322.99,316.89,317.99,320.630884848484848484,41250,622,13226024.00,38123,92.42,6.10,-3.26
24-May-2023,320.70,323.50,319.75,322.11,322.108410819949281487,4732,344,1524217.00,3728,78.78,3.75,1.41
23-May-2023,321.10,324.00,317.00,320.60,319.643674698795180722,6640,538,2122434.00,4147,62.45,7.00,-0.50
22-May-2023,322.25,324.80,321.00,321.54,323.262743037309511297,3806,241,1230338.00,2904,76.30,3.80,-0.71
19-May-2023,321.23,323.15,320.80,322.25,321.929025423728813559,944,39,303901.00,843,89.30,2.35,1.02
18-May-2023,322.20,325.94,320.00,321.29,322.520961234871075249,5701,425,1838692.00,2693,47.24,5.94,-0.91
17-May-2023,325.26,326.95,321.75,324.10,324.273591310251188051,1473,163,477655.00,1025,69.59,5.20,-1.16
16-May-2023,324.00,327.00,322.12,324.40,324.795416855118347655,6633,236,2154368.00,5864,88.41,4.88,0.40
15-May-2023,313.30,324.87,313.30,323.99,324.144207317073170731,3280,185,1063193.00,2552,77.80,11.57,10.69
12-May-2023,323.31,328.50,322.00,323.83,324.796648895658796648,2626,249,852916.00,1604,61.08,6.50,0.52
11-May-2023,324.99,329.60,323.00,324.66,325.474222222222222222,9000,631,2929268.00,7221,80.23,6.60,-0.33
10-May-2023,320.60,325.25,318.00,324.99,322.002728512960436562,5864,431,1888224.00,4176,71.21,7.25,4.39
9-May-2023,320.00,326.33,320.00,323.18,324.513819513819513819,3003,308,974515.00,1999,66.57,6.33,3.18
8-May-2023,324.55,327.59,318.35,324.89,323.957561515067735692,7234,323,2343509.00,4517,62.44,9.24,0.34
5-May-2023,322.00,326.80,320.85,324.55,323.454138702460850111,894,112,289168.00,614,68.68,5.95,2.55
4-May-2023,321.05,326.85,317.00,322.60,321.806113537117903930,2290,247,736936.00,1413,61.70,9.85,1.55
3-May-2023,321.00,326.00,321.00,323.08,323.914547304170905391,1966,147,636816.00,707,35.96,5.00,2.08
2-May-2023,317.37,323.00,317.37,320.38,319.372852233676975945,5820,369,1858750.00,4401,75.62,5.63,3.01
28-April-2023,314.18,318.49,313.01,317.37,315.248425472358292512,5716,307,1801960.00,4824,84.39,5.48,3.19
27-April-2023,312.50,314.50,311.30,314.22,313.695312500000000000,1152,90,361377.00,1009,87.59,3.20,1.72
26-April-2023,313.65,315.50,312.20,313.50,312.956834532374100719,3475,195,1087525.00,2631,75.71,3.30,-0.15
25-April-2023,314.00,315.99,312.30,312.86,313.536945812807881773,12992,474,4073472.00,10924,84.08,3.69,-1.14
24-April-2023,315.10,317.00,313.00,314.26,314.488690884167237834,1459,161,458839.00,1259,86.29,4.00,-0.84
21-April-2023,313.00,318.00,312.05,316.63,315.566999474513925380,1903,190,600524.00,1170,61.48,5.95,3.63
20-April-2023,312.65,317.26,312.65,315.99,316.247486932046642541,4974,81,1573015.00,4474,89.95,4.61,3.34
19-April-2023,313.25,318.84,313.25,315.50,316.539655172413793103,2320,249,734372.00,1858,80.09,5.59,2.25
18-April-2023,315.05,318.99,315.05,316.50,317.523487338101681809,5173,263,1642549.00,4920,95.11,3.94,1.45
17-April-2023,317.00,318.25,315.23,316.43,317.423052881610201275,7999,206,2539067.00,7824,97.81,3.02,-0.57
13-April-2023,315.25,320.75,315.25,317.13,318.994714587737843551,2838,114,905307.00,2046,72.09,5.50,1.88
12-April-2023,316.50,318.65,315.00,318.01,317.348005502063273727,3635,254,1153560.00,2815,77.44,3.65,1.51
11-April-2023,316.01,319.50,315.50,317.71,317.051834130781499202,1254,76,397583.00,936,74.64,4.00,1.70
10-April-2023,316.50,319.99,315.50,318.74,317.082680864390854995,6386,155,2024890.00,5830,91.29,4.49,2.24
6-April-2023,320.00,320.00,316.40,318.64,318.082215491129381220,2311,275,735088.00,1721,74.47,3.60,-1.36
5-April-2023,316.26,322.00,316.26,318.85,318.987202118270079435,2266,484,722825.00,1410,62.22,5.74,2.59
3-April-2023,327.92,329.80,318.00,319.37,321.213673397095288699,14115,649,4533931.00,9183,65.06,11.80,-8.55
31-March-2023,321.00,334.69,318.00,327.92,324.574071288915626409,13298,534,4316186.00,6722,50.55,16.69,6.92
29-March-2023,305.31,330.00,302.11,325.03,315.709159539395097711,20929,828,6607477.00,12974,61.99,27.89,19.72
28-March-2023,305.00,310.50,302.05,305.59,305.214618973561430793,10931,339,3336301.00,7891,72.19,8.45,0.59
27-March-2023,314.59,317.50,300.00,306.00,305.013769588879417743,45753,631,13955295.00,39418,86.15,17.50,-8.59
24-March-2023,298.00,318.00,298.00,312.15,312.229210568973901766,12338,629,3852284.00,5478,44.40,20.00,14.15
23-March-2023,300.00,303.99,298.14,302.10,301.812525751957148743,4854,299,1464998.00,2976,61.31,5.85,2.10
22-March-2023,297.00,301.68,297.00,299.75,299.890088321884200196,4076,177,1222352.00,3096,75.96,4.68,2.75
21-March-2023,295.06,300.00,295.06,297.41,297.243454607276436586,5882,291,1748386.00,5412,92.01,4.94,2.35
20-March-2023,295.00,301.88,295.00,296.80,296.745275634574527563,8943,532,2653793.00,5678,63.49,6.88,1.80
17-March-2023,302.00,302.00,295.00,297.07,299.618704757480741686,25833,318,7740050.00,24195,93.66,7.00,-4.93
16-March-2023,301.00,303.78,298.20,300.05,300.707265259878204220,7061,340,2123294.00,4625,65.50,5.58,-0.95
15-March-2023,300.25,305.18,297.35,301.65,301.697347152229723305,10517,309,3172951.00,6626,63.00,7.83,1.40
14-March-2023,302.00,304.98,295.00,302.44,301.998080000000000000,15625,581,4718720.00,11287,72.24,9.98,0.44
13-March-2023,303.60,307.00,301.00,306.57,303.193072039746066795,14492,760,4393874.00,10144,70.00,6.00,2.97
10-March-2023,307.00,307.00,304.00,305.96,305.686706586826347305,4175,267,1276242.00,3627,86.87,3.00,-1.04
9-March-2023,306.00,308.00,306.00,306.40,306.963419367358820104,10306,252,3163565.00,9327,90.50,2.00,0.40
8-March-2023,310.00,310.00,305.13,306.49,306.596198423736671302,2157,130,661328.00,2002,92.81,4.87,-3.51
6-March-2023,307.76,309.95,306.25,307.13,307.642201834862385321,1853,212,570061.00,1508,81.38,3.70,-0.63
3-March-2023,300.10,308.24,300.10,307.48,304.602142069617262561,12698,381,3867838.00,9905,78.00,8.14,7.38
2-March-2023,301.00,305.72,301.00,303.41,304.725182863113897596,2871,213,874866.00,2640,91.95,4.72,2.41
1-March-2023,293.01,305.50,293.00,301.69,300.914604820178485544,18713,1025,5631015.00,12773,68.26,12.50,8.68
28-February-2023,306.20,308.50,290.36,293.01,300.503157455247638432,38322,1492,11515882.00,30744,80.23,18.14,-13.19
27-February-2023,315.00,315.00,306.00,307.33,309.927416955875061973,10085,757,3125618.00,9027,89.51,9.00,-7.67
24-February-2023,311.10,315.00,306.25,312.80,309.309344660194174757,8240,468,2548709.00,3923,47.61,8.75,1.70
23-February-2023,314.00,316.65,311.00,311.85,312.885523809523809523,5250,294,1642649.00,4724,89.98,5.65,-2.15
22-February-2023,313.00,323.65,311.00,314.03,315.775487308932828495,7131,487,2251795.00,4423,62.02,12.65,1.03
21-February-2023,322.89,322.89,317.00,318.56,318.714214588000995767,4017,211,1280275.00,2816,70.10,5.89,-4.33
20-February-2023,319.40,321.09,318.62,319.83,319.562868369351669941,2036,179,650630.00,1842,90.47,2.47,0.43
17-February-2023,319.44,320.25,318.64,319.60,319.375513557929334428,1217,57,388680.00,874,71.82,1.61,0.16
16-February-2023,319.80,321.70,318.00,319.44,319.481929708222811671,6032,259,1927115.00,4421,73.29,3.70,-0.36
15-February-2023,318.00,321.05,318.00,319.84,319.187186229978484341,4183,255,1335160.00,3180,76.02,3.05,1.84
14-February-2023,323.40,323.40,318.00,318.84,319.838188727042431918,3158,211,1010049.00,2884,91.32,5.40,-4.56
13-February-2023,320.10,325.50,320.10,321.66,322.457369464639788499,3026,224,975756.00,1519,50.20,5.40,1.56
10-February-2023,311.95,323.00,310.73,320.97,320.114765914228614487,30523,600,9770863.00,25288,82.85,12.27,9.02
9-February-2023,312.80,312.80,307.65,311.47,310.573126675212679174,17162,671,5330056.00,10497,61.16,5.15,-1.33
8-February-2023,312.00,314.70,306.25,308.30,309.727728041069304451,15973,1077,4947281.00,13147,82.31,8.45,-3.70
7-February-2023,325.99,325.99,310.00,313.09,317.609607300317850917,19506,723,6195293.00,15452,79.22,15.99,-12.90
6-February-2023,321.72,322.24,320.00,321.49,321.626147731944634781,7297,259,2346906.00,6469,88.65,2.24,-0.23
3-February-2023,328.00,328.00,315.00,321.67,321.157592407592407592,16016,1140,5143660.00,7915,49.42,13.00,-6.33
2-February-2023,330.63,332.05,321.00,326.21,325.533711640409168968,13393,759,4359873.00,6382,47.65,11.05,-4.42
1-February-2023,331.80,332.00,329.20,330.63,330.713476783691959229,2649,163,876060.00,2410,90.98,2.80,-1.17
31-January-2023,331.50,333.70,325.50,329.70,328.991345249294449670,21260,1050,6994356.00,13124,61.73,8.20,-1.80
30-January-2023,330.80,339.40,325.00,329.34,332.559569479965899403,9384,747,3120739.00,6336,67.52,14.40,-1.46
27-January-2023,335.10,337.70,334.00,336.32,335.410140845070422535,1775,216,595353.00,1309,73.75,3.70,1.22
25-January-2023,334.01,337.57,334.01,336.08,335.737190082644628099,1815,305,609363.00,1495,82.37,3.56,2.07
24-January-2023,338.00,341.25,334.50,335.84,337.415671641791044776,1340,213,452137.00,1007,75.15,6.75,-2.16
23-January-2023,336.00,339.70,334.00,338.06,336.937915176290240163,3914,374,1318775.00,2615,66.81,5.70,2.06
20-January-2023,335.00,337.83,334.00,337.07,335.480745341614906832,805,112,270062.00,574,71.30,3.83,2.07
19-January-2023,338.87,338.87,334.50,334.97,335.241429613420860685,2742,403,919232.00,2420,88.26,4.37,-3.90
18-January-2023,338.60,340.74,338.01,338.87,338.851744186046511627,5160,255,1748475.00,3433,66.53,2.73,0.27
17-January-2023,339.01,343.69,337.35,340.78,340.726463539883601506,2921,220,995262.00,2243,76.79,6.34,1.77
16-January-2023,342.10,342.84,338.00,342.27,340.268751994893073731,6266,441,2132124.00,4580,73.09,4.84,0.17
13-January-2023,344.35,344.35,341.10,343.00,342.848112379280070237,3417,277,1171512.00,2323,67.98,3.25,-1.35
12-January-2023,342.69,344.78,340.93,343.32,343.309847198641765704,1178,226,404419.00,692,58.74,3.85,0.63
11-January-2023,343.35,344.45,334.00,341.13,340.310409657629131209,10106,590,3439177.00,6794,67.23,10.45,-2.22
10-January-2023,341.15,344.00,339.00,343.55,342.183617747440273037,1465,140,501299.00,1011,69.01,5.00,2.40
9-January-2023,342.35,342.97,336.35,341.68,340.343970161624533775,2413,393,821250.00,1512,62.66,6.62,-0.67
6-January-2023,339.95,342.97,339.00,341.22,341.454383805225003419,7311,420,2496373.00,5601,76.61,3.97,1.27
5-January-2023,338.85,342.70,337.00,339.82,339.722776821572002294,8715,271,2960684.00,5424,62.24,5.70,0.97
4-January-2023,336.30,338.60,336.30,337.66,337.450450450450450450,1110,131,374570.00,930,83.78,2.30,1.36
3-January-2023,337.00,342.78,337.00,338.43,339.210878990934174221,5074,727,1721156.00,4618,91.01,5.78,1.43
2-January-2023,334.99,339.25,334.00,338.99,336.580797697368421052,4864,358,1637129.00,3497,71.90,5.25,4.00
30-December-2022,339.81,339.81,333.87,334.99,335.057659418519423405,8186,535,2742782.00,7782,95.06,5.94,-4.82
29-December-2022,332.50,337.80,332.50,335.86,334.551000953288846520,14686,371,4913216.00,11619,79.12,5.30,3.36
28-December-2022,337.45,338.52,334.00,335.55,334.242568704430734716,14264,375,4767636.00,13124,92.01,4.52,-1.90
27-December-2022,335.70,338.57,330.50,336.31,334.764092906465787821,7965,478,2666396.00,4340,54.49,8.07,0.61
26-December-2022,333.50,342.60,332.30,334.50,336.226883233150019184,7819,638,2628958.00,5969,76.34,10.30,1.00
23-December-2022,336.90,341.16,336.90,339.74,338.579958246346555323,2395,398,810899.00,1539,64.26,4.26,2.84
22-December-2022,339.80,341.44,337.10,339.70,339.083955887584489505,5622,423,1906330.00,4991,88.78,4.34,-0.10
21-December-2022,338.76,344.54,336.75,342.32,340.628147191736604260,1549,183,527633.00,457,29.50,7.79,3.56
20-December-2022,338.70,339.90,330.50,338.76,335.677359654534238124,9726,434,3264798.00,5630,57.89,9.40,0.06
19-December-2022,337.45,339.99,335.00,337.67,337.243354720439963336,2182,177,735865.00,1318,60.40,4.99,0.22
16-December-2022,335.90,338.00,333.65,337.19,336.246546672247802427,2389,171,803293.00,1559,65.26,4.35,1.29
15-December-2022,335.95,336.50,333.00,335.09,335.262339418526031102,1479,134,495853.00,1019,68.90,3.50,-0.86
14-December-2022,334.40,335.80,333.65,334.81,334.797803091944670463,2458,228,822933.00,1878,76.40,2.15,0.41
13-December-2022,334.00,336.00,333.44,334.93,334.288954844180623277,4717,473,1576841.00,3871,82.06,2.56,0.93
12-December-2022,338.46,338.46,334.28,334.75,335.892013888888888888,2880,319,967369.00,2218,77.01,4.18,-3.71
9-December-2022,329.03,338.70,329.03,334.15,335.148884305269079317,5333,415,1787349.00,4656,87.31,9.67,5.12
8-December-2022,336.79,336.79,331.76,333.36,333.338406348516143059,9199,1035,3066380.00,7173,77.98,5.03,-3.43
7-December-2022,331.00,334.70,331.00,334.01,333.038194444444444444,15840,888,5275325.00,13531,85.42,3.70,3.01
6-December-2022,332.05,334.50,329.00,330.25,331.348535936113575865,11270,1163,3734298.00,10097,89.59,5.50,-1.80
5-December-2022,334.22,336.00,332.50,333.07,333.900923977678163022,10931,871,3649871.00,9347,85.51,3.50,-1.15
2-December-2022,336.90,336.99,333.00,335.19,334.127666151468315301,9705,682,3242709.00,6536,67.35,3.99,-1.71
1-December-2022,335.00,337.50,333.00,335.57,334.313809709748796043,7683,355,2568533.00,7315,95.21,4.50,0.57
30-November-2022,335.00,337.75,333.28,334.49,334.836382287570524876,5849,428,1958458.00,4634,79.23,4.47,-0.51
29-November-2022,338.00,341.00,334.05,334.66,336.878155225288983250,8478,575,2856053.00,6248,73.70,6.95,-3.34
28-November-2022,340.00,340.23,334.00,337.26,338.537500000000000000,10320,570,3493707.00,7654,74.17,6.23,-2.74
25-November-2022,340.00,340.00,326.65,336.62,329.550233016669654059,22316,529,7354243.00,19150,85.81,13.35,-3.38
24-November-2022,338.10,346.40,335.52,338.18,339.417749887942626624,2231,139,757241.00,1884,84.45,10.88,0.08
23-November-2022,344.20,349.48,338.30,339.75,344.120333141872487076,3482,298,1198227.00,2553,73.32,11.18,-4.45
22-November-2022,338.40,347.84,335.00,345.97,343.225081918379505510,16785,557,5761033.00,12398,73.86,12.84,7.57
21-November-2022,333.25,340.89,333.25,337.02,336.939802476877253488,6379,426,2149339.00,5332,83.59,7.64,3.77
18-November-2022,341.98,342.50,336.07,339.18,339.078409650418513047,8124,419,2754673.00,5041,62.05,6.43,-2.80
17-November-2022,336.95,341.98,336.95,339.33,339.145181620258966426,8727,451,2959720.00,7348,84.20,5.03,2.38
16-November-2022,341.00,344.70,337.00,338.62,338.979643183897529734,4372,555,1482019.00,3317,75.87,7.70,-2.38
15-November-2022,335.05,342.00,335.05,339.47,338.182120334071927731,11734,960,3968229.00,9564,81.51,6.95,4.42
14-November-2022,337.80,344.00,335.50,336.29,339.935257919065309247,35263,2616,11987137.00,33595,95.27,8.50,-1.51
11-November-2022,339.50,343.17,339.49,341.44,340.252554050843430743,4209,293,1432123.00,3960,94.08,3.68,1.94
10-November-2022,344.00,344.00,332.77,339.49,338.476516447993915193,10518,771,3560096.00,8128,77.28,11.23,-4.51
9-November-2022,348.00,348.13,340.87,344.37,345.346370967741935483,4960,330,1712918.00,4230,85.28,7.26,-3.63
7-November-2022,348.18,351.70,338.00,344.69,344.063295852260034254,13429,817,4620426.00,8665,64.52,13.70,-3.49
4-November-2022,358.00,358.00,346.53,348.18,349.526209166877690554,3949,462,1380279.00,2890,73.18,11.47,-9.82
3-November-2022,361.65,361.65,350.00,352.25,353.125337446972618588,10372,645,3662616.00,7414,71.48,11.65,-9.40
2-November-2022,351.10,358.22,351.10,355.78,355.893353679213292641,5898,341,2099059.00,4281,72.58,7.12,4.68
1-November-2022,356.00,358.22,354.00,355.76,355.517785111844517785,5454,334,1938994.00,2856,52.37,4.22,-0.24
31-October-2022,349.40,363.70,349.40,355.82,355.596016343207354443,1958,244,696257.00,1300,66.39,14.30,6.42
28-October-2022,363.50,363.50,352.76,354.83,354.530678917815211842,9795,698,3472628.00,7034,71.81,10.74,-8.67
27-October-2022,360.98,360.98,355.25,357.96,358.360444993819530284,4045,403,1449568.00,3097,76.56,5.73,-3.02
25-October-2022,357.77,363.99,357.00,359.52,360.653488372093023255,5590,474,2016053.00,3753,67.14,6.99,1.75
24-October-2022,360.95,361.13,357.52,360.86,360.051315543944765814,5359,225,1929515.00,4627,86.34,3.61,-0.09
21-October-2022,348.20,359.14,345.35,358.06,354.444129916567342073,6712,484,2379029.00,5566,82.93,13.79,9.86
20-October-2022,364.02,369.40,342.65,350.86,351.621207297661319946,40835,1155,14358452.00,23797,58.28,26.75,-13.16
19-October-2022,366.00,368.91,364.00,364.28,365.413195500152021891,3289,226,1201844.00,2533,77.01,4.91,-1.72
18-October-2022,363.30,367.98,363.30,367.98,366.165517241379310344,290,82,106188.00,197,67.93,4.68,4.68
17-October-2022,368.13,371.90,363.20,366.41,369.575848279278245268,662164,129,244719822.00,661794,99.94,8.70,-1.72
14-October-2022,360.00,371.98,360.00,368.13,367.438964006855836983,5251,215,1929422.00,3690,70.27,11.98,8.13
13-October-2022,365.30,368.13,362.93,365.99,365.818231441048034934,3664,110,1340358.00,2852,77.84,5.20,0.69
12-October-2022,364.00,368.00,361.97,364.22,364.647566117286316596,5218,258,1902731.00,2917,55.90,6.03,0.22
11-October-2022,365.00,366.56,356.25,365.74,363.965311892888520411,323252,141,117652515.00,322745,99.84,10.31,0.74
10-October-2022,378.00,378.00,359.50,363.49,361.911479083665338645,8032,418,2906873.00,3710,46.19,18.50,-14.51
7-October-2022,364.80,364.80,361.01,363.65,363.011402280456091218,4999,228,1814694.00,3614,72.29,3.79,-1.15
6-October-2022,360.20,365.29,360.03,362.19,363.367820192650731359,5606,387,2037040.00,4591,81.89,5.26,1.99
4-October-2022,365.00,366.22,359.20,360.17,361.884125144843568945,1726,203,624612.00,1109,64.25,7.02,-4.83
3-October-2022,364.10,370.00,358.21,360.04,364.279369479763175774,329696,583,120101451.00,327227,99.25,11.79,-4.06
30-September-2022,371.80,371.80,361.00,364.56,364.619469026548672566,1582,135,576828.00,1354,85.59,10.80,-7.24
29-September-2022,365.00,370.00,361.50,367.85,364.651857594370564732,16769,683,6114847.00,10815,64.49,8.50,2.85
28-September-2022,365.40,366.85,362.50,363.36,366.033851113716295427,6824,286,2497815.00,5970,87.49,4.35,-2.04
27-September-2022,369.00,379.00,361.06,363.26,367.212563534471523524,7673,387,2817622.00,5771,75.21,17.94,-5.74
26-September-2022,371.70,372.80,365.22,368.63,369.477226097661058678,2437,281,900416.00,1673,68.65,7.58,-3.07
23-September-2022,373.00,374.00,368.05,368.93,370.627777777777777777,2340,148,867269.00,1342,57.35,5.95,-4.07
22-September-2022,371.40,374.20,365.20,371.93,370.539892021595680863,3334,233,1235380.00,2413,72.38,9.00,0.53
21-September-2022,376.80,376.80,368.00,369.02,372.219331688719443821,4459,409,1659726.00,3301,74.03,8.80,-7.78
20-September-2022,370.00,375.49,360.00,371.77,368.629866065840530729,7989,362,2944984.00,5408,67.69,15.49,1.77
19-September-2022,375.15,380.70,365.00,369.32,378.221669821659858523,401480,365,151848436.00,400430,99.74,15.70,-5.83
16-September-2022,378.01,381.68,375.15,377.81,378.054495912806539509,6239,347,2358682.00,4105,65.80,6.53,-0.20
15-September-2022,380.00,385.80,377.25,379.85,380.892274546014158202,6498,355,2475038.00,4795,73.79,8.55,-0.15
14-September-2022,375.20,388.00,375.11,379.08,379.343106850859881590,3547,354,1345530.00,2709,76.37,12.89,3.88
13-September-2022,381.99,384.00,379.55,381.16,383.087293071735131820,13048,492,4998523.00,10118,77.54,4.45,-0.83
12-September-2022,384.70,384.70,377.01,379.93,380.108723495090365732,7027,529,2671024.00,5676,80.77,7.69,-4.77
9-September-2022,378.00,382.00,373.78,381.96,377.960102201257861635,15264,461,5769183.00,11992,78.56,8.22,3.96
8-September-2022,382.80,382.80,372.50,377.20,375.122725731721098429,8849,448,3319461.00,6488,73.32,10.30,-5.60
7-September-2022,374.80,376.48,374.27,374.88,375.022214742510939077,2971,229,1114191.00,1907,64.19,2.21,0.08
6-September-2022,378.00,378.82,370.00,373.98,373.926486610470783875,17439,527,6520904.00,15733,90.22,8.82,-4.02
5-September-2022,382.80,382.80,374.01,375.02,375.810575878304961970,2761,207,1037613.00,2120,76.78,8.79,-7.78
2-September-2022,371.50,376.86,371.25,374.96,373.798942449581898671,8132,511,3039733.00,5421,66.66,5.61,3.46
1-September-2022,371.90,376.25,370.11,371.26,372.599160369437447523,5955,457,2218828.00,3631,60.97,6.14,-0.64
30-August-2022,368.99,378.26,366.50,368.82,372.417934303350970017,18144,653,6757151.00,13117,72.29,11.76,-0.17
29-August-2022,364.01,370.00,364.00,367.90,368.129749768303985171,4316,277,1588848.00,3261,75.56,6.00,3.89
26-August-2022,368.42,369.75,364.00,367.15,366.305603554677857319,8102,472,2967808.00,4460,55.05,5.75,-1.27
25-August-2022,360.00,369.40,360.00,368.42,366.404994686503719447,9410,375,3447871.00,7620,80.98,9.40,8.42
24-August-2022,367.93,367.93,365.00,365.99,366.451359686010653209,3567,285,1307132.00,3021,84.69,2.93,-1.94
23-August-2022,365.00,368.66,364.00,365.12,366.156090324707433657,6067,435,2221469.00,4649,76.63,4.66,0.12
22-August-2022,368.99,369.26,364.00,365.74,366.871029311520109066,7335,479,2690999.00,5997,81.76,5.26,-3.25
19-August-2022,372.99,372.99,366.00,367.37,368.037748152441675119,13802,509,5079657.00,12998,94.17,6.99,-5.62
18-August-2022,373.80,373.80,365.00,369.37,368.265915492957746478,5325,178,1961016.00,4140,77.75,8.80,-4.43
17-August-2022,371.00,371.00,362.35,368.58,367.929145776180115410,10571,407,3889379.00,8041,76.07,8.65,-2.42
16-August-2022,368.00,371.17,368.00,369.06,369.518792229729729729,4736,400,1750041.00,3767,79.54,3.17,1.06
12-August-2022,375.70,375.70,369.01,370.02,370.809105869445968184,7292,308,2703940.00,6465,88.66,6.69,-5.68
11-August-2022,376.00,376.70,369.00,374.01,373.817083746283448959,16144,477,6034903.00,8568,53.07,7.70,-1.99
10-August-2022,372.00,374.75,370.33,371.07,372.972109396154887625,3693,210,1377386.00,2934,79.45,4.42,-0.93
8-August-2022,375.00,375.00,368.07,372.02,372.358790675084992714,8236,606,3066747.00,5809,70.53,6.93,-2.98
5-August-2022,370.00,373.50,367.00,372.74,371.003021148036253776,1986,223,736812.00,1361,68.53,6.50,2.74
4-August-2022,366.15,368.91,363.05,366.87,366.162720619888075764,2323,239,850596.00,1706,73.44,5.86,0.72
3-August-2022,365.00,367.00,360.35,363.62,364.500587774294670846,10208,524,3720822.00,7918,77.57,6.65,-1.38
2-August-2022,364.20,365.00,359.00,364.75,362.103165085940622842,27519,557,9964717.00,24574,89.30,6.00,0.55
1-August-2022,365.00,369.50,361.80,364.05,365.018059558117195004,5205,601,1899919.00,4699,90.28,7.70,-0.95
29-July-2022,358.95,369.90,358.19,360.26,363.221752560559258657,6151,298,2234177.00,2638,42.89,11.71,1.31
28-July-2022,360.00,362.97,357.50,358.85,360.058633890791859762,4963,296,1786971.00,2939,59.22,5.47,-1.15
27-July-2022,355.95,360.72,350.50,358.39,356.424781459646269566,9838,455,3506507.00,5875,59.72,10.22,2.44
26-July-2022,359.00,360.73,353.10,354.96,357.252436974789915966,2975,333,1062826.00,1889,63.50,7.63,-4.04
25-July-2022,360.00,360.26,356.49,358.52,359.462818003913894324,2044,162,734742.00,1390,68.00,3.77,-1.48
22-July-2022,355.80,361.00,353.44,359.77,357.417907180385288966,4568,360,1632685.00,2700,59.11,7.56,3.97
21-July-2022,364.40,364.40,352.08,353.48,357.223407977606717984,5716,487,2041889.00,4289,75.03,12.32,-10.92
20-July-2022,364.30,364.30,355.26,362.02,358.818342933097031457,2257,101,809853.00,2113,93.62,9.04,-2.28
19-July-2022,352.73,361.24,350.20,359.52,355.009135004042037186,12370,568,4391463.00,5966,48.23,11.04,6.79
18-July-2022,354.90,354.90,349.89,352.73,352.384017758046614872,1802,198,634996.00,1101,61.10,5.01,-2.17
15-July-2022,360.00,360.98,351.50,352.63,356.274538964901844140,3362,242,1197795.00,2517,74.87,9.48,-7.37
14-July-2022,353.00,363.96,350.00,359.50,355.692285382830626450,6896,373,2452854.00,4159,60.31,13.96,6.50
13-July-2022,353.00,353.00,346.25,350.51,350.182242990654205607,3638,290,1273963.00,3157,86.78,6.75,-2.49
12-July-2022,351.00,353.54,349.18,350.58,351.718769043266301035,6564,225,2308682.00,4833,73.63,4.36,-0.42
11-July-2022,352.80,352.80,348.26,350.59,350.078752642706131078,5676,312,1987047.00,4125,72.67,4.54,-2.21
8-July-2022,352.93,352.93,348.00,349.87,350.206497552291944815,6741,222,2360742.00,5416,80.34,4.93,-3.06
7-July-2022,356.80,356.80,348.82,349.93,349.919354838709677419,2294,119,802715.00,2116,92.24,7.98,-6.87
6-July-2022,353.90,353.90,348.73,349.92,350.211461318051575931,1745,156,611119.00,1276,73.12,5.17,-3.98
5-July-2022,349.70,350.99,345.00,349.44,347.562662261033750295,8474,365,2945246.00,6258,73.85,5.99,-0.26
4-July-2022,344.90,349.88,340.00,346.51,346.316868592730661696,7511,455,2601186.00,4787,63.73,9.88,1.61
1-July-2022,350.25,353.81,341.07,344.52,348.105633802816901408,20732,625,7216926.00,17820,85.95,12.74,-5.73
30-June-2022,350.00,352.23,347.99,350.01,350.176578225068618481,6558,327,2296458.00,5536,84.42,4.24,0.01
29-June-2022,351.00,356.00,347.00,348.14,351.579124579124579124,3861,316,1357447.00,2592,67.13,9.00,-2.86
28-June-2022,353.00,358.48,351.00,352.59,354.069585572165771133,18797,570,6655446.00,16214,86.26,7.48,-0.41
27-June-2022,356.90,359.80,351.00,352.68,355.624411328301399909,15501,404,5512534.00,10462,67.49,8.80,-4.22
24-June-2022,353.90,360.00,348.30,352.23,355.288556367964631865,5881,143,2089452.00,4561,77.55,11.70,-1.67
23-June-2022,354.80,354.80,349.00,350.05,350.248816185966422729,2323,132,813628.00,2123,91.39,5.80,-4.75
22-June-2022,355.00,355.00,348.26,351.30,351.162105263157894736,950,103,333604.00,736,77.47,6.74,-3.70
21-June-2022,348.00,355.24,344.15,351.43,349.981927710843373493,7304,303,2556268.00,4140,56.68,11.09,3.43
20-June-2022,349.00,349.00,344.23,345.22,345.745071609098567818,5935,623,2051997.00,4410,74.30,4.77,-3.78
17-June-2022,353.20,358.19,346.47,350.46,352.828698935805012015,8739,456,3083370.00,5063,57.94,11.72,-2.74
16-June-2022,356.45,356.45,349.85,353.19,352.332487616286093995,8277,294,2916256.00,6676,80.66,6.60,-3.26
15-June-2022,356.25,356.25,351.05,354.01,354.007083825265643447,2541,146,899532.00,1483,58.36,5.20,-2.24
14-June-2022,356.78,357.25,353.25,354.52,356.130587081406753537,7137,872,2541704.00,5137,71.98,4.00,-2.26
13-June-2022,356.50,358.50,346.25,353.44,352.785362420830401125,9947,492,3509156.00,5547,55.77,12.25,-3.06
10-June-2022,357.97,358.90,355.00,356.56,357.120106331561140647,4138,257,1477763.00,2880,69.60,3.90,-1.41
9-June-2022,354.90,358.80,354.00,355.02,356.232323232323232323,8712,336,3103496.00,6101,70.03,4.80,0.12
8-June-2022,356.05,357.03,352.60,354.90,354.979118121527155404,11158,202,3960857.00,10564,94.68,4.43,-1.15
7-June-2022,356.00,356.06,340.85,354.39,352.759197324414715719,3289,234,1160225.00,2527,76.83,15.21,-1.61
6-June-2022,351.40,355.36,348.70,354.31,352.129836904381196034,12508,415,4404440.00,10840,86.66,6.66,2.91
3-June-2022,353.00,353.00,348.50,349.54,350.401756770887796716,9563,243,3350892.00,6799,71.10,4.50,-3.46
2-June-2022,350.00,350.51,347.87,349.11,350.021504024144869215,7952,256,2783371.00,6406,80.56,2.64,-0.89
1-June-2022,347.50,351.00,346.50,348.97,349.084245685655965856,10778,373,3762430.00,9282,86.12,4.50,1.47
31-May-2022,349.80,349.80,342.68,344.47,347.340287005049162901,7526,332,2614083.00,5730,76.14,7.12,-5.33
30-May-2022,351.50,351.50,343.25,348.56,348.313626984838970126,11147,307,3882652.00,9003,80.77,8.25,-2.94
27-May-2022,346.24,349.00,345.00,348.12,347.401988636363636363,10560,200,3668565.00,8956,84.81,4.00,1.88
26-May-2022,348.99,348.99,341.35,345.04,343.614337024842861418,6682,348,2296031.00,4574,68.45,7.64,-3.95
25-May-2022,350.95,350.95,345.10,345.45,346.032858340318524727,5965,211,2064086.00,4196,70.34,5.85,-5.50
24-May-2022,350.80,353.16,346.51,349.13,348.934996717005909389,1523,181,531428.00,496,32.57,6.65,-1.67
23-May-2022,356.00,356.50,343.25,345.77,348.671792152704135737,7544,634,2630380.00,4639,61.49,13.25,-10.23
20-May-2022,349.00,356.50,341.43,348.74,346.585458893190617171,17564,995,6087427.00,11521,65.59,15.07,-0.26
19-May-2022,344.00,346.23,341.13,342.96,343.785346815682100408,5637,930,1937918.00,4357,77.29,5.10,-1.04
18-May-2022,345.00,345.00,330.65,344.96,343.205864197530864197,6480,305,2223974.00,5394,83.24,14.35,-0.04
17-May-2022,341.00,347.00,340.00,344.83,342.662565905096660808,3414,224,1169850.00,2588,75.81,7.00,3.83
16-May-2022,346.00,349.67,337.61,340.02,345.479024432135342865,23289,913,8045861.00,18699,80.29,12.06,-5.98
13-May-2022,349.40,349.40,342.61,344.97,344.887030112182641212,5081,842,1752371.00,3368,66.29,6.79,-4.43
12-May-2022,349.90,349.90,343.05,345.00,344.700019619383951343,5097,452,1756936.00,3999,78.46,6.85,-4.90
11-May-2022,345.30,351.00,345.30,346.30,347.723048770785265335,12569,1256,4370531.00,11240,89.43,5.70,1.00
10-May-2022,351.90,351.90,343.30,349.94,349.013095768374164810,11225,507,3917672.00,10158,90.49,8.60,-1.96
9-May-2022,349.72,352.96,346.63,350.00,349.008763897972531066,7645,788,2668172.00,5528,72.31,6.33,0.28
6-May-2022,354.90,354.90,347.40,349.59,349.889601811662577844,5299,183,1854065.00,5037,95.06,7.50,-5.31
5-May-2022,350.00,355.00,347.35,353.62,351.994460500963391136,4152,818,1461481.00,3345,80.56,7.65,3.62
4-May-2022,351.73,354.00,344.21,350.21,349.455748489252658150,13073,355,4568435.00,10787,82.51,9.79,-1.52
2-May-2022,348.52,355.00,345.00,350.00,349.402652771198484130,4222,266,1475178.00,3225,76.39,10.00,1.48
29-April-2022,351.00,351.00,345.85,348.79,346.257082152974504249,7060,160,2444575.00,6191,87.69,5.15,-2.21
28-April-2022,353.80,354.00,346.64,347.95,350.509044435705859221,5086,336,1782689.00,2927,57.55,7.36,-5.85
27-April-2022,350.00,350.26,347.78,349.82,349.415322580645161290,496,83,173310.00,336,67.74,2.48,-0.18
26-April-2022,350.10,351.77,347.10,349.30,349.590283091048201989,2614,288,913829.00,1837,70.28,4.67,-0.80
25-April-2022,350.00,353.50,347.25,349.62,349.850007743534148985,12914,1415,4517963.00,11561,89.52,6.25,-0.38
22-April-2022,348.40,350.00,345.85,349.28,349.999197082821544193,11455727,353,4009495252.00,11452823,99.97,4.15,0.88
21-April-2022,347.61,348.68,345.60,347.23,346.822026620867325032,4658,257,1615497.00,3475,74.60,3.08,-0.38
20-April-2022,345.80,349.80,345.80,348.14,347.619813562420032900,5471,305,1901828.00,4533,82.86,4.00,2.34
19-April-2022,347.37,349.24,346.21,348.88,347.269486404833836858,1655,151,574731.00,711,42.96,3.03,1.51
18-April-2022,351.50,351.50,345.85,346.75,347.660384132112726619,5571,494,1936816.00,4072,73.09,5.65,-4.75
13-April-2022,349.18,350.63,347.75,348.99,348.840866290018832391,1062,88,370469.00,1035,97.46,2.88,-0.19
12-April-2022,350.00,350.08,346.71,348.61,348.202570172472100101,5914,309,2059270.00,3489,59.00,3.37,-1.39
11-April-2022,349.00,350.90,346.84,348.23,348.746776689014956162,3878,271,1352440.00,3334,85.97,4.06,-0.77
8-April-2022,345.02,348.80,345.02,346.96,346.455100794135613927,3274,214,1134294.00,1953,59.65,3.78,1.94
7-April-2022,352.90,352.90,345.85,346.59,347.662756598240469208,4433,338,1541189.00,4078,91.99,7.05,-6.31
6-April-2022,350.24,352.95,348.00,350.32,349.721052631578947368,3040,231,1063152.00,2390,78.62,4.95,0.08
5-April-2022,351.80,355.00,346.00,348.92,350.683731119566470656,8673,288,3041480.00,7738,89.22,9.00,-2.88
4-April-2022,351.00,359.29,348.25,349.40,353.381907701352145796,13608,737,4808821.00,9101,66.88,11.04,-1.60
1-April-2022,346.00,349.61,343.30,347.81,346.666162227602905569,3304,122,1145385.00,2369,71.70,6.31,1.81
31-March-2022,349.00,349.00,345.00,346.51,346.523162274618585298,7210,1016,2498432.00,6554,90.90,4.00,-2.49
30-March-2022,348.40,348.40,340.29,344.29,343.499176276771004942,1821,138,625512.00,1359,74.63,8.11,-4.11
29-March-2022,357.00,357.00,339.39,341.63,343.841879117731309080,6982,512,2400704.00,6153,88.13,17.61,-15.37
28-March-2022,349.80,350.13,342.00,347.92,346.846748371425416804,9057,882,3141391.00,7423,81.96,8.13,-1.88
25-March-2022,348.00,349.05,345.33,346.51,347.544740973312401883,7644,451,2656632.00,6447,84.34,3.72,-1.49
24-March-2022,349.40,349.56,343.30,348.81,345.447968285431119920,3027,185,1045671.00,2172,71.75,6.26,-0.59
23-March-2022,350.54,352.00,346.25,349.00,348.599617773530817009,2093,185,729619.00,1123,53.66,5.75,-1.54
22-March-2022,341.50,350.00,340.00,348.81,345.577801071511763335,8586,515,2967131.00,4694,54.67,10.00,7.31
21-March-2022,342.30,344.38,340.00,340.92,341.429100413853191025,13773,1019,4702503.00,12773,92.74,4.38,-1.38
17-March-2022,346.60,352.00,333.66,342.01,345.820459829501420821,11613,511,4016013.00,8824,75.98,18.34,-4.59
16-March-2022,349.90,349.99,344.06,349.83,345.729406279142057817,6434,240,2224423.00,4501,69.96,5.93,-0.07
15-March-2022,347.81,354.48,341.20,345.18,345.174143215380328782,10767,586,3716490.00,8327,77.34,13.28,-2.63
14-March-2022,356.40,356.40,344.01,348.27,349.713422270623468554,18365,496,6422487.00,16484,89.76,12.39,-8.13
11-March-2022,353.26,354.18,349.50,350.01,350.064800341054426602,7037,223,2463406.00,6093,86.59,4.68,-3.25
10-March-2022,355.40,355.40,350.30,352.67,352.552524429967426710,2456,172,865869.00,1295,52.73,5.10,-2.73
9-March-2022,360.00,360.00,351.00,352.43,352.875211744776962168,1771,113,624942.00,1456,82.21,9.00,-7.57
8-March-2022,352.01,355.51,352.00,354.86,353.897968936678614097,4185,232,1481063.00,3381,80.79,3.51,2.85
7-March-2022,355.00,355.75,350.00,352.72,352.947095659684733318,4631,374,1634498.00,3656,78.95,5.75,-2.28
4-March-2022,358.00,358.00,351.30,353.91,354.883228314787505027,7459,413,2647074.00,5388,72.23,6.70,-4.09
3-March-2022,355.27,358.80,350.80,354.92,353.912147833989700090,3301,207,1168264.00,2980,90.28,8.00,-0.35
2-March-2022,356.01,360.09,352.09,354.41,355.935640362225097024,6184,295,2201106.00,3904,63.13,8.00,-1.60
28-February-2022,352.00,360.27,352.00,357.08,355.810105628251615954,12686,444,4513807.00,11417,90.00,8.27,5.08
25-February-2022,360.00,360.00,348.65,355.50,353.719806064114624791,13819,489,4888054.00,10600,76.71,11.35,-4.50
24-February-2022,353.80,353.80,336.65,349.59,345.740885780885780885,10725,728,3708071.00,8466,78.94,17.15,-4.21
23-February-2022,354.50,357.99,348.25,350.54,351.236825790452572845,3226,259,1133090.00,2951,91.48,9.74,-3.96
22-February-2022,344.00,356.08,341.00,354.61,350.264886669227814060,5206,355,1823479.00,2967,56.99,15.08,10.61
21-February-2022,352.10,357.69,346.60,351.46,353.859389038634321653,4452,321,1575382.00,3668,82.39,11.09,-0.64
18-February-2022,360.30,360.80,355.00,355.60,357.901561760530052058,2113,131,756246.00,1429,67.63,5.80,-4.70
17-February-2022,362.07,362.07,358.20,359.75,359.639588100686498855,2622,80,942975.00,2261,86.23,3.87,-2.32
16-February-2022,360.28,360.28,357.00,357.77,357.890673806336456938,4482,813,1604066.00,4236,94.51,3.28,-2.51
15-February-2022,357.65,365.00,357.00,359.29,359.464876033057851239,968,113,347962.00,745,76.96,8.00,1.64
14-February-2022,360.00,362.88,355.00,357.94,358.980743394536497984,4466,166,1603208.00,3295,73.78,7.88,-2.06
11-February-2022,359.00,363.30,353.02,361.04,358.544029506685108344,2169,385,777682.00,1972,90.92,10.28,2.04
10-February-2022,353.30,360.99,353.30,357.14,358.252998051936446660,55953,180,20045330.00,1707,3.05,7.69,3.84
9-February-2022,347.50,359.00,341.20,357.91,348.490225738887595997,8594,372,2994925.00,4897,56.98,17.80,10.41
8-February-2022,349.29,354.54,346.85,353.25,352.553223712678494158,4622,284,1629501.00,4063,87.91,7.69,3.96
7-February-2022,348.99,350.79,343.80,349.52,348.095154541773518693,7409,560,2579037.00,6495,87.66,6.99,0.53
4-February-2022,345.10,348.34,342.76,344.59,345.891334569045412418,4316,460,1492867.00,2898,67.15,5.58,-0.51
3-February-2022,347.00,347.00,343.96,345.40,345.721824686940966010,1118,81,386517.00,723,64.67,3.04,-1.60
2-February-2022,345.00,347.29,342.00,344.55,345.257449344457687723,1678,108,579342.00,1452,86.53,5.29,-0.45
1-February-2022,347.19,351.99,339.04,344.25,346.082736418511066398,12425,689,4300078.00,7412,59.65,12.95,-2.94
31-January-2022,349.98,349.98,340.20,343.45,345.643342190729258931,3387,261,1170694.00,2516,74.28,9.78,-6.53
28-January-2022,347.07,350.28,340.66,344.53,344.096579092365461604,313981,404,108039788.00,311830,99.31,9.62,-2.54
27-January-2022,340.00,349.29,332.05,347.53,340.677793737431772479,17405,661,5929497.00,11390,65.44,17.24,7.53
25-January-2022,346.52,352.00,342.13,344.84,347.337650736936132201,8956,452,3110756.00,4641,51.82,9.87,-1.68
24-January-2022,353.88,358.00,334.00,349.15,345.683325575983244123,17188,363,5941605.00,7808,45.43,24.00,-4.73
21-January-2022,337.69,350.00,337.69,349.38,345.140497473766031869,10292,379,3552186.00,7052,68.52,12.31,11.69
20-January-2022,343.50,343.98,334.00,341.18,339.284444444444444444,4500,317,1526780.00,2433,54.07,9.98,-2.32
19-January-2022,345.00,348.90,341.50,343.75,344.063492063492063492,7686,299,2644472.00,5675,73.84,7.40,-1.25
18-January-2022,350.95,351.00,345.15,346.74,349.048278817311812598,7001,191,2443687.00,4780,68.28,5.85,-4.21
17-January-2022,344.00,353.80,336.30,346.05,344.266844803928648804,27694,769,9534126.00,21704,78.37,17.50,2.05
14-January-2022,344.00,344.00,335.71,342.00,339.324636485510982778,9697,283,3290431.00,4931,50.85,8.29,-2.00
13-January-2022,334.00,344.00,330.00,342.26,337.440582912010876492,23537,721,7942339.00,14487,61.55,14.00,8.26
12-January-2022,330.15,333.90,325.87,333.09,330.834829972030030914,20379,572,6742083.00,14674,72.01,8.03,2.94
11-January-2022,319.00,329.99,319.00,329.23,328.228108655306225746,11854,524,3890816.00,9582,80.83,10.99,10.23
10-January-2022,328.00,328.00,311.49,324.46,320.002532648887772308,54714651,2291,17508826893.00,54508156,99.62,16.51,-3.54
7-January-2022,329.39,329.39,326.15,328.90,327.823703703703703703,675,48,221281.00,464,68.74,3.24,-0.49
6-January-2022,329.80,331.80,325.00,327.98,326.704479768786127167,9688,329,3165113.00,8027,82.86,6.80,-1.82
5-January-2022,331.30,332.50,328.11,330.20,330.212809917355371900,1452,84,479469.00,760,52.34,4.39,-1.10
4-January-2022,332.30,332.30,324.50,328.27,329.185108938068279293,5829,212,1918820.00,4635,79.52,7.80,-4.03
3-January-2022,334.80,334.80,325.51,328.74,329.309621931553485038,5581,248,1837877.00,4598,82.39,9.29,-6.06
31-December-2021,330.00,331.30,323.25,327.44,327.709944751381215469,3258,239,1067679.00,2126,65.25,8.05,-2.56
30-December-2021,334.90,334.90,322.00,327.62,327.992965367965367965,1848,156,606131.00,1138,61.58,12.90,-7.28
29-December-2021,329.00,333.00,329.00,331.78,330.924080664294187425,5058,125,1673814.00,4216,83.35,4.00,2.78
28-December-2021,332.23,334.17,321.30,330.01,329.091197286936007077,13564,356,4463793.00,9980,73.58,12.87,-2.22
27-December-2021,330.44,333.60,319.00,333.39,331.612251824198201255,11786,223,3908382.00,9452,80.20,14.60,2.95
24-December-2021,333.00,333.00,326.50,329.95,328.603725656223539373,1181,64,388081.00,1068,90.43,6.50,-3.05
23-December-2021,328.88,328.88,322.51,325.00,325.177696758341919632,12617,260,4102767.00,12223,96.88,6.37,-3.88
22-December-2021,320.30,328.50,317.50,327.14,323.901769436997319034,9325,286,3020384.00,6868,73.65,11.00,6.84
21-December-2021,321.54,322.00,317.11,320.21,320.782865296063298527,30838,403,9892302.00,24372,79.03,4.89,-1.33
20-December-2021,333.80,333.80,316.65,318.41,320.072299721004384216,12545,354,4015307.00,8537,68.05,17.15,-15.39
17-December-2021,325.42,328.00,322.00,325.31,324.745674224343675417,6704,234,2177095.00,5066,75.57,6.00,-0.11
16-December-2021,331.00,331.00,327.00,327.00,328.069195751138088012,3295,112,1080988.00,2155,65.40,4.00,-4.00
15-December-2021,327.29,331.90,323.85,329.81,329.950144028362508309,9026,132,2978130.00,8437,93.47,8.05,2.52
14-December-2021,332.50,332.50,323.43,324.38,325.963644838033092519,4291,275,1398710.00,3045,70.96,9.07,-8.12
13-December-2021,323.40,330.49,322.79,329.99,328.779665481364414592,7593,150,2496424.00,6608,87.03,7.70,6.59
10-December-2021,325.26,326.90,322.20,322.70,324.320825515947467166,3731,108,1210041.00,2706,72.53,4.70,-2.56
9-December-2021,330.00,330.00,323.25,324.34,325.022002200220022002,1818,167,590890.00,1180,64.91,6.75,-5.66
8-December-2021,327.90,330.00,320.15,328.70,326.420267489711934156,5832,246,1903683.00,3858,66.15,9.85,0.80
7-December-2021,322.00,327.90,316.72,324.71,321.255185010605703511,16972,742,5452343.00,8892,52.39,11.18,2.71
6-December-2021,329.99,329.99,319.00,321.42,320.930567315834038950,5905,329,1895095.00,3863,65.42,10.99,-8.57
3-December-2021,321.80,329.80,319.29,327.11,322.755002790401020489,12543,400,4048316.00,8719,69.51,10.51,5.31
2-December-2021,322.00,322.00,317.55,319.27,319.921298174442190669,2465,162,788606.00,1784,72.37,4.45,-2.73
1-December-2021,319.99,323.25,315.40,318.81,319.431275090804817434,5231,384,1670945.00,4497,85.97,7.85,-1.18
30-November-2021,330.00,330.00,315.40,317.77,322.383935032564123180,12437,516,4009489.00,8934,71.83,14.60,-12.23
29-November-2021,334.00,334.00,315.40,325.92,324.778101755429931567,16805,420,5457896.00,14068,83.71,18.60,-8.08
26-November-2021,325.00,333.00,325.00,331.68,329.359487776484284051,4295,218,1414599.00,2070,48.20,8.00,6.68
25-November-2021,329.50,329.50,305.60,325.73,319.211099278191929949,16902,147,5395306.00,14048,83.11,23.90,-3.77
24-November-2021,329.00,330.53,326.51,327.17,328.539430310202011664,11831,600,3886950.00,10571,89.35,4.02,-1.83
23-November-2021,325.00,332.53,322.50,327.17,328.386916775495666627,8423,265,2766003.00,5543,65.81,10.03,2.17
22-November-2021,327.00,335.00,321.22,324.96,327.395243626581891544,16357,431,5355204.00,10237,62.58,13.78,-2.04
18-November-2021,327.00,329.94,325.55,326.74,327.830361225422953818,2187,192,716965.00,1454,66.48,4.39,-0.26
17-November-2021,328.00,330.00,326.10,326.34,327.642563399588759424,2918,106,956061.00,2437,83.52,3.90,-1.66
16-November-2021,331.00,331.00,328.11,329.14,329.680256821829855537,3115,106,1026954.00,2191,70.34,2.89,-1.86
15-November-2021,332.80,333.57,327.00,328.71,330.370159761711345789,3693,234,1220057.00,2631,71.24,6.57,-4.09
12-November-2021,324.00,329.00,321.87,326.21,325.035718222908168889,9071,329,2948399.00,6082,67.05,7.13,2.21
11-November-2021,329.00,330.20,320.10,324.20,324.739201877934272300,4260,169,1383389.00,3108,72.96,10.10,-4.80
10-November-2021,329.00,331.00,316.50,329.14,325.108602223889760556,14659,528,4765767.00,10555,72.00,14.50,0.14
9-November-2021,323.18,324.00,318.82,323.89,320.837188545927854220,13445,295,4313656.00,7027,52.26,5.18,0.71
8-November-2021,326.15,329.99,318.00,319.92,320.629880175944183224,32965,612,10569564.00,27857,84.50,11.99,-6.23
4-November-2021,325.00,326.62,320.50,324.88,324.770953436807095343,4510,142,1464717.00,3717,82.42,6.12,-0.12
3-November-2021,324.19,327.24,318.10,320.41,321.073821825583215907,12774,207,4101397.00,10846,84.91,9.14,-3.78
2-November-2021,324.42,326.69,321.00,324.19,323.589830508474576271,8260,309,2672852.00,4968,60.15,5.69,-0.23
1-November-2021,326.20,330.18,322.60,324.73,326.727810650887573964,7943,221,2595199.00,6590,82.97,7.58,-1.47
29-October-2021,334.00,334.00,318.53,328.77,328.967232639946818823,36103,392,11876704.00,29070,80.52,15.47,-5.23
28-October-2021,329.80,332.19,322.80,330.56,328.985612766923332111,57273,407,18841993.00,55133,96.26,9.39,0.76
27-October-2021,324.00,328.79,323.01,327.31,325.967399431733213698,6687,123,2179744.00,5553,83.04,5.78,3.31
26-October-2021,320.00,325.99,317.34,322.27,321.249960019190788421,6253,166,2008776.00,4716,75.42,8.65,2.27
25-October-2021,325.00,328.00,316.00,317.88,321.734086538461538461,20800,349,6692069.00,14324,68.87,12.00,-7.12
22-October-2021,325.00,328.74,318.00,321.31,324.955888672939878512,311802,157,101321896.00,310218,99.49,10.74,-3.69
21-October-2021,333.95,342.00,295.00,320.14,326.503685614796725907,44226,634,14439952.00,20443,46.22,47.00,-13.81
20-October-2021,328.00,331.94,326.49,330.37,329.420787438481368643,8534,158,2811277.00,6123,71.75,5.45,2.37
19-October-2021,334.80,334.80,328.00,328.87,330.352853965900667160,4047,113,1336938.00,3064,75.71,6.80,-5.93
18-October-2021,329.80,333.11,325.00,330.71,330.844692737430167597,11635,388,3849378.00,7832,67.31,8.11,0.91
14-October-2021,323.77,326.70,319.08,322.65,324.039688093571928421,20006,348,6482738.00,15132,75.64,7.62,-1.12
13-October-2021,324.00,324.00,307.10,319.72,318.332893869479235332,15170,295,4829110.00,11437,75.39,16.90,-4.28
12-October-2021,311.00,315.00,304.20,311.42,310.245524088541666666,12288,612,3812297.00,6013,48.93,10.80,0.42
11-October-2021,300.10,311.38,300.10,309.02,307.135554541305340027,6573,306,2018802.00,4773,72.62,11.28,8.92
8-October-2021,307.78,308.34,305.00,306.30,306.526398327234709879,5739,254,1759155.00,3928,68.44,3.34,-1.48
7-October-2021,310.00,315.16,303.35,307.78,309.701331114808652246,12020,1105,3722610.00,9667,80.42,11.81,-2.22
6-October-2021,313.00,313.00,308.00,310.01,310.466968011126564673,5752,206,1785806.00,4408,76.63,5.00,-2.99
5-October-2021,310.90,313.34,309.05,310.30,310.656940001560427557,12817,1361,3981690.00,6937,54.12,4.29,-0.60
4-October-2021,313.00,313.00,304.38,310.95,309.864493698392003476,11505,409,3564991.00,7394,64.27,8.62,-2.05
1-October-2021,310.00,312.98,304.05,308.66,308.581621004566210045,3504,167,1081270.00,1919,54.77,8.93,-1.34
30-September-2021,300.00,307.33,297.13,306.73,303.692116917626217891,5645,218,1714342.00,3815,67.58,10.20,6.73
29-September-2021,294.00,302.21,294.00,297.86,298.184436903164706810,12671,492,3778295.00,6914,54.57,8.21,3.86
28-September-2021,297.00,301.15,294.00,296.94,297.619693285954740976,21388,420,6365490.00,13959,65.27,7.15,-0.06
27-September-2021,299.00,301.17,296.00,296.82,296.768151815181518151,4848,204,1438732.00,4499,92.80,5.17,-2.18
24-September-2021,295.01,298.96,295.01,295.82,296.755052423643823127,6581,79,1952945.00,5205,79.09,3.95,0.81
23-September-2021,299.49,299.80,296.00,297.94,297.830188679245283018,5883,220,1752135.00,4357,74.06,3.80,-1.55
22-September-2021,296.00,299.17,296.00,297.65,297.409932514275826267,5779,175,1718732.00,4063,70.31,3.17,1.65
21-September-2021,298.00,298.00,292.65,295.55,294.806755260243632336,5418,203,1597263.00,4051,74.77,5.35,-2.45
20-September-2021,298.49,298.50,292.61,295.75,295.664660992075139418,6814,178,2014659.00,5400,79.25,5.89,-2.74
17-September-2021,299.00,299.00,293.00,296.96,295.898449068661834619,12831,242,3796673.00,7946,61.93,6.00,-2.04
16-September-2021,293.25,299.25,293.25,297.96,296.415549715286903197,22830,393,6767167.00,12343,54.06,6.00,4.71
15-September-2021,296.10,298.65,290.00,295.41,296.169774230058974206,16787,419,4971802.00,8891,52.96,8.65,-0.69
14-September-2021,300.00,300.20,296.50,297.28,298.757375189107413010,15864,328,4739487.00,11456,72.21,3.70,-2.72
13-September-2021,299.80,299.80,295.98,298.83,298.107185628742514970,5010,173,1493517.00,3797,75.79,3.82,-0.97
9-September-2021,298.40,299.98,292.26,296.78,297.056271217969585639,21503,357,6387601.00,13031,60.60,7.72,-1.62
8-September-2021,299.99,299.99,290.93,294.11,294.562365455236165632,23691,431,6978477.00,17900,75.56,9.06,-5.88
7-September-2021,292.90,297.90,289.67,296.79,294.097421634217845598,13303,206,3912378.00,8516,64.02,8.23,3.89
6-September-2021,291.50,291.50,285.00,290.16,289.376999292285916489,14130,229,4088897.00,10034,71.01,6.50,-1.34
3-September-2021,292.77,292.95,287.10,290.41,289.505163897620116748,8908,159,2578912.00,7908,88.77,5.85,-2.36
2-September-2021,290.00,293.66,288.60,290.01,290.961674677460156842,7906,106,2300343.00,4353,55.06,5.06,0.01
1-September-2021,292.89,292.89,288.01,289.00,289.500353467912968344,12731,155,3685629.00,11176,87.79,4.88,-3.89
31-August-2021,290.00,292.23,287.65,291.51,290.528483184625943719,4371,106,1269900.00,3371,77.12,4.58,1.51
30-August-2021,291.90,291.90,289.11,290.00,290.282362459546925566,6180,100,1793945.00,5240,84.79,2.79,-1.90
27-August-2021,291.69,292.90,288.96,290.46,290.601231802911534154,8930,153,2595069.00,5361,60.03,3.94,-1.23
26-August-2021,298.90,298.90,285.00,289.38,291.185290729400351664,16493,176,4802519.00,13702,83.08,13.90,-9.52
25-August-2021,296.90,298.27,290.50,295.99,294.997936016511867905,31008,219,9147296.00,27747,89.48,7.77,-0.91
24-August-2021,290.82,298.00,286.91,294.27,292.078344671201814058,8820,117,2576131.00,5195,58.90,11.09,3.45
23-August-2021,288.50,290.81,287.14,290.09,289.332004319295622560,24078,246,6966536.00,18743,77.84,3.67,1.59
20-August-2021,289.10,290.80,287.89,288.84,289.361871820956256358,24575,287,7111068.00,18872,76.79,2.91,-0.26
18-August-2021,293.25,294.06,291.10,293.19,292.685894141829393627,7784,161,2278267.00,4935,63.40,2.96,-0.06
17-August-2021,295.00,295.00,286.50,293.06,292.358051846032992930,6365,128,1860859.00,4709,73.98,8.50,-1.94
16-August-2021,300.00,300.00,292.75,295.99,294.738706423046743638,8921,102,2629364.00,5880,65.91,7.25,-4.01
13-August-2021,291.16,294.79,291.16,294.04,293.351487456868413690,10723,134,3145608.00,8790,81.97,3.63,2.88
12-August-2021,289.00,294.70,286.72,291.16,290.243845879414912593,11212,163,3254214.00,8990,80.18,7.98,2.16
11-August-2021,287.30,288.70,285.50,286.72,286.793079317584035134,41441,526,11884992.00,40914,98.73,3.20,-0.58
10-August-2021,285.55,289.00,285.55,286.65,287.791435406698564593,41800,149,12029682.00,40200,96.17,3.45,1.10
9-August-2021,288.70,289.35,286.60,287.98,287.848020833333333333,19200,57,5526682.00,18000,93.75,2.75,-0.72
6-August-2021,287.00,288.60,285.06,286.83,287.364444444444444444,9000,40,2586280.00,8000,88.89,3.54,-0.17
5-August-2021,287.00,288.65,285.00,285.42,285.948250000000000000,16000,51,4575172.00,13600,85.00,3.65,-1.58
4-August-2021,291.70,296.98,286.00,287.00,289.953846153846153846,20800,87,6031040.00,14000,67.31,10.98,-4.70
3-August-2021,288.00,297.30,288.00,293.54,289.927250000000000000,72000,216,20874762.00,62400,86.67,9.30,5.54
2-August-2021,284.88,289.80,284.00,287.87,286.722558139534883720,25800,91,7397442.00,18200,70.54,5.80,2.99
30-July-2021,281.00,283.70,281.00,283.68,282.523783783783783783,7400,34,2090676.00,5400,72.97,2.70,2.68
29-July-2021,285.50,285.50,280.00,280.08,282.239183673469387755,19600,73,5531888.00,13200,67.35,5.50,-5.42
28-July-2021,282.10,284.94,280.00,282.55,281.660697674418604651,8600,34,2422282.00,5800,67.44,4.94,0.45
27-July-2021,282.00,285.00,282.00,283.70,284.013400000000000000,10000,39,2840134.00,9800,98.00,3.00,1.70
26-July-2021,281.36,283.00,281.36,282.29,281.903037974683544303,15800,43,4454068.00,11000,69.62,1.64,0.93
23-July-2021,282.50,283.84,281.74,283.43,282.459619047619047619,21000,51,5931652.00,18600,88.57,2.10,0.93
22-July-2021,285.00,285.25,282.25,282.42,283.255918367346938775,9800,45,2775908.00,7600,77.55,3.00,-2.58
20-July-2021,284.39,285.36,282.23,284.45,284.315757575757575757,13200,47,3752968.00,8600,65.15,3.13,0.06
19-July-2021,280.03,287.00,280.03,284.39,285.099584487534626038,72200,184,20584190.00,56800,78.67,6.97,4.36
16-July-2021,281.00,282.00,279.90,281.76,280.940294117647058823,13600,57,3820788.00,12800,94.12,2.10,0.76
15-July-2021,283.00,284.00,280.60,281.81,281.961500000000000000,20000,73,5639230.00,17400,87.00,3.40,-1.19
14-July-2021,282.35,283.15,281.49,281.90,282.025405405405405405,7400,27,2086988.00,7000,94.59,1.66,-0.45
13-July-2021,282.90,284.50,280.90,281.76,281.878944444444444444,36000,120,10147642.00,27000,75.00,3.60,-1.14
12-July-2021,285.97,286.00,282.10,282.51,283.183783783783783783,14800,63,4191120.00,12400,83.78,3.90,-3.46
9-July-2021,281.85,282.29,281.50,281.61,282.043586956521739130,18400,42,5189602.00,9800,53.26,0.79,-0.24
8-July-2021,281.95,282.90,281.95,282.77,282.452380952380952380,4200,18,1186300.00,3000,71.43,0.95,0.82
7-July-2021,283.15,283.15,281.60,282.89,282.503207547169811320,10600,35,2994534.00,8800,83.02,1.55,-0.26
6-July-2021,281.63,282.90,281.63,282.11,282.112903225806451612,6200,31,1749100.00,5600,90.32,1.27,0.48
5-July-2021,283.15,283.15,281.45,281.98,281.938333333333333333,6000,25,1691630.00,4600,76.67,1.70,-1.17
2-July-2021,283.15,283.30,281.55,282.28,282.544146341463414634,8200,34,2316862.00,8200,100.00,1.75,-0.87
1-July-2021,285.00,285.00,281.70,282.29,282.768923076923076923,26000,71,7351992.00,24200,93.08,3.30,-2.71
30-June-2021,287.70,287.70,280.54,283.00,282.680759493670886075,15800,67,4466356.00,9400,59.49,7.16,-4.70
29-June-2021,284.68,285.50,281.28,282.08,282.527466666666666666,15000,66,4237912.00,12800,85.33,4.22,-2.60
28-June-2021,287.00,289.17,284.00,284.41,286.704090909090909090,8800,37,2522996.00,7200,81.82,5.17,-2.59
25-June-2021,288.64,288.64,286.25,286.53,286.958000000000000000,5000,25,1434790.00,3600,72.00,2.39,-2.11
24-June-2021,288.20,288.67,286.60,287.28,287.697857142857142857,2800,14,805554.00,1800,64.29,2.07,-0.92
23-June-2021,290.00,291.05,287.20,287.55,289.174864864864864864,7400,33,2139894.00,5200,70.27,3.85,-2.45
22-June-2021,293.40,293.40,288.00,288.25,288.810750000000000000,8000,38,2310486.00,6800,85.00,5.40,-5.15
21-June-2021,283.85,288.89,283.00,286.15,285.349285714285714285,5600,26,1597956.00,4600,82.14,5.89,2.30
18-June-2021,291.37,291.98,283.84,284.64,287.028427672955974842,31800,120,9127504.00,22800,71.70,8.14,-6.73
17-June-2021,288.20,293.59,288.00,290.00,291.150588235294117647,6800,30,1979824.00,4600,67.65,5.59,1.80
16-June-2021,293.95,299.69,289.20,289.20,293.974576271186440677,11800,37,3468900.00,11200,94.92,10.49,-4.75
15-June-2021,292.00,301.40,292.00,292.00,296.200149253731343283,13400,57,3969082.00,10600,79.10,9.40,0.00
14-June-2021,295.00,295.30,290.11,292.08,292.852878787878787878,13200,64,3865658.00,8400,63.64,5.19,-2.92
11-June-2021,294.13,296.80,294.13,295.22,295.522222222222222222,16200,73,4787460.00,12400,76.54,2.67,1.09
10-June-2021,287.95,294.92,287.95,294.22,291.678250000000000000,16000,66,4666852.00,13600,85.00,6.97,6.27
9-June-2021,282.70,287.80,281.85,287.34,284.588615384615384615,26000,119,7399304.00,18400,70.77,5.95,4.64
8-June-2021,280.05,289.90,280.05,281.92,283.012926829268292682,24600,97,6962118.00,18200,73.98,9.85,1.87
7-June-2021,279.00,283.00,276.73,282.74,281.527536231884057971,27600,116,7770160.00,22000,79.71,6.27,3.74
4-June-2021,284.75,284.75,276.75,277.45,279.527987012987012987,30800,115,8609462.00,26200,85.06,8.00,-7.30
3-June-2021,280.71,284.00,278.38,281.80,280.493913043478260869,13800,63,3870816.00,9400,68.12,5.62,1.09
2-June-2021,277.99,283.90,277.99,280.46,279.927083333333333333,24000,95,6718250.00,16600,69.17,5.91,2.47
1-June-2021,276.90,278.00,276.65,277.16,277.337328244274809160,52400,180,14532476.00,47400,90.46,1.35,0.26
31-May-2021,278.00,278.00,275.16,275.80,277.001714285714285714,28000,82,7756048.00,21400,76.43,2.84,-2.20
28-May-2021,281.95,281.95,275.50,277.91,277.966313364055299539,43400,156,12063738.00,34000,78.34,6.45,-4.04
27-May-2021,281.15,284.80,279.00,280.14,280.132432432432432432,14800,57,4145960.00,13600,91.89,5.80,-1.01
26-May-2021,280.14,281.00,279.10,279.81,279.740394736842105263,15200,55,4252054.00,13400,88.16,1.90,-0.33
25-May-2021,284.80,284.80,279.80,281.74,281.468811188811188811,57200,95,16100016.00,55200,96.50,5.00,-3.06
24-May-2021,287.10,289.00,281.47,282.60,284.776384180790960451,35400,143,10081084.00,26000,73.45,7.53,-4.50
21-May-2021,289.50,289.50,288.00,289.09,288.259519230769230769,20800,73,5995798.00,20400,98.08,1.50,-0.41
20-May-2021,288.85,290.00,288.05,289.88,289.206666666666666666,6000,28,1735240.00,4000,66.67,1.95,1.03
19-May-2021,290.75,290.75,289.00,290.09,289.806629213483146067,17800,60,5158558.00,16800,94.38,1.75,-0.66
18-May-2021,289.33,292.65,289.15,290.75,290.225625000000000000,6400,26,1857444.00,5800,90.62,3.50,1.42
17-May-2021,291.00,291.00,288.36,288.81,289.058953488372093023,17200,70,4971814.00,16200,94.19,2.64,-2.19
14-May-2021,290.00,290.00,289.67,290.00,289.994444444444444444,12600,20,3653930.00,12200,96.83,0.33,0.00
12-May-2021,290.00,290.50,289.01,289.80,289.990693069306930693,40400,35,11715624.00,40400,100.00,1.49,-0.20
11-May-2021,289.80,290.15,289.03,289.88,289.833148148148148148,10800,34,3130198.00,8800,81.48,1.12,0.08
10-May-2021,288.26,291.50,288.00,290.40,289.238030303030303030,39600,83,11453826.00,35400,89.39,3.50,2.14
7-May-2021,291.50,291.50,287.22,289.74,289.093088235294117647,13600,48,3931666.00,10000,73.53,4.28,-1.76
6-May-2021,290.77,294.20,289.40,289.65,290.005917431192660550,43600,46,12644258.00,41800,95.87,4.80,-1.12
5-May-2021,293.00,296.90,288.40,293.66,292.103443708609271523,30200,104,8821524.00,23000,76.16,8.50,0.66
4-May-2021,299.91,299.91,297.00,297.00,298.191052631578947368,3800,16,1133126.00,3000,78.95,2.91,-2.91
3-May-2021,298.15,299.95,298.10,298.63,298.715882352941176470,6800,29,2031268.00,4800,70.59,1.85,0.48
30-April-2021,296.35,300.00,296.35,298.97,299.305000000000000000,6800,29,2035274.00,4000,58.82,3.65,2.62
29-April-2021,298.51,298.57,296.50,297.02,297.314117647058823529,6800,29,2021736.00,5200,76.47,2.07,-1.49
28-April-2021,299.50,299.75,296.85,298.63,298.476666666666666666,9600,41,2865376.00,6600,68.75,2.90,-0.87
27-April-2021,301.00,301.00,297.35,299.98,298.502380952380952380,4200,19,1253710.00,2800,66.67,3.65,-1.02
26-April-2021,298.00,300.00,296.95,297.50,297.803024162120031176,256600,14,76416256.00,256400,99.92,3.05,-0.50
23-April-2021,297.52,298.45,295.94,298.00,297.367826086956521739,4600,23,1367892.00,3000,65.22,2.51,0.48
22-April-2021,295.60,298.66,293.90,296.14,295.462525252525252525,19800,65,5850158.00,18000,90.91,4.76,0.54
20-April-2021,301.30,301.30,295.45,297.60,298.231694915254237288,11800,46,3519134.00,8600,72.88,5.85,-3.70
19-April-2021,290.00,296.00,290.00,295.27,293.038461538461538461,7800,38,2285700.00,6000,76.92,6.00,5.27
16-April-2021,295.00,297.14,290.06,291.71,293.386575342465753424,14600,61,4283444.00,14000,95.89,7.08,-3.29
15-April-2021,297.00,297.00,291.85,294.24,293.520833333333333333,9600,34,2817800.00,7600,79.17,5.15,-2.76
13-April-2021,298.00,299.98,297.00,297.25,299.151891891891891891,7400,29,2213724.00,6600,89.19,2.98,-0.75
12-April-2021,299.98,299.98,295.00,297.96,297.329387755102040816,9800,42,2913828.00,7200,73.47,4.98,-2.02
9-April-2021,295.82,301.00,295.82,299.93,298.873877551020408163,9800,30,2928964.00,7600,77.55,5.18,4.11
8-April-2021,300.64,300.64,295.00,295.91,296.700681818181818181,8800,33,2610966.00,8400,95.45,5.64,-4.73
7-April-2021,304.40,304.40,299.00,299.41,299.514457831325301204,33200,99,9943880.00,32800,98.80,5.40,-4.99
6-April-2021,301.15,301.15,298.10,298.87,299.208750000000000000,6400,28,1914936.00,5400,84.38,3.05,-2.28
5-April-2021,301.90,305.00,292.70,297.62,297.368910891089108910,20200,80,6006852.00,14000,69.31,12.30,-4.28
1-April-2021,298.27,302.44,298.27,301.50,299.953000000000000000,2000,10,599906.00,1800,90.00,4.17,3.23
31-March-2021,302.15,302.15,292.45,294.69,296.512794117647058823,40800,177,12097722.00,28600,70.10,9.70,-7.46
30-March-2021,303.90,304.10,301.50,302.53,302.433500000000000000,4000,20,1209734.00,2600,65.00,2.60,-1.37
26-March-2021,300.66,304.25,300.36,302.55,302.319455445544554455,40400,50,12213706.00,35400,87.62,3.89,1.89
25-March-2021,305.00,305.00,298.00,299.94,301.485376344086021505,18600,63,5607628.00,14200,76.34,7.00,-5.06
24-March-2021,300.90,305.74,300.90,302.50,304.167500000000000000,9600,45,2920008.00,7000,72.92,4.84,1.60
23-March-2021,302.00,305.25,299.80,303.44,301.402800000000000000,10000,46,3014028.00,7600,76.00,5.45,1.44
22-March-2021,305.00,308.70,300.35,301.55,303.988088235294117647,13600,57,4134238.00,9200,67.65,8.35,-3.45
19-March-2021,303.00,308.00,300.00,306.00,301.792976190476190476,16800,66,5070122.00,13600,80.95,8.00,3.00
18-March-2021,305.00,306.00,304.75,304.83,305.209444444444444444,3600,14,1098754.00,3200,88.89,1.25,-0.17
17-March-2021,305.80,307.75,303.10,303.99,304.228955223880597014,13400,40,4076668.00,11200,83.58,4.65,-1.81
16-March-2021,298.40,305.60,298.40,305.12,302.173114754098360655,12200,54,3686512.00,7200,59.02,7.20,6.72
15-March-2021,301.72,308.00,298.01,299.58,303.113704379562043795,438400,70,132885048.00,431200,98.36,9.99,-2.14
12-March-2021,302.30,308.00,300.01,302.85,303.734246575342465753,14600,70,4434520.00,10000,68.49,7.99,0.55
10-March-2021,304.35,304.35,299.80,301.43,301.422631578947368421,15200,69,4581624.00,10800,71.05,4.55,-2.92
9-March-2021,303.99,307.24,300.01,303.63,302.073452380952380952,16800,78,5074834.00,9400,55.95,7.23,-0.36
8-March-2021,301.25,302.00,298.60,299.91,300.382110874200426439,93800,320,28175842.00,78000,83.16,3.40,-1.34
5-March-2021,304.20,304.40,301.00,301.71,302.269000000000000000,22000,67,6649918.00,21400,97.27,3.40,-2.49
4-March-2021,308.75,308.75,300.60,303.05,303.479350649350649350,15400,70,4673582.00,13000,84.42,8.15,-5.70
3-March-2021,305.39,305.50,304.25,304.57,305.025000000000000000,6800,31,2074170.00,6000,88.24,1.25,-0.82
2-March-2021,304.00,309.70,304.00,305.10,306.390444444444444444,9000,44,2757514.00,7400,82.22,5.70,1.10
1-March-2021,305.30,305.30,301.25,304.60,304.598837209302325581,17200,66,5239100.00,15800,91.86,4.05,-0.70
26-February-2021,306.00,306.26,304.00,304.69,305.164080882352941176,54400,178,16600926.00,36000,66.18,2.26,-1.31
25-February-2021,308.08,310.35,303.12,306.70,305.277105263157894736,22800,92,6960318.00,17800,78.07,7.23,-1.38
24-February-2021,305.30,315.29,305.30,308.08,307.241335807050092764,107800,192,33120616.00,98400,91.28,9.99,2.78
23-February-2021,305.00,307.35,303.41,305.66,305.540000000000000000,9200,46,2810968.00,7600,82.61,3.94,0.66
22-February-2021,319.00,319.00,304.15,305.41,305.402763157894736842,30400,140,9284244.00,23400,76.97,14.85,-13.59
19-February-2021,313.00,314.00,310.42,310.59,312.671250000000000000,14400,58,4502466.00,13600,94.44,3.58,-2.41
18-February-2021,315.00,318.37,312.00,313.89,313.915294117647058823,40800,168,12807744.00,19600,48.04,6.37,-1.11
17-February-2021,319.00,319.00,309.90,310.91,312.737978723404255319,94000,193,29397370.00,89600,95.32,9.10,-8.09
16-February-2021,320.00,320.34,318.05,319.20,319.531142857142857142,14000,67,4473436.00,12400,88.57,2.29,-0.80
15-February-2021,320.15,320.35,319.41,320.05,320.023428571428571428,7000,27,2240164.00,6800,97.14,0.94,-0.10
12-February-2021,325.00,325.00,319.10,319.76,321.491632653061224489,19600,77,6301236.00,17800,90.82,5.90,-5.24
11-February-2021,329.99,330.00,322.56,323.28,325.370267295597484276,127200,149,41387098.00,120400,94.65,7.44,-6.71
10-February-2021,327.23,329.99,327.00,328.71,327.795333333333333333,9000,32,2950158.00,7200,80.00,2.99,1.48
9-February-2021,329.00,329.40,326.16,327.75,328.252142857142857142,5600,24,1838212.00,3600,64.29,3.24,-1.25
8-February-2021,332.99,332.99,329.00,329.88,330.413055555555555555,14400,60,4757948.00,11800,81.94,3.99,-3.11
5-February-2021,330.33,330.33,328.90,330.14,329.968055555555555555,7200,30,2375770.00,6200,86.11,1.43,-0.19
4-February-2021,334.80,334.80,328.77,329.41,329.900909090909090909,6600,33,2177346.00,5400,81.82,6.03,-5.39
3-February-2021,334.10,334.99,328.90,330.33,331.452191780821917808,14600,66,4839202.00,11400,78.08,6.09,-3.77
2-February-2021,331.91,336.71,331.91,334.52,334.983448275862068965,5800,26,1942904.00,5200,89.66,4.80,2.61
1-February-2021,332.86,334.13,332.00,333.79,333.382000000000000000,6000,27,2000292.00,4800,80.00,2.13,0.93
29-January-2021,334.15,335.00,332.25,334.69,333.865384615384615384,7800,35,2604150.00,5800,74.36,2.75,0.54
28-January-2021,331.49,336.15,331.49,334.63,333.953333333333333333,3000,14,1001860.00,1800,60.00,4.66,3.14
27-January-2021,337.00,342.50,331.05,331.31,334.296388888888888888,14400,70,4813868.00,10000,69.44,11.45,-5.69
25-January-2021,336.89,337.95,333.00,334.29,334.720800000000000000,5000,22,1673604.00,4400,88.00,4.95,-2.60
22-January-2021,338.00,338.00,332.65,333.00,333.968518518518518518,5400,25,1803430.00,5000,92.59,5.35,-5.00
21-January-2021,337.00,338.89,335.00,335.02,336.243846153846153846,2600,12,874234.00,2600,100.00,3.89,-1.98
20-January-2021,338.05,339.19,338.00,338.41,338.313333333333333333,2400,8,811952.00,2200,91.67,1.19,0.36
19-January-2021,348.00,348.00,338.25,339.37,340.156296296296296296,5400,25,1836844.00,3800,70.37,9.75,-8.63
18-January-2021,338.10,339.00,337.75,338.30,338.497813918305597579,264400,14,89498822.00,264000,99.85,1.25,0.20
15-January-2021,340.30,340.30,339.11,340.00,339.803333333333333333,600,3,203882.00,400,66.67,1.19,-0.30
14-January-2021,337.38,340.39,337.38,338.75,339.361904761904761904,4200,21,1425320.00,2600,61.90,3.01,1.37
13-January-2021,338.25,340.40,338.25,340.40,339.615000000000000000,1200,6,407538.00,1000,83.33,2.15,2.15
12-January-2021,335.76,341.00,334.25,340.50,339.143103448275862068,5800,24,1967030.00,4800,82.76,6.75,4.74
11-January-2021,340.49,342.79,333.90,339.57,337.453846153846153846,10400,48,3509520.00,6200,59.62,8.89,-0.92
8-January-2021,334.89,340.24,330.20,338.82,337.893305304010349288,309200,67,104476610.00,305600,98.84,10.04,3.93
7-January-2021,336.29,340.20,329.26,331.08,335.197105263157894736,7600,34,2547498.00,4200,55.26,10.94,-5.21
6-January-2021,336.90,339.30,334.76,336.29,337.103677419354838709,31000,54,10450214.00,29200,94.19,4.54,-0.61
5-January-2021,340.15,340.15,336.06,338.91,338.498857142857142857,14000,54,4738984.00,11000,78.57,4.09,-1.24
4-January-2021,333.00,339.07,328.00,339.00,331.836250000000000000,9600,45,3185628.00,7600,79.17,11.07,6.00
1-January-2021,318.00,329.45,317.95,327.53,325.179508196721311475,12200,51,3967190.00,8000,65.57,11.50,9.53
31-December-2020,328.99,331.25,316.75,320.81,323.560670241286863270,74600,322,24137626.00,58600,78.55,14.50,-8.18
30-December-2020,341.00,341.00,327.11,329.01,330.896750000000000000,8000,31,2647174.00,5200,65.00,13.89,-11.99
29-December-2020,330.75,333.09,330.20,331.40,332.182785355348169418,278600,31,92546124.00,277600,99.64,2.89,0.65
28-December-2020,334.50,334.50,329.54,331.85,330.731886792452830188,10600,49,3505758.00,8600,81.13,4.96,-2.65
24-December-2020,329.51,331.00,329.50,331.00,329.907441860465116279,8600,38,2837204.00,8400,97.67,1.50,1.49
23-December-2020,320.35,329.99,320.35,329.06,327.576612903225806451,12400,60,4061950.00,8400,67.74,9.64,8.71
22-December-2020,323.01,326.00,322.00,324.34,323.383571428571428571,30800,135,9960214.00,27400,88.96,4.00,1.33
21-December-2020,321.00,325.60,321.00,324.50,323.206800000000000000,25000,105,8080170.00,13600,54.40,4.60,3.50
18-December-2020,326.98,328.79,318.00,321.96,322.440414201183431952,33800,155,10898486.00,16800,49.70,10.79,-5.02
17-December-2020,327.00,329.40,326.30,327.79,327.737333333333333333,6000,28,1966424.00,5800,96.67,3.10,0.79
16-December-2020,327.88,330.00,326.10,326.10,328.941891891891891891,7400,32,2434170.00,6200,83.78,3.90,-1.78
15-December-2020,328.40,329.40,326.31,328.40,327.188671875000000000,25600,24,8376030.00,24200,94.53,3.09,0.00
14-December-2020,324.74,329.00,323.42,328.10,325.821666666666666666,4800,23,1563944.00,3400,70.83,5.58,3.36
11-December-2020,325.10,327.70,322.00,323.28,324.364901960784313725,10200,48,3308522.00,6600,64.71,5.70,-1.82
10-December-2020,324.00,333.05,323.03,326.40,327.143333333333333333,1800,9,588858.00,1400,77.78,10.02,2.40
9-December-2020,329.60,330.18,324.35,325.74,326.684166666666666666,12000,60,3920210.00,8600,71.67,5.83,-3.86
8-December-2020,333.45,333.45,329.01,329.58,331.127346938775510204,9800,38,3245048.00,7200,73.47,4.44,-3.87
7-December-2020,329.15,330.20,325.30,327.65,328.107714285714285714,7000,33,2296754.00,3400,48.57,4.90,-1.50
4-December-2020,324.00,329.61,324.00,328.35,326.707368421052631578,3800,18,1241488.00,2400,63.16,5.61,4.35
3-December-2020,329.12,329.39,321.10,324.00,327.084000000000000000,6000,24,1962504.00,4400,73.33,8.29,-5.12
2-December-2020,315.00,331.90,314.00,320.87,323.397924528301886792,21200,96,6856036.00,13800,65.09,17.90,5.87
1-December-2020,304.50,315.50,304.50,314.48,312.924587155963302752,21800,93,6821756.00,16600,76.15,11.00,9.98
27-November-2020,305.15,314.93,304.27,307.90,306.716231884057971014,13800,61,4232684.00,9800,71.01,10.66,2.75
26-November-2020,305.05,305.14,304.51,304.76,304.736470588235294117,3400,15,1036104.00,2800,82.35,0.63,-0.29
25-November-2020,306.00,306.00,304.00,304.40,304.891818181818181818,8800,23,2683048.00,8000,90.91,2.00,-1.60
24-November-2020,306.10,307.15,305.10,305.30,305.946800000000000000,5000,20,1529734.00,4400,88.00,2.05,-0.80
23-November-2020,305.90,306.77,300.00,301.21,302.504682539682539682,25200,99,7623118.00,22800,90.48,6.77,-4.69
20-November-2020,306.00,306.09,304.60,305.27,305.254324324324324324,7400,37,2258882.00,6400,86.49,1.49,-0.73
19-November-2020,305.00,306.15,304.10,305.05,305.169047619047619047,4200,17,1281710.00,4200,100.00,2.05,0.05
18-November-2020,305.00,305.20,304.08,304.43,304.919166666666666666,7200,30,2195418.00,5400,75.00,1.12,-0.57
17-November-2020,304.35,305.00,303.86,304.00,304.410312500000000000,6400,28,1948226.00,5200,81.25,1.14,-0.35
14-November-2020,305.65,305.90,302.50,303.71,304.441764705882352941,3400,17,1035102.00,2200,64.71,3.40,-1.94
13-November-2020,304.01,305.90,304.01,305.27,304.757551020408163265,9800,30,2986624.00,7400,75.51,1.89,1.26
12-November-2020,305.24,305.24,304.66,305.04,305.089285714285714285,2800,11,854250.00,2600,92.86,0.58,-0.20
11-November-2020,304.94,305.00,304.75,304.82,304.753933054393305439,47800,9,14567238.00,47800,100.00,0.25,-0.12
10-November-2020,306.50,306.69,304.47,304.75,305.002417635658914728,825600,29,251809996.00,824400,99.85,2.22,-1.75
9-November-2020,305.00,306.70,304.56,304.88,305.055076923076923076,13000,25,3965716.00,11800,90.77,2.14,-0.12
6-November-2020,304.61,305.19,304.61,305.13,304.985000000000000000,1600,8,487976.00,1200,75.00,0.58,0.52
5-November-2020,306.40,306.40,304.10,305.50,305.336842105263157894,3800,17,1160280.00,3000,78.95,2.30,-0.90
4-November-2020,305.50,306.19,305.00,305.00,305.173269230769230769,10400,24,3173802.00,9600,92.31,1.19,-0.50
3-November-2020,305.00,309.49,305.00,305.50,306.769677419354838709,12400,45,3803944.00,8000,64.52,4.49,0.50
2-November-2020,304.10,306.40,304.10,306.35,304.959333333333333333,6000,30,1829756.00,5000,83.33,2.30,2.25
30-October-2020,305.00,305.25,305.00,305.00,305.043636363636363636,2200,7,671096.00,2000,90.91,0.25,0.00
29-October-2020,305.80,306.79,303.25,304.80,305.357058823529411764,10200,43,3114642.00,7400,72.55,3.54,-1.00
28-October-2020,305.00,305.00,304.00,305.00,304.657333333333333333,3000,14,913972.00,2200,73.33,1.00,0.00
27-October-2020,305.01,306.74,303.68,305.76,304.970588235294117647,6800,32,2073800.00,5200,76.47,3.06,0.75
26-October-2020,303.00,307.00,302.05,306.40,305.541481481481481481,5400,26,1649924.00,4200,77.78,4.95,3.40
23-October-2020,304.90,305.22,304.00,305.00,304.960491803278688524,12200,55,3720518.00,12000,98.36,1.22,0.10
22-October-2020,305.00,305.18,305.00,305.03,305.008823529411764705,6800,21,2074060.00,6600,97.06,0.18,0.03
21-October-2020,305.00,305.75,304.00,305.20,304.797500000000000000,5600,23,1706866.00,4600,82.14,1.75,0.20
20-October-2020,303.80,305.74,303.80,305.00,304.978695652173913043,4600,19,1402902.00,3200,69.57,1.94,1.20
19-October-2020,305.20,306.50,304.95,306.20,305.724347826086956521,4600,21,1406332.00,4000,86.96,1.55,1.00
16-October-2020,304.00,308.00,303.30,305.21,306.108857142857142857,7000,31,2142762.00,5400,77.14,4.70,1.21
15-October-2020,304.24,304.95,303.62,304.00,304.000461997019374068,402600,16,122390586.00,402000,99.85,1.33,-0.24
14-October-2020,303.65,304.88,303.65,303.70,304.213750000000000000,1600,7,486742.00,1400,87.50,1.23,0.05
13-October-2020,303.00,304.18,303.00,304.17,303.876397058823529411,54400,85,16530876.00,37200,68.38,1.18,1.17
12-October-2020,304.30,304.30,303.05,303.84,303.476250000000000000,8000,29,2427810.00,7400,92.50,1.25,-0.46
9-October-2020,303.00,304.00,303.00,304.00,303.802011173184357541,179000,36,54380560.00,179000,100.00,1.00,1.00
8-October-2020,304.00,304.25,303.12,304.16,303.877627118644067796,11800,30,3585756.00,8400,71.19,1.13,0.16
7-October-2020,304.00,306.00,303.26,303.46,304.252380952380952380,8400,29,2555720.00,6400,76.19,2.74,-0.54
6-October-2020,304.00,304.00,303.70,304.00,303.970000000000000000,5600,16,1702232.00,5600,100.00,0.30,0.00
5-October-2020,307.00,307.00,304.00,304.00,305.342195121951219512,8200,33,2503806.00,6800,82.93,3.00,-3.00
1-October-2020,302.95,307.00,302.95,304.26,305.422058823529411764,6800,25,2076870.00,5000,73.53,4.05,1.31
30-September-2020,305.25,307.95,304.41,304.51,305.812758620689655172,5800,28,1773714.00,5000,86.21,3.54,-0.74
29-September-2020,308.60,308.70,304.26,308.69,306.824039473684210526,152000,25,46637254.00,150000,98.68,4.44,0.09
28-September-2020,303.20,307.99,303.20,306.72,306.370588235294117647,6800,28,2083320.00,5200,76.47,4.79,3.52
25-September-2020,305.35,308.00,305.10,306.00,307.015250000000000000,8000,36,2456122.00,5600,70.00,2.90,0.65
24-September-2020,303.65,306.00,302.01,304.84,304.956088154269972451,72600,36,22139812.00,71800,98.90,3.99,1.19
23-September-2020,303.90,306.60,302.50,304.17,304.205348837209302325,8600,39,2616166.00,6000,69.77,4.10,0.27
22-September-2020,300.00,306.65,299.51,306.04,303.841526315789473684,38000,161,11545978.00,31000,81.58,7.14,6.04
21-September-2020,300.00,301.80,300.00,300.82,301.173444259567387687,120200,85,36201048.00,110600,92.01,1.80,0.82
18-September-2020,302.00,302.05,300.60,301.10,301.490628571428571428,210000,45,63313032.00,209400,99.71,1.45,-0.90
17-September-2020,302.00,303.20,301.55,302.00,302.441694915254237288,11800,51,3568812.00,9000,76.27,1.65,0.00
16-September-2020,304.50,304.50,301.20,301.86,302.004513742071881606,378400,95,114278508.00,377200,99.68,3.30,-2.64
15-September-2020,304.50,304.95,301.49,302.00,302.050237659963436928,109400,45,33044296.00,105600,96.53,3.46,-2.50
14-September-2020,302.00,303.00,301.99,302.00,302.200412371134020618,19400,61,5862688.00,18400,94.85,1.01,0.00
11-September-2020,304.00,304.00,302.00,302.20,303.001649484536082474,19400,91,5878232.00,16400,84.54,2.00,-1.80
10-September-2020,304.00,305.50,303.00,303.83,304.949001848428835489,108200,40,32995482.00,105400,97.41,2.50,-0.17
9-September-2020,304.62,305.15,302.90,304.00,304.349259259259259259,5400,24,1643486.00,3600,66.67,2.25,-0.62
8-September-2020,305.00,307.00,303.00,304.57,305.280634920634920634,12600,56,3846536.00,9200,73.02,4.00,-0.43
7-September-2020,307.29,307.70,305.00,305.50,305.526590909090909090,8800,34,2688634.00,7600,86.36,2.70,-1.79
4-September-2020,307.00,309.38,304.98,306.86,306.724800000000000000,20000,84,6134496.00,12600,63.00,4.40,-0.14
3-September-2020,314.00,314.00,307.00,309.15,309.799757174392935982,181200,172,56135716.00,176400,97.35,7.00,-4.85
2-September-2020,315.00,315.45,313.00,314.80,313.857916666666666666,24000,110,7532590.00,21600,90.00,2.45,-0.20
1-September-2020,311.50,315.00,311.50,315.00,313.218750000000000000,9600,48,3006900.00,7600,79.17,3.50,3.50
31-August-2020,315.00,316.00,312.00,315.11,313.806470588235294117,23800,110,7468594.00,16000,67.23,4.00,0.11
28-August-2020,316.00,316.00,312.25,314.85,314.246846846846846846,22200,91,6976280.00,18000,81.08,3.75,-1.15
27-August-2020,314.11,315.39,314.00,315.11,314.597941176470588235,6800,33,2139266.00,4800,70.59,1.39,1.00
26-August-2020,314.00,315.94,313.00,314.47,314.177272727272727272,13200,58,4147140.00,10600,80.30,2.94,0.47
25-August-2020,310.51,314.00,310.51,313.72,312.931964285714285714,11200,49,3504838.00,9400,83.93,3.49,3.21
24-August-2020,315.00,315.99,311.00,313.86,313.612000000000000000,25000,106,7840300.00,16800,67.20,4.99,-1.14
21-August-2020,308.12,316.40,308.12,313.54,312.291228070175438596,22800,94,7120240.00,16000,70.18,8.28,5.42
20-August-2020,302.59,308.90,302.59,308.26,306.170846153846153846,26000,104,7960442.00,16800,64.62,6.31,5.67
19-August-2020,300.35,306.97,300.35,305.53,304.207477477477477477,22200,91,6753406.00,15000,67.57,6.62,5.18
18-August-2020,300.01,302.00,300.00,301.43,300.748496240601503759,26600,109,7999910.00,18600,69.92,2.00,1.42
17-August-2020,300.00,301.00,299.25,300.27,300.416007067137809187,56600,188,17003546.00,48600,85.87,1.75,0.27
14-August-2020,300.91,303.13,299.80,300.27,302.604031694869728713,744600,203,225318962.00,727200,97.66,3.33,-0.64
13-August-2020,298.50,302.00,298.50,301.29,300.717792207792207792,30800,137,9262108.00,17800,57.79,3.50,2.79
12-August-2020,304.00,304.00,300.16,300.39,302.397630057803468208,415200,231,125555496.00,388600,93.59,3.84,-3.61
11-August-2020,302.10,303.85,301.20,302.10,302.693269230769230769,62400,219,18888060.00,48400,77.56,2.65,0.00
10-August-2020,304.90,310.00,300.03,300.59,303.559088471849865951,149200,606,45291016.00,106600,71.45,9.97,-4.31
7-August-2020,304.00,308.90,299.00,303.87,303.731561721036089736,1845400,3267,560506224.00,1401000,75.92,9.90,-0.13
