Symbol,Series,Date,Prev Close,Open Price,High Price,Low Price,Last Price,Close Price,Average Price,Total Traded Quantity,Turnover ₹,No. of Trades,Deliverable Qty,% Dly Qt to Traded Qty
MINDSPACE,RR,07-Aug-2020,275.00,302.00,307.20,300.00,303.00,303.70,302.82,"2,70,14,200","8,18,03,10,186.00","22,043","2,38,24,600",88.19
MINDSPACE,RR,10-Aug-2020,303.70,305.00,308.00,300.00,302.00,300.07,301.87,"21,30,800","64,32,30,876.00","2,587","19,25,800",90.38
MINDSPACE,RR,11-Aug-2020,300.07,303.60,304.00,301.15,302.00,302.06,302.75,"8,76,200","26,52,73,764.00","1,647","7,61,600",86.92
MINDSPACE,RR,12-Aug-2020,302.06,302.90,303.00,300.25,300.30,300.46,301.82,"6,34,400","19,14,77,430.00",798,"6,05,600",95.46
MINDSPACE,RR,13-Aug-2020,300.46,301.28,303.00,300.00,302.00,301.04,300.50,"9,57,000","28,75,76,210.00","1,358","8,95,800",93.61
MINDSPACE,RR,14-Aug-2020,301.04,304.00,304.00,299.90,301.05,300.20,300.98,"8,79,000","26,45,59,654.00","1,070","8,29,400",94.36
MINDSPACE,RR,17-Aug-2020,300.20,299.20,301.00,299.20,300.05,300.04,300.11,"6,44,000","19,32,73,848.00",762,"6,08,200",94.44
MINDSPACE,RR,18-Aug-2020,300.04,301.50,302.00,300.00,301.25,301.67,300.63,"4,52,000","13,58,82,898.00","1,027","4,30,600",95.27
MINDSPACE,RR,19-Aug-2020,301.67,301.00,306.50,300.50,305.40,305.27,303.76,"2,62,200","7,96,45,488.00",518,"2,19,800",83.83
MINDSPACE,RR,20-Aug-2020,305.27,305.00,308.90,303.15,308.00,308.35,306.19,"1,02,400","3,13,53,574.00",305,"83,600",81.64
MINDSPACE,RR,21-Aug-2020,308.35,307.98,316.94,307.98,313.15,313.43,311.04,"2,31,800","7,20,99,124.00",482,"2,07,800",89.65
MINDSPACE,RR,24-Aug-2020,313.43,314.51,315.01,313.00,314.00,314.36,314.20,"1,28,000","4,02,17,480.00",262,"1,17,600",91.88
MINDSPACE,RR,25-Aug-2020,314.36,314.00,314.00,311.03,313.05,313.51,313.05,"1,49,400","4,67,69,470.00",360,"1,35,200",90.50
MINDSPACE,RR,26-Aug-2020,313.51,313.51,315.85,313.00,314.80,314.80,314.86,"12,56,600","39,56,47,282.00",527,"12,40,000",98.68
MINDSPACE,RR,27-Aug-2020,314.80,315.00,315.85,313.56,315.45,315.02,314.38,"1,11,200","3,49,59,302.00",271,"1,05,800",95.14
MINDSPACE,RR,28-Aug-2020,315.02,315.00,315.96,312.30,314.00,314.44,313.71,"1,42,400","4,46,71,818.00",438,"1,15,800",81.32
MINDSPACE,RR,31-Aug-2020,314.44,313.61,317.00,311.70,315.00,315.01,313.75,"1,49,400","4,68,74,452.00",443,"1,26,600",84.74
MINDSPACE,RR,01-Sep-2020,315.01,310.20,315.00,310.20,314.10,314.67,313.68,"39,800","1,24,84,472.00",154,"28,400",71.36
MINDSPACE,RR,02-Sep-2020,314.67,314.90,315.05,313.00,313.00,314.20,314.29,"87,000","2,73,43,374.00",312,"78,400",90.11
MINDSPACE,RR,03-Sep-2020,314.20,314.00,314.00,307.05,308.00,308.18,312.21,"33,07,400","1,03,26,00,352.00",853,"32,72,800",98.95
MINDSPACE,RR,04-Sep-2020,308.18,307.00,309.90,303.50,306.40,307.48,307.14,"6,52,600","20,04,40,638.00",800,"6,31,600",96.78
MINDSPACE,RR,07-Sep-2020,307.48,309.26,309.26,305.00,305.50,305.04,306.32,"17,66,400","54,10,90,330.00",393,"17,36,000",98.28
MINDSPACE,RR,08-Sep-2020,305.04,305.01,307.95,303.01,305.00,304.92,305.91,"8,76,000","26,79,81,320.00",757,"8,61,200",98.31
MINDSPACE,RR,09-Sep-2020,304.92,304.01,305.99,302.54,303.00,303.50,304.84,"3,58,000","10,91,33,688.00",345,"3,47,600",97.09
MINDSPACE,RR,10-Sep-2020,303.50,304.79,305.35,302.85,303.53,303.93,304.31,"3,90,000","11,86,81,476.00",427,"3,76,400",96.51
MINDSPACE,RR,11-Sep-2020,303.93,304.45,304.45,301.54,301.85,301.96,302.70,"4,01,800","12,16,23,174.00","1,054","3,76,200",93.63
MINDSPACE,RR,14-Sep-2020,301.96,303.00,304.95,301.00,302.00,302.05,302.39,"8,45,000","25,55,21,188.00",779,"8,22,800",97.37
MINDSPACE,RR,15-Sep-2020,302.05,303.01,305.00,301.30,301.99,301.98,302.03,"6,05,600","18,29,08,148.00",829,"5,92,000",97.75
MINDSPACE,RR,16-Sep-2020,301.98,302.15,304.00,301.65,301.80,301.97,302.03,"5,58,600","16,87,13,624.00",712,"5,52,400",98.89
MINDSPACE,RR,17-Sep-2020,301.97,301.80,304.00,301.01,301.95,301.89,302.13,"22,50,600","67,99,65,424.00","1,639","22,23,600",98.80
MINDSPACE,RR,18-Sep-2020,301.89,301.95,302.42,300.74,300.75,300.96,301.77,"5,33,400","16,09,62,882.00",880,"5,18,400",97.19
MINDSPACE,RR,21-Sep-2020,300.96,300.15,302.00,300.00,301.00,300.62,300.78,"2,37,600","7,14,65,172.00",396,"2,29,200",96.46
MINDSPACE,RR,22-Sep-2020,300.62,303.40,307.85,299.74,304.40,306.04,301.24,"6,28,000","18,91,80,444.00",760,"6,05,800",96.46
MINDSPACE,RR,23-Sep-2020,306.04,302.50,305.80,302.20,304.50,304.51,303.09,"4,71,600","14,29,37,214.00",149,"4,64,600",98.52
MINDSPACE,RR,24-Sep-2020,304.51,301.70,306.99,301.70,305.00,304.76,304.83,"1,36,200","4,15,18,384.00",311,"1,19,200",87.52
MINDSPACE,RR,25-Sep-2020,304.76,305.90,308.00,304.40,308.00,305.82,305.98,"1,57,200","4,80,99,766.00",217,"1,46,000",92.88
MINDSPACE,RR,28-Sep-2020,305.82,307.00,307.50,305.00,307.00,306.85,306.84,"1,94,800","5,97,71,472.00",440,"1,76,200",90.45
MINDSPACE,RR,29-Sep-2020,306.85,307.01,308.50,306.53,306.60,307.38,307.48,"43,400","1,33,44,420.00",151,"36,800",84.79
MINDSPACE,RR,30-Sep-2020,307.38,306.00,307.83,304.00,304.95,304.28,305.99,"1,08,800","3,32,91,462.00",287,"1,03,800",95.40
MINDSPACE,RR,01-Oct-2020,304.28,304.90,305.45,303.30,304.53,304.96,304.92,"56,000","1,70,75,742.00",138,"54,200",96.79
MINDSPACE,RR,05-Oct-2020,304.96,305.50,306.45,303.85,304.05,304.51,305.76,"6,54,600","20,01,47,372.00",410,"6,47,400",98.90
MINDSPACE,RR,06-Oct-2020,304.51,304.51,304.95,303.70,303.95,303.76,304.02,"1,19,600","3,63,60,862.00",150,"1,19,400",99.83
MINDSPACE,RR,07-Oct-2020,303.76,304.00,305.00,303.50,303.51,303.62,304.23,"2,31,000","7,02,76,178.00",134,"2,27,600",98.53
MINDSPACE,RR,08-Oct-2020,303.62,303.51,304.00,303.10,303.99,303.96,303.89,"2,82,400","8,58,17,870.00",227,"2,78,800",98.73
MINDSPACE,RR,09-Oct-2020,303.96,303.99,304.00,303.60,303.80,303.99,303.97,"3,09,400","9,40,47,956.00",186,"3,07,800",99.48
MINDSPACE,RR,12-Oct-2020,303.99,304.00,304.00,303.00,304.00,303.93,303.53,"1,46,600","4,44,97,660.00",254,"1,44,800",98.77
MINDSPACE,RR,13-Oct-2020,303.93,303.80,304.00,303.15,304.00,304.00,303.87,"92,400","2,80,77,286.00",135,"90,600",98.05
MINDSPACE,RR,14-Oct-2020,304.00,304.00,304.96,303.50,303.82,303.95,303.97,"6,98,000","21,21,72,106.00",316,"6,90,000",98.85
MINDSPACE,RR,15-Oct-2020,303.95,303.80,304.95,303.55,303.55,303.77,304.00,"2,44,000","7,41,75,322.00",148,"2,43,800",99.92
MINDSPACE,RR,16-Oct-2020,303.77,305.99,306.00,303.81,306.00,305.25,305.47,"61,800","1,88,77,962.00",204,"50,000",80.91
MINDSPACE,RR,19-Oct-2020,305.25,305.50,306.00,304.15,305.95,305.88,305.59,"38,200","1,16,73,586.00",93,"33,600",87.96
MINDSPACE,RR,20-Oct-2020,305.88,304.02,305.75,304.00,305.00,305.00,305.05,"5,54,400","16,91,21,266.00",107,"5,49,000",99.03
MINDSPACE,RR,21-Oct-2020,305.00,301.10,305.50,301.10,305.00,304.99,304.97,"2,04,400","6,23,36,244.00",171,"1,97,400",96.58
MINDSPACE,RR,22-Oct-2020,304.99,305.74,305.74,304.00,305.00,304.96,305.02,"1,30,000","3,96,52,602.00",90,"1,24,800",96.00
MINDSPACE,RR,23-Oct-2020,304.96,304.00,305.00,304.00,304.85,304.60,304.82,"59,400","1,81,06,118.00",114,"55,600",93.60
MINDSPACE,RR,26-Oct-2020,304.60,304.01,309.00,304.01,306.00,305.90,306.64,"47,200","1,44,73,606.00",112,"39,800",84.32
MINDSPACE,RR,27-Oct-2020,305.90,306.20,307.00,304.00,305.25,305.94,304.51,"6,66,000","20,28,04,352.00",704,"6,52,600",97.99
MINDSPACE,RR,28-Oct-2020,305.94,305.94,306.40,304.00,305.00,304.91,305.39,"3,63,200","11,09,18,672.00",749,"3,50,000",96.37
MINDSPACE,RR,29-Oct-2020,304.91,303.55,307.20,303.55,305.30,305.30,306.00,"1,94,000","5,93,64,102.00",571,"1,78,600",92.06
MINDSPACE,RR,30-Oct-2020,305.30,305.00,305.95,304.31,305.00,304.97,304.79,"1,88,200","5,73,61,680.00",312,"1,81,800",96.60
MINDSPACE,RR,02-Nov-2020,304.97,305.00,306.99,304.37,306.00,305.99,305.49,"4,26,200","13,01,98,120.00",210,"4,15,000",97.37
MINDSPACE,RR,03-Nov-2020,305.99,305.99,309.75,305.00,306.10,306.32,305.90,"1,67,200","5,11,45,996.00",285,"1,46,400",87.56
MINDSPACE,RR,04-Nov-2020,306.32,305.04,306.01,304.65,305.00,304.99,305.45,"2,29,400","7,00,69,606.00",281,"2,20,000",95.90
MINDSPACE,RR,05-Nov-2020,304.99,305.00,307.00,304.50,305.00,304.99,305.12,"4,01,000","12,23,53,132.00",498,"3,74,600",93.42
MINDSPACE,RR,06-Nov-2020,304.99,305.00,305.00,304.20,305.00,304.99,305.00,"6,40,400","19,53,19,434.00",317,"6,37,600",99.56
MINDSPACE,RR,09-Nov-2020,304.99,305.20,306.45,304.51,304.90,304.78,305.00,"4,42,400","13,49,30,396.00",332,"4,38,000",99.01
MINDSPACE,RR,10-Nov-2020,304.78,306.99,306.99,304.70,304.75,304.89,305.01,"11,52,800","35,16,15,290.00",392,"11,50,800",99.83
MINDSPACE,RR,11-Nov-2020,304.89,304.99,305.00,304.40,304.60,304.88,304.79,"7,48,800","22,82,23,334.00",650,"7,46,200",99.65
MINDSPACE,RR,12-Nov-2020,304.88,305.00,305.00,304.35,304.70,304.91,304.91,"1,60,800","4,90,28,788.00",373,"1,58,600",98.63
MINDSPACE,RR,13-Nov-2020,304.91,305.00,306.80,304.00,304.70,304.74,304.59,"5,87,200","17,88,52,314.00","1,571","5,79,400",98.67
MINDSPACE,RR,14-Nov-2020,304.74,304.50,307.58,303.05,304.50,304.06,304.47,"17,600","53,58,700.00",66,"15,200",86.36
MINDSPACE,RR,17-Nov-2020,304.06,304.06,306.00,303.55,304.50,304.03,304.46,"2,79,800","8,51,88,988.00",716,"2,45,000",87.56
MINDSPACE,RR,18-Nov-2020,304.03,305.00,306.99,304.25,304.95,304.86,304.95,"3,74,400","11,41,73,776.00",811,"3,66,800",97.97
MINDSPACE,RR,19-Nov-2020,304.86,304.22,305.00,304.00,305.00,304.86,304.71,"2,75,000","8,37,96,546.00",436,"2,26,400",82.33
MINDSPACE,RR,20-Nov-2020,304.86,305.00,305.90,304.60,305.25,305.18,304.97,"2,88,200","8,78,93,454.00",574,"2,78,400",96.60
MINDSPACE,RR,23-Nov-2020,305.18,305.25,306.95,304.25,305.40,305.35,305.41,"4,79,800","14,65,35,932.00",977,"4,60,000",95.87
MINDSPACE,RR,24-Nov-2020,305.35,305.00,307.00,304.50,305.00,304.97,305.06,"23,15,400","70,63,36,078.00",537,"23,05,200",99.56
MINDSPACE,RR,25-Nov-2020,304.97,305.25,306.00,304.25,304.40,304.63,304.98,"2,96,800","9,05,16,642.00",325,"2,91,800",98.32
MINDSPACE,RR,26-Nov-2020,304.63,304.63,305.00,304.60,304.95,304.95,304.78,"10,68,800","32,57,50,276.00",444,"10,63,000",99.46
MINDSPACE,RR,27-Nov-2020,304.95,305.00,314.20,304.50,304.50,306.42,306.31,"20,92,200","64,08,54,280.00","2,719","20,16,200",96.37
MINDSPACE,RR,01-Dec-2020,306.42,306.54,317.34,306.54,313.50,314.82,311.79,"12,55,200","39,13,58,832.00",970,"11,80,800",94.07
MINDSPACE,RR,02-Dec-2020,314.82,314.00,332.17,313.10,324.90,323.76,318.39,"3,41,600","10,87,63,424.00","1,027","2,62,800",76.93
MINDSPACE,RR,03-Dec-2020,323.76,327.75,335.00,318.00,325.00,324.84,325.90,"3,24,800","10,58,51,168.00",900,"2,64,200",81.34
MINDSPACE,RR,04-Dec-2020,324.84,325.00,330.00,324.00,327.70,328.86,327.65,"2,19,200","7,18,21,212.00",572,"1,75,600",80.11
MINDSPACE,RR,07-Dec-2020,328.86,329.98,330.00,325.00,326.85,328.32,328.65,"2,29,400","7,53,92,432.00",694,"1,62,000",70.62
MINDSPACE,RR,08-Dec-2020,328.32,330.00,334.65,327.20,329.20,329.48,330.68,"1,96,400","6,49,44,874.00",562,"1,35,600",69.04
MINDSPACE,RR,09-Dec-2020,329.48,329.60,330.00,323.01,326.00,326.88,328.01,"2,52,200","8,27,23,510.00",895,"2,09,800",83.19
MINDSPACE,RR,10-Dec-2020,326.88,326.80,335.00,324.05,324.21,325.19,328.44,"1,35,000","4,43,40,044.00",441,"92,600",68.59
MINDSPACE,RR,11-Dec-2020,325.19,323.50,327.50,322.00,323.25,324.10,325.61,"7,36,800","23,99,13,010.00",580,"6,97,000",94.60
MINDSPACE,RR,14-Dec-2020,324.10,324.10,328.97,323.35,328.60,328.27,326.21,"3,58,600","11,69,79,588.00",798,"3,28,800",91.69
MINDSPACE,RR,15-Dec-2020,328.27,327.90,329.10,326.03,328.25,328.91,328.11,"2,44,800","8,03,20,728.00",468,"2,13,400",87.17
MINDSPACE,RR,16-Dec-2020,328.91,328.91,329.88,325.00,326.00,326.14,326.80,"3,62,600","11,84,99,386.00",341,"3,30,400",91.12
MINDSPACE,RR,17-Dec-2020,326.14,327.50,329.80,326.00,326.00,326.19,327.51,"3,88,400","12,72,05,742.00",348,"3,69,800",95.21
MINDSPACE,RR,18-Dec-2020,326.19,326.36,327.30,317.05,322.40,321.87,321.96,"71,27,400","2,29,47,37,654.00","4,206","58,71,400",82.38
MINDSPACE,RR,21-Dec-2020,321.87,323.45,324.74,321.00,324.00,324.31,322.90,"5,43,000","17,53,32,746.00",481,"4,97,200",91.57
MINDSPACE,RR,22-Dec-2020,324.31,329.98,329.98,321.70,324.00,323.99,323.39,"6,29,200","20,34,75,400.00",406,"6,12,200",97.30
MINDSPACE,RR,23-Dec-2020,323.99,324.85,330.80,322.10,328.99,328.90,325.39,"7,76,600","25,27,01,644.00",298,"7,62,400",98.17
MINDSPACE,RR,24-Dec-2020,328.90,329.79,331.00,329.55,330.00,330.02,330.47,"2,47,600","8,18,24,564.00",136,"2,44,200",98.63
MINDSPACE,RR,28-Dec-2020,330.02,331.80,334.20,330.00,332.00,331.78,331.00,"85,600","2,83,33,494.00",197,"68,600",80.14
MINDSPACE,RR,29-Dec-2020,331.78,331.25,332.50,330.00,332.00,331.78,331.66,"1,39,400","4,62,32,994.00",294,"1,28,000",91.82
MINDSPACE,RR,30-Dec-2020,331.78,333.45,335.00,327.10,328.70,329.66,330.38,"98,600","3,25,75,234.00",316,"77,800",78.90
MINDSPACE,RR,31-Dec-2020,329.66,328.70,333.00,315.50,318.50,319.87,323.59,"6,81,800","22,06,24,438.00",809,"6,29,200",92.29
MINDSPACE,RR,01-Jan-2021,319.87,317.99,330.30,317.55,329.70,328.66,326.25,"44,800","1,46,16,098.00",201,"34,600",77.23
MINDSPACE,RR,04-Jan-2021,328.66,329.00,340.00,327.10,339.00,338.94,335.70,"99,800","3,35,03,332.00",311,"81,600",81.76
MINDSPACE,RR,05-Jan-2021,338.94,338.90,339.50,335.60,338.99,338.84,338.78,"60,400","2,04,62,090.00",257,"51,400",85.10
MINDSPACE,RR,06-Jan-2021,338.84,338.84,339.10,335.00,336.00,335.73,337.60,"1,42,600","4,81,42,214.00",113,"1,35,600",95.09
MINDSPACE,RR,07-Jan-2021,335.73,336.00,340.40,327.10,329.98,329.69,332.73,"1,46,600","4,87,78,802.00",384,"1,21,800",83.08
MINDSPACE,RR,08-Jan-2021,329.69,334.00,340.00,331.52,339.50,338.22,337.89,"2,76,200","9,33,25,746.00",653,"2,69,400",97.54
MINDSPACE,RR,11-Jan-2021,338.22,339.99,341.00,333.12,341.00,338.91,337.87,"2,62,000","8,85,21,914.00",218,"2,49,800",95.34
MINDSPACE,RR,12-Jan-2021,338.91,337.20,342.00,333.22,339.22,340.91,340.42,"3,93,200","13,38,55,094.00",227,"3,79,400",96.49
MINDSPACE,RR,13-Jan-2021,340.91,337.55,341.00,337.55,339.99,340.06,339.80,"1,67,000","5,67,46,650.00",403,"1,10,800",66.35
MINDSPACE,RR,14-Jan-2021,340.06,340.80,340.80,337.61,338.01,338.79,339.52,"1,11,000","3,76,87,212.00",364,"1,02,400",92.25
MINDSPACE,RR,15-Jan-2021,338.79,338.79,340.00,337.75,338.00,338.25,338.65,"1,01,000","3,42,03,462.00",297,"99,000",98.02
MINDSPACE,RR,18-Jan-2021,338.25,339.44,339.44,337.50,339.00,338.98,338.99,"6,61,800","22,43,46,280.00",80,"6,57,000",99.27
MINDSPACE,RR,19-Jan-2021,338.98,339.99,340.99,338.50,338.95,338.99,339.21,"3,68,600","12,50,32,868.00",206,"3,61,600",98.10
MINDSPACE,RR,20-Jan-2021,338.99,339.97,339.97,338.00,338.95,338.67,338.94,"16,600","56,26,462.00",32,"15,200",91.57
MINDSPACE,RR,21-Jan-2021,338.67,338.16,338.60,334.75,335.00,335.08,337.06,"49,600","1,67,18,058.00",106,"47,000",94.76
MINDSPACE,RR,22-Jan-2021,335.08,333.00,335.05,332.15,333.00,333.00,333.08,"79,200","2,63,79,940.00",115,"77,600",97.98
MINDSPACE,RR,25-Jan-2021,333.00,332.05,336.85,332.00,334.25,333.90,334.16,"47,800","1,59,72,666.00",191,"38,400",80.33
MINDSPACE,RR,27-Jan-2021,333.90,333.50,336.00,330.00,331.10,332.14,331.56,"4,43,800","14,71,44,694.00",547,"3,76,000",84.72
MINDSPACE,RR,28-Jan-2021,332.14,330.02,339.00,330.02,335.98,334.00,333.48,"53,400","1,78,07,724.00",137,"44,200",82.77
MINDSPACE,RR,29-Jan-2021,334.00,334.00,334.00,333.27,334.00,333.99,333.98,"1,14,800","3,83,40,344.00",246,"1,10,600",96.34
MINDSPACE,RR,01-Feb-2021,333.99,333.99,334.00,330.00,333.65,333.65,332.94,"69,200","2,30,39,592.00",229,"56,800",82.08
MINDSPACE,RR,02-Feb-2021,333.65,333.50,336.00,332.25,334.50,334.27,334.82,"1,24,800","4,17,85,242.00",315,"1,14,800",91.99
MINDSPACE,RR,03-Feb-2021,334.27,334.27,335.25,329.00,330.45,329.74,330.94,"6,77,200","22,41,11,542.00",805,"5,98,800",88.42
MINDSPACE,RR,04-Feb-2021,329.74,331.45,331.45,328.00,329.90,329.92,329.98,"4,02,400","13,27,84,154.00",431,"3,95,600",98.31
MINDSPACE,RR,05-Feb-2021,329.92,330.00,330.25,329.00,330.00,329.98,329.71,"5,41,600","17,85,70,878.00",537,"5,14,400",94.98
MINDSPACE,RR,08-Feb-2021,329.98,330.05,332.00,325.00,330.00,329.99,329.97,"6,38,400","21,06,55,132.00",394,"6,20,400",97.18
MINDSPACE,RR,09-Feb-2021,329.99,330.00,330.00,326.50,327.30,327.51,328.94,"2,24,200","7,37,49,106.00",554,"1,95,800",87.33
MINDSPACE,RR,10-Feb-2021,327.51,329.50,329.88,326.25,329.88,328.00,327.97,"3,70,000","12,13,50,382.00",280,"3,59,600",97.19
MINDSPACE,RR,11-Feb-2021,328.00,332.00,332.00,322.50,322.95,323.03,325.47,"5,17,800","16,85,29,696.00",633,"4,97,400",96.06
MINDSPACE,RR,12-Feb-2021,323.03,324.80,325.00,319.00,320.00,319.76,320.60,"4,09,600","13,13,18,074.00",553,"4,00,200",97.71
MINDSPACE,RR,15-Feb-2021,319.76,321.00,322.00,319.11,319.80,319.97,320.13,"4,28,000","13,70,14,266.00",347,"4,23,800",99.02
MINDSPACE,RR,16-Feb-2021,319.97,320.00,320.90,318.30,320.00,319.05,319.17,"4,96,400","15,84,36,012.00",518,"4,83,000",97.30
MINDSPACE,RR,17-Feb-2021,319.05,319.00,319.00,309.52,312.00,310.77,312.26,"4,03,400","12,59,64,464.00",832,"3,78,400",93.80
MINDSPACE,RR,18-Feb-2021,310.77,312.00,320.00,311.70,313.60,313.48,313.66,"3,15,600","9,89,92,620.00",969,"2,74,800",87.07
MINDSPACE,RR,19-Feb-2021,313.48,311.94,313.50,310.10,310.40,310.92,311.68,"6,21,400","19,36,80,486.00",802,"6,09,600",98.10
MINDSPACE,RR,22-Feb-2021,310.92,310.00,310.00,304.00,304.00,305.24,305.49,"6,93,800","21,19,49,618.00","1,766","6,33,400",91.29
MINDSPACE,RR,23-Feb-2021,305.24,305.00,307.95,303.00,305.50,305.64,305.65,"6,37,600","19,48,85,018.00",880,"5,55,200",87.08
MINDSPACE,RR,24-Feb-2021,305.64,305.00,310.00,305.00,307.22,307.24,307.25,"3,49,600","10,74,15,158.00",545,"3,17,200",90.73
MINDSPACE,RR,25-Feb-2021,307.24,307.40,309.99,303.01,305.50,306.18,305.66,"4,20,000","12,83,75,596.00","1,055","3,47,800",82.81
MINDSPACE,RR,26-Feb-2021,306.18,305.00,309.00,303.21,305.00,304.76,305.40,"8,08,600","24,69,44,138.00","1,486","7,26,800",89.88
MINDSPACE,RR,01-Mar-2021,304.76,305.00,306.00,304.75,305.00,304.95,305.00,"4,35,800","13,29,19,044.00",437,"4,33,800",99.54
MINDSPACE,RR,02-Mar-2021,304.95,305.00,306.50,304.22,305.00,304.99,305.00,"1,87,600","5,72,18,240.00",381,"1,84,200",98.19
MINDSPACE,RR,03-Mar-2021,304.99,305.00,306.50,304.00,304.00,304.49,304.97,"8,07,000","24,61,09,596.00","1,248","7,08,800",87.83
MINDSPACE,RR,04-Mar-2021,304.49,304.95,305.00,300.25,303.00,303.36,303.91,"2,31,800","7,04,46,930.00",630,"2,03,200",87.66
MINDSPACE,RR,05-Mar-2021,303.36,304.00,304.89,301.00,301.77,301.83,302.18,"2,68,600","8,11,65,178.00",718,"2,43,800",90.77
MINDSPACE,RR,08-Mar-2021,301.83,303.90,303.90,298.50,299.50,299.79,300.33,"5,53,800","16,63,20,718.00","1,794","4,73,000",85.41
MINDSPACE,RR,09-Mar-2021,299.79,300.00,315.95,299.00,307.40,303.74,301.27,"2,99,600","9,02,60,792.00",924,"2,41,800",80.71
MINDSPACE,RR,10-Mar-2021,303.74,303.95,304.00,299.80,303.00,301.07,301.08,"2,95,400","8,89,39,922.00","1,016","2,46,400",83.41
MINDSPACE,RR,12-Mar-2021,301.07,304.90,310.00,300.30,301.50,303.02,303.56,"3,21,800","9,76,84,410.00","1,126","2,68,200",83.34
MINDSPACE,RR,15-Mar-2021,303.02,302.10,308.78,298.00,299.95,299.60,302.12,"3,74,600","11,31,74,602.00",721,"3,37,800",90.18
MINDSPACE,RR,16-Mar-2021,299.60,299.50,305.95,298.05,304.70,305.50,302.40,"2,35,400","7,11,84,414.00","1,028","1,86,600",79.27
MINDSPACE,RR,17-Mar-2021,305.50,305.40,307.74,302.56,305.00,304.57,304.29,"1,51,600","4,61,30,724.00",567,"1,23,000",81.13
MINDSPACE,RR,18-Mar-2021,304.57,306.99,306.99,304.00,305.00,304.85,305.03,"2,81,000","8,57,14,200.00",611,"2,51,800",89.61
MINDSPACE,RR,19-Mar-2021,304.85,304.80,309.00,299.00,304.00,306.56,304.84,"4,80,800","14,65,64,924.00",806,"4,28,800",89.18
MINDSPACE,RR,22-Mar-2021,306.56,307.90,309.70,300.50,301.70,301.61,304.98,"4,79,800","14,63,29,848.00",685,"4,40,800",91.87
MINDSPACE,RR,23-Mar-2021,301.61,304.00,305.49,299.70,303.20,303.42,301.34,"2,10,600","6,34,62,494.00",725,"1,70,400",80.91
MINDSPACE,RR,24-Mar-2021,303.42,304.99,306.00,300.69,304.00,303.40,304.95,"6,74,400","20,56,59,464.00",458,"6,53,800",96.95
MINDSPACE,RR,25-Mar-2021,303.40,305.90,305.90,298.10,298.11,299.44,302.02,"1,98,400","5,99,19,988.00",813,"1,43,000",72.08
MINDSPACE,RR,26-Mar-2021,299.44,303.00,304.50,300.06,302.00,303.57,302.95,"1,66,400","5,04,10,504.00",516,"1,21,200",72.84
MINDSPACE,RR,30-Mar-2021,303.57,302.00,304.85,300.60,301.25,302.14,301.73,"1,97,800","5,96,82,218.00",655,"1,42,400",71.99
MINDSPACE,RR,31-Mar-2021,302.14,302.14,302.14,292.07,292.07,294.87,296.69,"5,14,000","15,24,98,372.00","1,379","4,39,600",85.53
MINDSPACE,RR,01-Apr-2021,294.87,295.00,303.99,295.00,303.70,302.92,300.15,"2,18,000","6,54,33,666.00",500,"2,07,400",95.14
MINDSPACE,RR,05-Apr-2021,302.92,300.50,304.90,293.00,297.25,297.24,298.38,"2,10,600","6,28,39,678.00",951,"1,94,400",92.31
MINDSPACE,RR,06-Apr-2021,297.24,299.99,301.00,298.00,299.00,299.00,299.11,"83,000","2,48,26,196.00",119,"79,400",95.66
MINDSPACE,RR,07-Apr-2021,299.00,301.00,301.00,298.50,299.00,299.44,299.41,"5,42,200","16,23,39,410.00",411,"5,28,600",97.49
MINDSPACE,RR,08-Apr-2021,299.44,302.30,302.30,294.80,294.89,295.82,296.75,"93,000","2,75,97,922.00",213,"85,800",92.26
MINDSPACE,RR,09-Apr-2021,295.82,296.50,301.55,296.00,301.00,300.19,299.42,"47,000","1,40,72,568.00",149,"39,800",84.68
MINDSPACE,RR,12-Apr-2021,300.19,297.25,299.99,294.00,298.00,297.87,297.03,"70,600","2,09,70,372.00",217,"58,400",82.72
MINDSPACE,RR,13-Apr-2021,297.87,295.05,300.00,295.05,297.13,297.81,298.59,"42,000","1,25,40,770.00",131,"30,200",71.90
MINDSPACE,RR,15-Apr-2021,297.81,297.49,297.49,291.00,293.51,294.72,292.92,"1,30,600","3,82,54,840.00",339,"1,14,800",87.90
MINDSPACE,RR,16-Apr-2021,294.72,295.00,296.00,290.01,290.70,291.40,293.98,"1,43,400","4,21,57,252.00",349,"1,35,200",94.28
MINDSPACE,RR,19-Apr-2021,291.40,290.00,296.00,290.00,296.00,295.81,293.84,"80,800","2,37,41,950.00",212,"73,800",91.34
MINDSPACE,RR,20-Apr-2021,295.81,295.00,301.80,295.00,297.00,297.33,297.68,"86,000","2,56,00,856.00",333,"67,000",77.91
MINDSPACE,RR,22-Apr-2021,297.33,297.00,299.70,294.00,296.00,295.86,295.82,"1,11,400","3,29,54,776.00",362,"90,000",80.79
MINDSPACE,RR,23-Apr-2021,295.86,299.00,299.00,295.11,298.00,298.22,297.89,"1,24,800","3,71,76,470.00",318,"99,200",79.49
MINDSPACE,RR,26-Apr-2021,298.22,299.00,301.00,295.25,298.00,297.99,298.91,"41,600","1,24,34,596.00",138,"33,400",80.29
MINDSPACE,RR,27-Apr-2021,297.99,298.07,300.90,296.88,297.30,298.63,298.55,"1,67,200","4,99,17,914.00",411,"1,55,200",92.82
MINDSPACE,RR,28-Apr-2021,298.63,299.99,300.00,297.00,299.00,299.06,299.20,"3,99,800","11,96,22,134.00",400,"3,76,600",94.20
MINDSPACE,RR,29-Apr-2021,299.06,299.00,299.00,296.00,297.56,297.22,297.70,"40,600","1,20,86,640.00",139,"31,600",77.83
MINDSPACE,RR,30-Apr-2021,297.22,296.10,300.99,296.10,299.00,299.49,299.52,"5,27,200","15,79,05,664.00",866,"4,60,800",87.41
MINDSPACE,RR,03-May-2021,299.49,300.80,300.80,290.00,298.15,298.69,298.33,"70,600","2,10,62,116.00",222,"62,600",88.67
MINDSPACE,RR,04-May-2021,298.69,297.00,299.50,297.00,297.90,297.65,298.16,"1,30,400","3,88,80,622.00",412,"1,14,400",87.73
MINDSPACE,RR,05-May-2021,297.65,297.90,298.00,289.01,294.70,290.68,291.87,"4,19,000","12,22,93,446.00",902,"3,88,600",92.74
MINDSPACE,RR,06-May-2021,290.68,294.75,294.75,289.00,289.31,289.78,290.03,"1,76,600","5,12,19,514.00",471,"1,59,800",90.49
MINDSPACE,RR,07-May-2021,289.78,289.35,290.47,287.51,290.00,289.50,288.86,"2,32,400","6,71,30,472.00",500,"2,06,000",88.64
MINDSPACE,RR,10-May-2021,289.50,290.00,290.50,288.01,290.00,289.84,289.46,"2,59,800","7,52,00,556.00",564,"2,28,800",88.07
MINDSPACE,RR,11-May-2021,289.84,289.31,290.01,289.00,289.51,289.97,289.94,"4,34,600","12,60,06,868.00",343,"4,15,200",95.54
MINDSPACE,RR,12-May-2021,289.97,290.80,290.80,289.01,290.00,289.99,290.04,"1,71,400","4,97,13,328.00",286,"1,68,200",98.13
MINDSPACE,RR,14-May-2021,289.99,291.70,291.70,289.51,290.00,289.95,289.95,"61,800","1,79,18,764.00",100,"59,800",96.76
MINDSPACE,RR,17-May-2021,289.95,291.20,291.20,288.00,289.00,288.84,289.00,"2,30,000","6,64,69,206.00",316,"2,14,200",93.13
MINDSPACE,RR,18-May-2021,288.84,288.84,292.50,288.84,292.40,290.29,289.99,"2,54,000","7,36,57,664.00",629,"2,48,600",97.87
MINDSPACE,RR,19-May-2021,290.29,290.76,290.76,288.31,290.00,289.88,289.76,"1,73,200","5,01,85,968.00",288,"1,67,600",96.77
MINDSPACE,RR,20-May-2021,289.88,290.00,290.00,288.00,290.00,289.97,289.57,"66,200","1,91,69,476.00",158,"36,400",54.98
MINDSPACE,RR,21-May-2021,289.97,288.07,289.99,287.60,288.50,288.22,288.84,"2,29,400","6,62,60,712.00",703,"1,95,000",85.00
MINDSPACE,RR,24-May-2021,288.22,287.50,288.22,281.16,282.00,282.51,285.31,"5,99,800","17,11,31,224.00",835,"4,80,800",80.16
MINDSPACE,RR,25-May-2021,282.51,282.99,283.00,279.50,280.53,281.66,280.62,"4,18,600","11,74,69,070.00",481,"2,62,200",62.64
MINDSPACE,RR,26-May-2021,281.66,280.05,281.00,279.10,279.80,279.78,279.72,"1,61,600","4,52,02,988.00",519,"1,45,600",90.10
MINDSPACE,RR,27-May-2021,279.78,282.00,282.00,278.70,278.70,279.41,279.73,"3,62,000","10,12,62,384.00",712,"3,08,000",85.08
MINDSPACE,RR,28-May-2021,279.41,281.50,281.80,275.05,279.00,277.91,277.43,"6,82,800","18,94,27,840.00","1,090","6,14,800",90.04
MINDSPACE,RR,31-May-2021,277.91,279.95,279.95,274.95,276.00,275.41,277.01,"6,52,400","18,07,20,006.00","1,039","4,46,200",68.39
MINDSPACE,RR,01-Jun-2021,275.41,276.90,280.00,276.50,277.00,276.96,277.26,"2,52,400","6,99,79,358.00",699,"2,23,000",88.35
MINDSPACE,RR,02-Jun-2021,276.96,277.00,282.90,277.00,278.51,279.21,279.17,"4,07,800","11,38,43,794.00","1,134","3,21,200",78.76
MINDSPACE,RR,03-Jun-2021,279.21,279.65,284.90,278.10,282.40,282.09,281.22,"3,79,000","10,65,80,530.00",858,"2,98,400",78.73
MINDSPACE,RR,04-Jun-2021,282.09,281.00,284.60,276.00,277.25,277.41,278.49,"5,17,400","14,40,89,638.00",735,"3,44,000",66.49
MINDSPACE,RR,07-Jun-2021,277.41,279.70,283.20,277.10,281.20,281.87,281.65,"6,67,800","18,80,87,758.00","1,316","6,00,400",89.91
MINDSPACE,RR,08-Jun-2021,281.87,282.90,283.90,280.31,281.90,281.82,281.88,"3,47,400","9,79,26,186.00",619,"2,89,000",83.19
MINDSPACE,RR,09-Jun-2021,281.82,281.62,287.80,281.05,287.50,287.41,282.81,"11,14,400","31,51,66,626.00",895,"10,54,000",94.58
MINDSPACE,RR,10-Jun-2021,287.41,288.00,295.00,286.70,294.00,294.16,290.63,"7,19,600","20,91,34,320.00",607,"6,90,000",95.89
MINDSPACE,RR,11-Jun-2021,294.16,296.98,296.98,294.00,295.00,295.04,295.72,"2,34,000","6,91,99,352.00",634,"2,11,400",90.34
MINDSPACE,RR,14-Jun-2021,295.04,296.88,296.88,290.00,292.00,292.06,292.68,"94,800","2,77,45,996.00",335,"65,600",69.20
MINDSPACE,RR,15-Jun-2021,292.06,291.80,297.35,291.80,292.10,292.27,295.16,"1,30,400","3,84,89,194.00",418,"1,10,400",84.66
MINDSPACE,RR,16-Jun-2021,292.27,290.15,295.00,288.10,288.95,288.95,291.28,"1,18,000","3,43,70,790.00",194,"1,11,600",94.58
MINDSPACE,RR,17-Jun-2021,288.95,288.20,293.44,286.25,289.02,289.92,291.74,"95,800","2,79,48,464.00",221,"77,200",80.58
MINDSPACE,RR,18-Jun-2021,289.92,290.65,290.91,283.30,284.00,284.64,285.72,"2,38,400","6,81,15,978.00",659,"1,68,600",70.72
MINDSPACE,RR,21-Jun-2021,284.64,285.99,289.00,282.65,285.55,285.85,285.54,"73,000","2,08,44,422.00",250,"52,200",71.51
MINDSPACE,RR,22-Jun-2021,285.85,289.43,289.43,286.01,289.00,288.07,288.35,"72,200","2,08,19,018.00",175,"61,000",84.49
MINDSPACE,RR,23-Jun-2021,288.07,290.38,292.00,286.90,287.12,287.84,290.23,"2,10,800","6,11,80,924.00",723,"1,71,800",81.50
MINDSPACE,RR,24-Jun-2021,287.84,288.00,289.94,285.15,286.74,287.13,287.62,"88,200","2,53,68,370.00",276,"69,400",78.68
MINDSPACE,RR,25-Jun-2021,287.13,286.06,288.76,286.04,286.39,286.74,287.02,"1,47,600","4,23,63,646.00",385,"1,26,400",85.64
MINDSPACE,RR,28-Jun-2021,286.74,286.74,291.00,282.55,283.77,283.70,286.46,"2,22,600","6,37,66,794.00",567,"1,86,000",83.56
MINDSPACE,RR,29-Jun-2021,283.70,285.00,285.00,281.00,282.00,281.76,282.04,"10,12,200","28,54,83,218.00",489,"9,95,200",98.32
MINDSPACE,RR,30-Jun-2021,281.76,281.55,286.00,280.51,282.99,282.74,282.67,"2,00,200","5,65,90,274.00",555,"1,67,800",83.82
MINDSPACE,RR,01-Jul-2021,282.74,285.00,285.99,281.75,282.00,281.99,282.17,"11,06,600","31,22,50,744.00",875,"10,86,600",98.19
MINDSPACE,RR,02-Jul-2021,281.99,282.00,283.88,281.56,282.02,282.03,282.03,"1,38,800","3,91,46,252.00",361,"1,34,600",96.97
MINDSPACE,RR,05-Jul-2021,282.03,282.50,283.00,281.01,281.88,281.94,281.84,"73,600","2,07,43,186.00",257,"64,400",87.50
MINDSPACE,RR,06-Jul-2021,281.94,282.00,283.00,281.51,282.00,282.00,282.05,"1,13,400","3,19,84,194.00",276,"1,09,400",96.47
MINDSPACE,RR,07-Jul-2021,282.00,283.00,283.50,281.70,282.95,282.36,282.31,"2,09,800","5,92,28,306.00",377,"1,94,200",92.56
MINDSPACE,RR,08-Jul-2021,282.36,283.00,283.00,282.00,283.00,282.80,282.43,"1,10,000","3,10,66,790.00",271,"99,200",90.18
MINDSPACE,RR,09-Jul-2021,282.80,282.00,282.70,281.40,281.40,281.48,281.97,"2,68,400","7,56,80,028.00",575,"2,62,600",97.84
MINDSPACE,RR,12-Jul-2021,281.48,283.00,286.00,282.00,282.15,282.07,282.65,"1,51,600","4,28,49,840.00",479,"1,32,000",87.07
MINDSPACE,RR,13-Jul-2021,282.07,283.50,284.49,281.35,282.00,281.87,282.08,"4,99,400","14,08,70,606.00",894,"4,66,200",93.35
MINDSPACE,RR,14-Jul-2021,281.87,281.87,283.90,281.30,281.60,281.76,282.26,"2,80,400","7,91,44,732.00",933,"2,29,800",81.95
MINDSPACE,RR,15-Jul-2021,281.76,281.01,283.49,280.05,280.79,280.75,281.60,"3,80,000","10,70,09,884.00","1,037","3,22,400",84.84
MINDSPACE,RR,16-Jul-2021,280.75,282.80,282.80,279.06,282.00,281.42,280.82,"4,46,800","12,54,71,028.00","1,123","3,99,800",89.48
MINDSPACE,RR,19-Jul-2021,281.42,282.00,287.49,280.05,284.35,285.56,284.93,"4,21,400","12,00,70,180.00","1,003","3,42,000",81.16
MINDSPACE,RR,20-Jul-2021,285.56,284.50,286.05,282.20,283.25,284.09,283.98,"1,24,200","3,52,70,040.00",377,"1,03,600",83.41
MINDSPACE,RR,22-Jul-2021,284.09,283.05,285.87,282.20,282.21,282.43,283.15,"83,200","2,35,57,890.00",264,"70,000",84.13
MINDSPACE,RR,23-Jul-2021,282.43,282.43,284.89,281.55,282.60,283.14,282.30,"1,83,000","5,16,60,832.00",469,"1,67,000",91.26
MINDSPACE,RR,26-Jul-2021,283.14,282.00,285.00,281.00,284.20,282.94,282.40,"1,38,400","3,90,84,610.00",403,"98,600",71.24
MINDSPACE,RR,27-Jul-2021,282.94,283.50,285.00,281.25,283.50,284.15,283.75,"1,02,600","2,91,12,714.00",292,"78,400",76.41
MINDSPACE,RR,28-Jul-2021,284.15,284.98,284.98,279.00,283.75,281.91,281.31,"1,58,800","4,46,71,444.00",447,"1,14,400",72.04
MINDSPACE,RR,29-Jul-2021,281.91,284.50,285.25,279.85,280.01,280.02,282.01,"3,05,400","8,61,26,054.00",645,"2,75,200",90.11
MINDSPACE,RR,30-Jul-2021,280.02,280.50,284.60,280.50,282.45,283.54,282.93,"1,20,400","3,40,65,190.00",373,"94,400",78.41
MINDSPACE,RR,02-Aug-2021,283.54,283.80,290.48,283.20,286.66,288.29,287.53,"2,62,600","7,55,05,716.00",652,"2,10,200",80.05
MINDSPACE,RR,03-Aug-2021,288.29,288.29,297.15,287.15,297.00,291.15,290.09,"3,57,000","10,35,62,300.00",784,"3,04,800",85.38
MINDSPACE,RR,04-Aug-2021,291.15,294.80,296.50,285.00,287.05,287.06,292.01,"2,15,200","6,28,40,664.00",820,"1,72,000",79.93
MINDSPACE,RR,05-Aug-2021,287.06,286.80,287.90,284.02,285.50,285.46,286.06,"1,65,000","4,72,00,112.00",381,"1,37,800",83.52
MINDSPACE,RR,06-Aug-2021,285.46,287.00,288.99,284.06,286.31,286.98,287.21,"2,01,200","5,77,86,178.00",291,"1,66,200",82.60
MINDSPACE,RR,09-Aug-2021,286.98,287.87,289.60,286.50,287.50,287.27,287.66,"99,000","2,84,78,180.00",244,"79,200",80.00
MINDSPACE,RR,10-Aug-2021,287.27,287.77,288.50,286.50,287.50,287.13,287.39,"73,000","2,09,79,778.00",223,"63,000",86.30
MINDSPACE,RR,11-Aug-2021,287.13,288.40,288.40,285.02,286.80,286.57,286.58,"86,163","2,46,92,218.18","1,111","82,857",96.16
MINDSPACE,RR,12-Aug-2021,286.57,287.99,294.98,286.01,290.00,290.08,288.98,"2,31,901","6,70,13,865.70",989,"2,12,076",91.45
MINDSPACE,RR,13-Aug-2021,290.08,292.50,294.69,288.05,294.69,294.30,293.75,"73,173","2,14,94,417.38","1,976","57,992",79.25
MINDSPACE,RR,16-Aug-2021,294.30,294.75,297.00,291.00,295.37,296.07,295.14,"66,161","1,95,26,860.10",707,"50,927",76.97
MINDSPACE,RR,17-Aug-2021,296.07,294.50,294.85,290.00,293.00,293.54,293.08,"3,71,637","10,89,19,500.24","1,668","3,41,891",92.00
MINDSPACE,RR,18-Aug-2021,293.54,293.50,294.24,291.00,293.00,293.00,293.14,"5,05,346","14,81,35,110.89",902,"4,96,872",98.32
MINDSPACE,RR,20-Aug-2021,293.00,292.03,292.03,288.00,288.35,288.59,289.73,"1,87,345","5,42,78,568.40","1,431","1,63,942",87.51
MINDSPACE,RR,23-Aug-2021,288.59,289.00,291.90,287.00,287.55,289.60,289.68,"1,76,912","5,12,48,217.35","2,946","1,58,345",89.50
MINDSPACE,RR,24-Aug-2021,289.60,289.89,297.45,288.00,295.00,294.00,291.58,"2,67,155","7,78,97,450.17","2,625","2,36,884",88.67
MINDSPACE,RR,25-Aug-2021,294.00,294.44,298.01,290.25,294.00,295.17,295.07,"3,27,305","9,65,77,075.82","2,931","3,13,401",95.75
MINDSPACE,RR,26-Aug-2021,295.17,297.49,297.50,288.01,289.80,289.03,290.51,"1,21,386","3,52,63,841.46",923,"1,06,532",87.76
MINDSPACE,RR,27-Aug-2021,289.03,289.80,293.00,289.00,289.00,291.37,291.20,"1,27,505","3,71,29,542.64",999,"1,12,002",87.84
MINDSPACE,RR,30-Aug-2021,291.37,290.89,291.90,289.50,289.90,289.98,290.43,"1,27,043","3,68,97,394.26","1,408","1,22,470",96.40
MINDSPACE,RR,31-Aug-2021,289.98,291.00,291.50,289.00,291.00,290.85,290.70,"1,59,459","4,63,55,330.02","2,120","1,34,042",84.06
MINDSPACE,RR,01-Sep-2021,290.85,291.00,291.00,287.99,289.70,288.76,289.65,"3,26,813","9,46,60,035.11","1,088","3,13,881",96.04
MINDSPACE,RR,02-Sep-2021,288.76,291.90,345.00,288.25,288.71,290.01,290.87,"4,52,331","13,15,71,519.26","1,682","4,38,319",96.90
MINDSPACE,RR,03-Sep-2021,290.01,290.90,291.50,288.56,288.66,290.19,289.85,"7,18,669","20,83,05,227.40","2,228","6,22,212",86.58
MINDSPACE,RR,06-Sep-2021,290.19,289.99,291.50,288.75,290.50,290.50,289.93,"1,39,355","4,04,02,643.87","1,466","1,31,720",94.52
MINDSPACE,RR,07-Sep-2021,290.50,290.50,297.90,288.25,297.10,296.70,292.29,"4,19,304","12,25,57,625.12","1,130","3,90,780",93.20
MINDSPACE,RR,08-Sep-2021,296.70,298.99,299.00,290.50,293.00,293.59,292.74,"1,96,144","5,74,18,925.41","1,225","1,69,580",86.46
MINDSPACE,RR,09-Sep-2021,293.59,296.50,300.00,291.55,297.00,296.88,293.40,"14,32,431","42,02,79,884.62","1,634","13,90,399",97.07
MINDSPACE,RR,13-Sep-2021,296.88,298.50,299.75,296.05,298.11,298.79,297.67,"1,51,821","4,51,92,823.46","1,373","1,34,341",88.49
MINDSPACE,RR,14-Sep-2021,298.79,299.09,301.75,296.00,298.00,297.05,298.63,"1,96,324","5,86,27,465.14","1,698","1,83,309",93.37
MINDSPACE,RR,15-Sep-2021,297.05,297.05,298.50,294.50,295.40,295.23,297.05,"77,265","2,29,51,340.74","1,370","62,764",81.23
MINDSPACE,RR,16-Sep-2021,295.23,296.35,299.50,294.00,298.40,298.01,296.58,"1,88,425","5,58,83,646.38","1,573","1,51,049",80.16
MINDSPACE,RR,17-Sep-2021,298.01,299.00,299.00,293.00,296.04,297.46,297.08,"6,89,496","20,48,33,942.59","4,926","6,24,700",90.60
MINDSPACE,RR,20-Sep-2021,297.46,299.00,299.00,293.00,295.50,295.30,295.59,"1,30,772","3,86,54,391.11","1,437","1,15,095",88.01
MINDSPACE,RR,21-Sep-2021,295.30,298.30,298.30,293.00,296.00,295.32,294.93,"65,173","1,92,21,460.43","1,323","58,156",89.23
MINDSPACE,RR,22-Sep-2021,295.32,297.70,298.88,296.00,297.50,297.51,297.43,"46,050","1,36,96,669.56",788,"41,569",90.27
MINDSPACE,RR,23-Sep-2021,297.51,299.50,299.50,297.00,298.00,297.95,298.01,"4,89,115","14,57,61,732.52","1,947","4,82,797",98.71
MINDSPACE,RR,24-Sep-2021,297.95,299.00,299.00,295.50,296.00,295.99,297.72,"2,05,023","6,10,39,838.57",481,"2,02,168",98.61
MINDSPACE,RR,27-Sep-2021,295.99,301.99,301.99,295.70,296.25,296.51,297.11,"1,12,548","3,34,39,378.67","1,622","1,02,045",90.67
MINDSPACE,RR,28-Sep-2021,296.51,299.00,300.85,293.10,294.00,295.94,297.99,"5,45,756","16,26,31,801.37","3,634","4,24,179",77.72
MINDSPACE,RR,29-Sep-2021,295.94,294.83,301.75,294.10,298.00,298.30,299.22,"2,71,032","8,10,97,148.29","2,357","2,54,583",93.93
MINDSPACE,RR,30-Sep-2021,298.30,298.28,307.29,298.00,306.81,306.79,301.45,"1,49,317","4,50,10,904.99","5,372","1,36,918",91.70
MINDSPACE,RR,01-Oct-2021,306.79,304.95,313.45,298.00,308.79,308.35,308.31,"1,17,942","3,63,62,550.40","1,299","97,318",82.51
MINDSPACE,RR,04-Oct-2021,308.35,309.85,312.00,305.73,310.90,310.72,310.19,"1,85,494","5,75,38,514.29",991,"1,71,919",92.68
MINDSPACE,RR,05-Oct-2021,310.72,311.99,313.90,307.00,310.80,310.23,310.86,"78,810","2,44,98,728.14","4,627","59,450",75.43
MINDSPACE,RR,06-Oct-2021,310.23,312.95,313.00,308.20,308.70,309.92,309.90,"1,52,028","4,71,12,720.85",695,"1,47,337",96.91
MINDSPACE,RR,07-Oct-2021,309.92,309.15,313.49,303.85,305.80,305.78,308.76,"1,08,834","3,36,03,529.96","1,690","95,772",88.00
MINDSPACE,RR,08-Oct-2021,305.78,308.18,308.18,305.20,305.99,305.95,307.03,"2,32,506","7,13,87,264.53",637,"2,23,449",96.10
MINDSPACE,RR,11-Oct-2021,305.95,305.50,310.50,303.05,307.40,308.61,307.88,"1,13,365","3,49,02,921.28","2,146","84,447",74.49
MINDSPACE,RR,12-Oct-2021,308.61,310.00,315.05,305.00,312.00,311.78,311.16,"4,10,542","12,77,45,998.88","6,820","3,67,276",89.46
MINDSPACE,RR,13-Oct-2021,311.78,313.80,321.60,303.00,319.50,320.04,318.82,"3,45,421","11,01,26,046.97","2,783","2,91,876",84.50
MINDSPACE,RR,14-Oct-2021,320.04,321.90,327.00,319.00,323.40,323.45,323.53,"6,74,174","21,81,14,585.58","3,994","6,30,506",93.52
MINDSPACE,RR,18-Oct-2021,323.45,326.90,333.00,323.45,329.02,330.91,331.16,"5,47,278","18,12,36,830.56","4,790","4,86,960",88.98
MINDSPACE,RR,19-Oct-2021,330.91,332.00,332.00,327.50,328.20,328.91,329.65,"83,919","2,76,63,625.53","1,726","74,268",88.50
MINDSPACE,RR,20-Oct-2021,328.91,329.90,332.00,328.00,330.00,330.97,330.08,"96,865","3,19,72,925.24","3,140","82,677",85.35
MINDSPACE,RR,21-Oct-2021,330.97,330.97,342.00,292.03,325.80,321.52,331.85,"30,91,056","1,02,57,60,814.09","21,232","22,39,470",72.45
MINDSPACE,RR,22-Oct-2021,321.52,329.95,329.95,320.00,320.00,321.05,321.90,"1,11,404","3,58,60,663.36","3,860","87,528",78.57
MINDSPACE,RR,25-Oct-2021,321.05,330.95,330.95,315.01,316.12,317.61,321.61,"1,02,502","3,29,65,324.90","3,177","77,079",75.20
MINDSPACE,RR,26-Oct-2021,317.61,319.80,326.00,318.00,322.75,323.64,322.34,"94,282","3,03,90,948.54","1,976","76,662",81.31
MINDSPACE,RR,27-Oct-2021,323.64,324.00,328.45,323.64,327.00,327.15,324.84,"3,34,027","10,85,04,475.01","1,365","3,15,328",94.40
MINDSPACE,RR,28-Oct-2021,327.15,329.80,332.10,324.10,330.00,330.37,328.99,"2,02,583","6,66,47,449.21","1,721","1,86,490",92.06
MINDSPACE,RR,29-Oct-2021,330.37,330.37,333.00,315.01,326.00,326.41,328.20,"1,35,208","4,43,75,768.85","1,547","1,20,019",88.77
MINDSPACE,RR,01-Nov-2021,326.41,329.99,330.01,320.51,322.99,324.42,326.62,"72,770","2,37,68,100.58","1,817","60,887",83.67
MINDSPACE,RR,02-Nov-2021,324.42,320.70,326.90,320.70,324.13,324.81,324.21,"1,91,235","6,20,00,016.09","4,180","1,20,343",62.93
MINDSPACE,RR,03-Nov-2021,324.81,324.81,327.80,318.00,320.03,320.99,321.04,"1,99,526","6,40,55,053.45","3,743","1,53,957",77.16
MINDSPACE,RR,04-Nov-2021,320.99,324.50,326.90,321.20,325.50,324.40,324.39,"15,299","49,62,768.65",488,"11,151",72.89
MINDSPACE,RR,08-Nov-2021,324.40,329.85,332.00,318.05,319.58,319.80,320.43,"87,662","2,80,89,358.74","2,308","73,940",84.35
MINDSPACE,RR,09-Nov-2021,319.80,323.98,324.78,319.00,322.48,323.39,320.20,"2,02,814","6,49,40,235.76","1,234","1,81,360",89.42
MINDSPACE,RR,10-Nov-2021,323.39,324.40,331.00,315.00,328.00,329.51,324.02,"1,51,379","4,90,49,923.64","1,785","1,08,865",71.92
MINDSPACE,RR,11-Nov-2021,329.51,327.86,330.00,320.00,322.01,324.13,327.55,"1,25,994","4,12,68,708.02","1,643","1,17,146",92.98
MINDSPACE,RR,12-Nov-2021,324.13,328.40,330.00,322.05,326.79,326.55,324.90,"1,71,892","5,58,48,082.15","2,901","1,57,266",91.49
MINDSPACE,RR,15-Nov-2021,326.55,331.85,332.00,327.51,328.10,328.81,329.85,"87,936","2,90,05,764.92","1,242","76,443",86.93
MINDSPACE,RR,16-Nov-2021,328.81,330.40,331.50,328.00,329.00,329.98,329.92,"1,02,636","3,38,61,723.49","1,244","93,819",91.41
MINDSPACE,RR,17-Nov-2021,329.98,329.99,330.00,325.00,326.98,326.94,327.72,"48,461","1,58,81,407.80",600,"46,890",96.76
MINDSPACE,RR,18-Nov-2021,326.94,327.00,334.00,325.00,326.10,326.55,327.79,"32,152","1,05,38,976.11","1,448","24,989",77.72
MINDSPACE,RR,22-Nov-2021,326.55,329.50,332.00,320.50,323.60,324.81,326.05,"88,584","2,88,82,464.79","1,296","65,284",73.70
MINDSPACE,RR,23-Nov-2021,324.81,327.99,332.00,324.00,325.90,326.43,329.75,"1,41,132","4,65,38,404.76","1,117","1,22,902",87.08
MINDSPACE,RR,24-Nov-2021,326.43,329.70,330.50,326.30,326.30,327.92,328.70,"1,17,922","3,87,61,006.54","1,235","1,07,108",90.83
MINDSPACE,RR,25-Nov-2021,327.92,329.96,329.96,320.50,328.45,326.31,324.98,"34,095","1,10,80,233.13","1,620","23,862",69.99
MINDSPACE,RR,26-Nov-2021,326.31,325.00,333.00,325.00,330.70,331.22,330.51,"1,31,866","4,35,83,383.23","1,397","98,452",74.66
MINDSPACE,RR,29-Nov-2021,331.22,333.90,333.90,322.00,326.99,326.46,327.46,"79,851","2,61,48,376.90","1,398","61,885",77.50
MINDSPACE,RR,30-Nov-2021,326.46,329.80,329.89,315.40,317.01,316.93,319.87,"2,46,892","7,89,72,451.60","3,682","1,98,273",80.31
MINDSPACE,RR,01-Dec-2021,316.93,317.00,325.00,317.00,318.99,318.54,318.98,"27,135","86,55,504.23","1,579","24,436",90.05
MINDSPACE,RR,02-Dec-2021,318.54,324.50,324.50,318.50,318.85,318.99,319.77,"1,81,596","5,80,69,596.72","1,593","1,67,860",92.44
MINDSPACE,RR,03-Dec-2021,318.99,319.00,327.99,319.00,325.01,326.23,323.27,"26,729","86,40,800.98","1,064","17,915",67.02
MINDSPACE,RR,06-Dec-2021,326.23,328.00,328.00,319.10,320.60,320.98,321.55,"1,68,242","5,40,98,412.50","2,973","1,41,284",83.98
MINDSPACE,RR,07-Dec-2021,320.98,325.70,327.90,317.00,324.00,323.97,320.44,"1,72,851","5,53,88,970.94","3,266","1,37,922",79.79
MINDSPACE,RR,08-Dec-2021,323.97,327.81,330.00,321.21,329.50,328.86,327.99,"42,327","1,38,82,711.17","1,227","31,788",75.10
MINDSPACE,RR,09-Dec-2021,328.86,328.10,329.00,323.00,323.11,325.26,325.86,"3,42,647","11,16,56,295.85","2,381","3,30,857",96.56
MINDSPACE,RR,10-Dec-2021,325.26,325.26,327.90,321.96,322.50,322.79,323.28,"60,576","1,95,82,914.62","1,150","49,741",82.11
MINDSPACE,RR,13-Dec-2021,322.79,324.87,330.80,320.30,330.79,329.98,328.43,"50,967","1,67,39,141.61","1,675","38,419",75.38
MINDSPACE,RR,14-Dec-2021,329.98,329.98,329.98,323.78,326.88,324.57,326.13,"50,945","1,66,14,871.84","1,082","42,385",83.20
MINDSPACE,RR,15-Dec-2021,324.57,327.49,331.00,323.31,330.00,329.68,328.76,"48,311","1,58,82,827.30",779,"35,784",74.07
MINDSPACE,RR,16-Dec-2021,329.68,330.95,330.95,326.10,327.00,327.04,327.86,"48,757","1,59,85,596.47",422,"44,227",90.71
MINDSPACE,RR,17-Dec-2021,327.04,325.30,328.51,321.76,326.00,325.74,324.52,"2,39,357","7,76,76,790.57","2,638","2,00,647",83.83
MINDSPACE,RR,20-Dec-2021,325.74,325.10,325.10,316.50,318.15,318.72,319.74,"1,58,088","5,05,47,075.74","1,532","1,42,722",90.28
MINDSPACE,RR,21-Dec-2021,318.72,322.80,322.80,317.50,318.00,319.71,320.32,"92,286","2,95,61,254.86","1,044","74,940",81.20
MINDSPACE,RR,22-Dec-2021,319.71,320.99,329.70,319.05,326.55,327.77,323.16,"50,017","1,61,63,685.43","1,158","44,133",88.24
MINDSPACE,RR,23-Dec-2021,327.77,328.70,328.70,321.30,326.84,325.68,325.79,"49,421","1,61,00,694.11",911,"43,380",87.78
MINDSPACE,RR,24-Dec-2021,325.68,328.29,330.90,326.80,330.90,329.64,327.51,"14,34,277","46,97,45,696.42","2,926","14,25,086",99.36
MINDSPACE,RR,27-Dec-2021,329.64,330.86,335.00,321.51,333.00,332.76,331.61,"63,272","2,09,81,613.72",621,"57,961",91.61
MINDSPACE,RR,28-Dec-2021,332.76,334.50,334.50,325.05,330.35,329.69,330.76,"69,727","2,30,62,600.41",882,"53,455",76.66
MINDSPACE,RR,29-Dec-2021,329.69,332.99,334.00,328.55,331.01,332.17,332.21,"29,207","97,02,831.07",261,"25,730",88.10
MINDSPACE,RR,30-Dec-2021,332.17,333.00,333.00,326.34,327.11,327.30,329.41,"1,06,654","3,51,33,307.77",904,"89,840",84.24
MINDSPACE,RR,31-Dec-2021,327.30,331.75,331.75,325.14,330.70,327.30,327.79,"93,715","3,07,18,754.27","2,698","67,078",71.58
MINDSPACE,RR,03-Jan-2022,327.30,332.95,332.95,326.51,327.62,328.62,329.15,"71,922","2,36,73,231.81",826,"63,214",87.89
MINDSPACE,RR,04-Jan-2022,328.62,330.00,331.90,327.99,329.00,328.80,329.10,"80,885","2,66,19,481.56",724,"77,755",96.13
MINDSPACE,RR,05-Jan-2022,328.80,331.20,332.80,328.25,329.00,329.59,329.93,"83,251","2,74,66,738.99",963,"67,836",81.48
MINDSPACE,RR,06-Jan-2022,329.59,329.80,333.00,325.00,328.30,329.20,327.58,"1,12,037","3,67,01,191.19","1,979","97,947",87.42
MINDSPACE,RR,07-Jan-2022,329.20,326.10,332.00,326.10,328.00,328.06,327.80,"46,653","1,52,92,993.69",908,"39,056",83.72
MINDSPACE,RR,10-Jan-2022,328.06,326.10,329.70,300.10,325.00,324.47,320.48,"3,07,403","9,85,17,486.79","6,652","2,04,428",66.50
MINDSPACE,RR,11-Jan-2022,324.47,320.10,329.80,320.10,329.80,328.94,327.19,"81,598","2,66,98,073.81","1,366","61,136",74.92
MINDSPACE,RR,12-Jan-2022,328.94,330.00,334.00,325.20,333.38,332.98,332.31,"2,06,500","6,86,21,105.21","1,887","1,86,837",90.48
MINDSPACE,RR,13-Jan-2022,332.98,334.00,344.60,325.00,342.98,342.85,338.65,"3,03,567","10,28,03,653.80","3,683","2,68,250",88.37
MINDSPACE,RR,14-Jan-2022,342.85,344.00,344.00,335.70,341.00,341.65,339.85,"1,00,085","3,40,14,225.21","3,564","85,011",84.94
MINDSPACE,RR,17-Jan-2022,341.65,342.30,351.00,339.78,348.00,347.97,344.34,"98,536","3,39,29,648.62","3,410","76,326",77.46
MINDSPACE,RR,18-Jan-2022,347.97,350.99,350.99,342.50,346.95,346.14,349.40,"5,61,585","19,62,19,268.94","4,455","5,43,297",96.74
MINDSPACE,RR,19-Jan-2022,346.14,346.00,348.89,341.87,343.00,344.42,344.16,"1,11,633","3,84,20,154.95","2,606","95,386",85.45
MINDSPACE,RR,20-Jan-2022,344.42,342.36,346.00,334.06,343.00,341.00,339.06,"58,630","1,98,79,118.47","2,114","41,070",70.05
MINDSPACE,RR,21-Jan-2022,341.00,340.00,350.85,338.00,350.00,349.62,345.13,"76,400","2,63,68,304.16","2,772","65,363",85.55
MINDSPACE,RR,24-Jan-2022,349.62,350.00,351.00,331.10,351.00,347.61,344.44,"1,84,384","6,35,08,878.10","2,917","1,61,080",87.36
MINDSPACE,RR,25-Jan-2022,347.61,349.50,350.95,341.20,343.00,343.97,346.87,"1,92,464","6,67,59,319.82","4,103","1,75,617",91.25
MINDSPACE,RR,27-Jan-2022,343.97,341.00,349.00,338.01,346.75,346.52,344.51,"1,06,740","3,67,73,441.26","2,076","91,981",86.17
MINDSPACE,RR,28-Jan-2022,346.52,350.88,350.88,340.00,343.86,343.10,343.39,"1,38,017","4,73,93,553.67","1,972","1,17,395",85.06
MINDSPACE,RR,31-Jan-2022,343.10,351.00,352.85,340.50,343.00,343.17,346.46,"2,08,641","7,22,85,568.93","1,502","1,95,648",93.77
MINDSPACE,RR,01-Feb-2022,343.17,347.00,351.98,340.00,347.20,344.97,346.05,"1,99,398","6,90,00,865.13","3,072","1,60,425",80.45
MINDSPACE,RR,02-Feb-2022,344.97,344.96,349.10,342.90,344.30,344.92,345.15,"54,789","1,89,10,527.67","2,404","45,174",82.45
MINDSPACE,RR,03-Feb-2022,344.92,345.90,347.86,344.01,344.82,345.33,345.77,"1,70,085","5,88,11,054.85","2,421","1,44,403",84.90
MINDSPACE,RR,04-Feb-2022,345.33,349.95,349.95,342.00,346.22,344.80,345.43,"1,45,874","5,03,89,684.43","4,361","1,15,113",78.91
MINDSPACE,RR,07-Feb-2022,344.80,349.80,351.00,344.00,349.80,349.98,347.54,"56,985","1,98,04,744.14","3,507","44,444",77.99
MINDSPACE,RR,08-Feb-2022,349.98,350.00,354.25,344.01,353.00,353.22,352.62,"77,421","2,73,00,116.32","1,516","72,812",94.05
MINDSPACE,RR,09-Feb-2022,353.22,354.00,360.00,316.00,356.00,357.94,352.05,"37,529","1,32,12,170.04","1,093","27,363",72.91
MINDSPACE,RR,10-Feb-2022,357.94,358.00,360.99,352.10,356.50,357.21,358.64,"89,485","3,20,92,593.98","1,347","76,077",85.02
MINDSPACE,RR,11-Feb-2022,357.21,357.21,364.00,353.10,359.85,361.57,361.11,"3,17,988","11,48,28,814.43","3,756","3,05,252",95.99
MINDSPACE,RR,14-Feb-2022,361.57,361.00,362.00,354.01,358.90,358.08,358.84,"1,24,373","4,46,29,876.07","1,851","1,05,237",84.61
MINDSPACE,RR,15-Feb-2022,358.08,360.00,361.00,356.00,359.00,358.94,359.44,"98,079","3,52,53,721.33","1,136","86,346",88.04
MINDSPACE,RR,16-Feb-2022,358.94,357.00,361.00,356.99,358.00,357.94,358.04,"88,259","3,15,99,883.49","1,753","78,255",88.67
MINDSPACE,RR,17-Feb-2022,357.94,362.00,362.00,358.10,360.99,360.15,359.91,"6,64,948","23,93,21,421.67","2,645","4,47,917",67.36
MINDSPACE,RR,18-Feb-2022,360.15,358.01,361.50,354.10,355.00,355.03,357.23,"46,461","1,65,97,137.30","1,313","37,900",81.57
MINDSPACE,RR,21-Feb-2022,355.03,358.34,358.40,345.30,350.80,347.71,351.74,"39,760","1,39,85,318.48","1,315","33,399",84.00
MINDSPACE,RR,22-Feb-2022,347.71,350.00,355.95,342.00,352.05,354.83,349.86,"82,526","2,88,72,355.91","1,566","70,097",84.94
MINDSPACE,RR,23-Feb-2022,354.83,354.83,355.00,347.25,349.99,349.23,351.44,"1,07,605","3,78,16,578.45","3,359","1,02,114",94.90
MINDSPACE,RR,24-Feb-2022,349.23,349.76,352.85,345.00,351.19,350.03,347.32,"1,15,523","4,01,24,019.40","2,506","1,04,486",90.45
MINDSPACE,RR,25-Feb-2022,350.03,347.10,357.85,347.10,355.00,355.34,353.62,"1,10,488","3,90,70,993.40","2,585","94,403",85.44
MINDSPACE,RR,28-Feb-2022,355.34,356.50,361.00,351.85,356.90,356.77,355.88,"77,621","2,76,23,725.01","2,608","65,025",83.77
MINDSPACE,RR,02-Mar-2022,356.77,355.50,361.89,352.26,354.00,354.83,355.59,"2,71,785","9,66,44,539.57","8,481","2,54,493",93.64
MINDSPACE,RR,03-Mar-2022,354.83,357.98,359.99,351.10,354.99,354.62,355.46,"2,17,494","7,73,10,438.69","2,603","2,02,908",93.29
MINDSPACE,RR,04-Mar-2022,354.62,357.80,359.99,351.00,352.15,354.87,354.79,"45,137","1,60,14,211.07","1,797","40,231",89.13
MINDSPACE,RR,07-Mar-2022,354.87,358.90,358.90,350.00,352.00,353.46,353.48,"85,007","3,00,48,028.87","3,256","73,796",86.81
MINDSPACE,RR,08-Mar-2022,353.46,352.24,356.00,351.00,355.35,354.87,354.52,"97,743","3,46,52,182.38","3,714","82,888",84.80
MINDSPACE,RR,09-Mar-2022,354.87,356.99,356.99,350.00,352.00,351.96,353.23,"1,70,153","6,01,02,500.67","4,897","1,58,316",93.04
MINDSPACE,RR,10-Mar-2022,351.96,352.29,355.70,351.10,352.99,352.98,352.89,"1,45,440","5,13,24,562.21","1,806","1,10,072",75.68
MINDSPACE,RR,11-Mar-2022,352.98,352.98,353.89,349.10,349.93,350.01,350.09,"3,24,028","11,34,38,164.20","1,733","3,13,549",96.77
MINDSPACE,RR,14-Mar-2022,350.01,354.90,354.90,344.25,344.55,346.32,349.51,"1,15,629","4,04,13,051.10","1,975","1,11,996",96.86
MINDSPACE,RR,15-Mar-2022,346.32,346.35,351.00,342.00,347.00,345.50,343.60,"81,713","2,80,76,236.78","3,138","73,012",89.35
MINDSPACE,RR,16-Mar-2022,345.50,349.30,350.00,344.05,348.21,349.67,347.99,"1,36,164","4,73,83,816.06","2,419","1,17,321",86.16
MINDSPACE,RR,17-Mar-2022,349.67,350.00,350.98,333.00,336.80,340.99,345.30,"3,63,121","12,53,84,579.91","3,988","3,19,839",88.08
MINDSPACE,RR,21-Mar-2022,340.99,340.90,343.70,339.00,340.60,340.88,341.34,"1,45,206","4,95,65,008.22","3,411","1,38,547",95.41
MINDSPACE,RR,22-Mar-2022,340.88,345.80,350.00,341.01,347.10,348.61,346.36,"1,04,085","3,60,50,360.99","2,647","84,486",81.17
MINDSPACE,RR,23-Mar-2022,348.61,350.25,353.40,346.25,348.99,348.96,348.91,"1,05,291","3,67,37,271.87","1,802","91,309",86.72
MINDSPACE,RR,24-Mar-2022,348.96,344.60,350.00,342.70,349.11,349.48,346.35,"63,471","2,19,83,349.79","3,828","57,048",89.88
MINDSPACE,RR,25-Mar-2022,349.48,349.48,349.70,345.00,345.00,346.47,347.74,"43,112","1,49,91,815.29","3,022","39,215",90.96
MINDSPACE,RR,28-Mar-2022,346.47,347.50,350.00,343.50,347.60,347.69,346.64,"38,532","1,33,56,781.65","3,923","31,469",81.67
MINDSPACE,RR,29-Mar-2022,347.69,350.00,351.00,339.00,341.50,341.70,345.28,"78,725","2,71,82,459.20","2,015","73,667",93.58
MINDSPACE,RR,30-Mar-2022,341.70,344.98,349.48,340.00,342.26,345.03,342.63,"1,06,093","3,63,50,166.06","2,821","95,498",90.01
MINDSPACE,RR,31-Mar-2022,345.03,348.80,349.70,345.00,346.02,346.54,346.81,"79,326","2,75,10,672.32","2,793","70,179",88.47
MINDSPACE,RR,01-Apr-2022,346.54,348.40,349.00,346.05,347.00,347.23,347.40,"31,264","1,08,61,244.69","1,469","24,496",78.35
MINDSPACE,RR,04-Apr-2022,347.23,349.80,369.48,348.20,348.22,349.47,353.70,"1,07,795","3,81,26,707.55","6,968","76,070",70.57
MINDSPACE,RR,05-Apr-2022,349.47,349.00,357.90,347.20,348.25,348.73,349.67,"1,14,652","4,00,90,322.70","7,234","87,317",76.16
MINDSPACE,RR,06-Apr-2022,348.73,353.00,353.70,347.60,350.00,349.93,350.15,"56,066","1,96,31,401.19","2,830","50,742",90.50
MINDSPACE,RR,07-Apr-2022,349.93,352.40,352.40,345.50,346.00,346.04,346.73,"2,09,647","7,26,91,640.88","4,551","1,93,124",92.12
MINDSPACE,RR,08-Apr-2022,346.04,348.20,349.45,345.50,348.72,347.16,346.17,"73,755","2,55,32,129.96","5,614","66,234",89.80
MINDSPACE,RR,11-Apr-2022,347.16,349.70,350.99,346.03,348.21,348.17,348.67,"1,02,680","3,58,01,309.58","3,808","89,680",87.34
MINDSPACE,RR,12-Apr-2022,348.17,347.57,349.25,346.70,348.75,348.77,348.63,"49,089","1,71,13,715.34","1,171","43,111",87.82
MINDSPACE,RR,13-Apr-2022,348.77,349.00,349.98,347.56,348.85,348.94,348.82,"94,815","3,30,73,018.95","1,446","91,116",96.10
MINDSPACE,RR,18-Apr-2022,348.94,348.20,351.80,346.00,346.51,346.87,347.53,"1,22,187","4,24,63,948.56","4,690","1,03,142",84.41
MINDSPACE,RR,19-Apr-2022,346.87,348.40,349.99,346.00,346.70,348.24,347.89,"1,03,447","3,59,87,982.01","2,091","93,780",90.66
MINDSPACE,RR,20-Apr-2022,348.24,349.30,349.30,346.00,346.55,346.53,346.93,"1,43,564","4,98,06,958.77","1,392","1,27,360",88.71
MINDSPACE,RR,21-Apr-2022,346.53,346.11,348.80,346.10,346.51,346.99,346.91,"3,99,197","13,84,86,972.51","3,228","3,86,508",96.82
MINDSPACE,RR,22-Apr-2022,346.99,347.80,351.00,346.60,350.00,348.61,349.04,"1,32,135","4,61,19,868.23","1,533","1,14,402",86.58
MINDSPACE,RR,25-Apr-2022,348.61,349.30,353.88,347.12,349.98,349.48,350.26,"68,604","2,40,28,990.14","3,863","56,024",81.66
MINDSPACE,RR,26-Apr-2022,349.48,352.69,352.69,348.00,349.97,348.59,349.05,"79,624","2,77,93,141.04","1,570","72,378",90.90
MINDSPACE,RR,27-Apr-2022,348.59,351.80,351.80,348.03,349.50,349.80,349.57,"87,069","3,04,36,428.22","1,548","83,212",95.57
MINDSPACE,RR,28-Apr-2022,349.80,351.00,354.00,347.51,347.80,348.15,349.76,"47,381","1,65,72,109.73",957,"42,720",90.16
MINDSPACE,RR,29-Apr-2022,348.15,347.51,351.99,345.64,351.49,348.52,347.12,"2,78,293","9,66,02,206.78","4,205","2,70,811",97.31
MINDSPACE,RR,02-May-2022,348.52,350.75,353.00,348.52,350.00,349.99,348.91,"2,39,314","8,34,99,230.91",989,"2,36,806",98.95
MINDSPACE,RR,04-May-2022,349.99,351.99,353.80,346.00,350.40,350.10,350.28,"1,27,122","4,45,27,845.67","1,504","1,13,854",89.56
MINDSPACE,RR,05-May-2022,350.10,351.80,355.00,348.30,353.98,353.51,353.83,"67,531","2,38,94,331.45","2,180","56,781",84.08
MINDSPACE,RR,06-May-2022,353.51,353.99,353.99,348.00,350.00,349.99,350.06,"57,999","2,03,02,920.05",863,"52,572",90.64
MINDSPACE,RR,09-May-2022,349.99,350.00,352.90,346.00,350.00,349.99,349.20,"1,04,852","3,66,14,017.32","2,101","82,388",78.58
MINDSPACE,RR,10-May-2022,349.99,351.80,351.80,347.00,350.00,349.99,348.94,"1,23,202","4,29,89,916.98","2,016","1,12,882",91.62
MINDSPACE,RR,11-May-2022,349.99,351.00,351.00,345.65,346.86,346.80,347.22,"2,16,031","7,50,09,934.17","3,162","1,97,681",91.51
MINDSPACE,RR,12-May-2022,346.80,347.50,347.95,343.00,344.99,344.63,345.02,"1,24,011","4,27,86,821.20","1,878","1,11,101",89.59
MINDSPACE,RR,13-May-2022,344.63,343.40,348.89,342.00,346.43,343.73,344.35,"60,019","2,06,67,723.23","2,499","55,261",92.07
MINDSPACE,RR,16-May-2022,343.73,348.59,348.75,337.00,340.95,339.90,341.85,"86,728","2,96,48,305.75","1,849","76,926",88.70
MINDSPACE,RR,17-May-2022,339.90,341.60,347.00,339.99,344.00,344.41,341.56,"16,111","55,02,929.32",632,"13,906",86.31
MINDSPACE,RR,18-May-2022,344.41,344.41,345.90,340.60,343.31,344.95,344.71,"1,14,838","3,95,85,888.45","2,695","93,217",81.17
MINDSPACE,RR,19-May-2022,344.95,344.40,346.62,341.40,343.67,342.76,344.36,"56,446","1,94,37,749.67","2,395","37,496",66.43
MINDSPACE,RR,20-May-2022,342.76,346.99,357.00,342.25,357.00,346.51,345.47,"1,01,500","3,50,64,733.07","2,294","79,144",77.97
MINDSPACE,RR,23-May-2022,346.51,353.05,357.00,343.25,350.06,349.41,348.70,"79,153","2,76,00,988.09","2,813","39,583",50.01
MINDSPACE,RR,24-May-2022,349.41,351.40,352.99,346.00,349.25,349.35,348.97,"51,619","1,80,13,526.95","2,398","15,272",29.59
MINDSPACE,RR,25-May-2022,349.35,350.90,350.90,345.00,345.01,345.09,346.06,"97,926","3,38,88,482.63","2,376","61,224",62.52
MINDSPACE,RR,26-May-2022,345.09,348.50,348.94,341.30,345.00,345.02,343.86,"1,37,545","4,72,95,735.20","2,693","90,703",65.94
MINDSPACE,RR,27-May-2022,345.02,346.40,348.50,344.50,347.05,347.85,346.65,"53,353","1,84,94,886.09","1,110","49,425",92.64
MINDSPACE,RR,30-May-2022,347.85,349.90,349.95,344.14,349.00,348.83,347.80,"97,253","3,38,24,123.87","1,015","85,819",88.24
MINDSPACE,RR,31-May-2022,348.83,349.15,349.20,342.30,346.10,343.85,346.35,"81,857","2,83,51,527.35","1,259","73,800",90.16
MINDSPACE,RR,01-Jun-2022,343.85,346.99,351.00,345.50,348.99,348.08,348.95,"42,406","1,47,97,516.73","1,459","34,148",80.53
MINDSPACE,RR,02-Jun-2022,348.08,350.93,350.98,348.00,349.00,348.99,349.70,"39,292","1,37,40,231.16","1,099","33,731",85.85
MINDSPACE,RR,03-Jun-2022,348.99,350.50,351.99,348.31,349.50,349.41,349.51,"39,665","1,38,63,368.66",855,"32,117",80.97
MINDSPACE,RR,06-Jun-2022,349.41,349.89,356.90,347.01,353.90,354.03,353.65,"61,641","2,17,99,121.01","1,520","47,978",77.83
MINDSPACE,RR,07-Jun-2022,354.03,354.99,355.85,353.51,354.70,355.18,355.07,"51,483","1,82,80,227.41",895,"45,985",89.32
MINDSPACE,RR,08-Jun-2022,355.18,355.85,356.94,353.00,354.45,354.66,354.99,"51,106","1,81,41,885.72","1,924","43,542",85.20
MINDSPACE,RR,09-Jun-2022,354.66,351.33,359.35,351.33,354.89,354.75,356.22,"40,903","1,45,70,624.23","1,217","34,415",84.14
MINDSPACE,RR,10-Jun-2022,354.75,356.50,359.35,355.00,356.00,356.29,356.85,"43,145","1,53,96,235.38",735,"38,939",90.25
MINDSPACE,RR,13-Jun-2022,356.29,356.30,358.90,349.20,353.00,353.18,353.03,"54,520","1,92,47,358.60","1,979","43,416",79.63
MINDSPACE,RR,14-Jun-2022,353.18,354.44,357.75,353.18,355.00,354.90,355.90,"58,754","2,09,10,530.90","1,355","53,428",90.94
MINDSPACE,RR,15-Jun-2022,354.90,352.20,357.70,352.00,353.99,353.79,353.95,"46,820","1,65,71,712.04","1,260","41,744",89.16
MINDSPACE,RR,16-Jun-2022,353.79,355.90,355.90,350.00,353.68,353.08,353.31,"23,321","82,39,599.24",996,"15,555",66.70
MINDSPACE,RR,17-Jun-2022,353.08,354.50,358.88,345.30,346.27,349.98,353.22,"1,50,974","5,33,26,670.32","3,127","1,24,256",82.30
MINDSPACE,RR,20-Jun-2022,349.98,348.55,348.55,344.86,344.86,345.28,345.27,"1,43,182","4,94,35,977.07","1,672","1,32,612",92.62
MINDSPACE,RR,21-Jun-2022,345.28,347.00,356.48,341.30,351.50,351.87,350.32,"50,928","1,78,41,110.19","1,423","32,132",63.09
MINDSPACE,RR,22-Jun-2022,351.87,354.40,354.40,347.10,351.60,351.43,350.77,"13,620","47,77,429.57",866,"10,759",78.99
MINDSPACE,RR,23-Jun-2022,351.43,354.80,355.00,348.01,349.80,350.70,351.18,"85,551","3,00,44,179.52","3,052","72,146",84.33
MINDSPACE,RR,24-Jun-2022,350.70,351.90,353.00,348.26,352.00,352.27,351.37,"51,035","1,79,32,029.48","1,229","44,606",87.40
MINDSPACE,RR,27-Jun-2022,352.27,354.80,356.50,350.10,353.95,352.66,353.55,"93,622","3,31,00,453.90","1,816","79,811",85.25
MINDSPACE,RR,28-Jun-2022,352.66,349.10,355.00,349.10,350.50,352.33,352.97,"86,383","3,04,90,488.26","2,168","69,969",81.00
MINDSPACE,RR,29-Jun-2022,352.33,351.30,356.80,346.30,348.25,347.93,351.83,"1,00,232","3,52,65,120.62","1,348","88,230",88.03
MINDSPACE,RR,30-Jun-2022,347.93,348.80,352.00,345.00,350.50,350.39,350.13,"1,59,528","5,58,56,038.52","3,042","1,18,838",74.49
MINDSPACE,RR,01-Jul-2022,350.39,353.55,353.55,341.20,344.50,343.81,346.36,"2,40,494","8,32,98,701.49","3,254","1,49,621",62.21
MINDSPACE,RR,04-Jul-2022,343.81,344.40,349.69,340.25,346.50,346.45,344.41,"1,33,642","4,60,28,042.08","2,520","88,299",66.07
MINDSPACE,RR,05-Jul-2022,346.45,348.00,351.00,346.10,350.90,349.33,348.73,"58,777","2,04,97,468.49","2,098","39,023",66.39
MINDSPACE,RR,06-Jul-2022,349.33,352.25,352.90,349.00,351.00,350.24,349.98,"55,873","1,95,54,329.34","1,065","36,252",64.88
MINDSPACE,RR,07-Jul-2022,350.24,352.95,352.95,349.00,349.20,349.40,349.68,"14,743","51,55,272.71","1,083","12,283",83.31
MINDSPACE,RR,08-Jul-2022,349.40,353.50,353.50,349.00,350.99,349.84,349.77,"47,754","1,67,02,782.47",921,"30,199",63.24
MINDSPACE,RR,11-Jul-2022,349.84,351.84,353.80,348.00,350.98,350.05,349.77,"1,02,205","3,57,48,013.62","1,861","88,001",86.10
MINDSPACE,RR,12-Jul-2022,350.05,351.80,354.00,349.10,350.79,350.12,351.32,"64,978","2,28,27,976.48","1,717","35,337",54.38
MINDSPACE,RR,13-Jul-2022,350.12,352.80,352.80,349.00,352.40,351.13,351.13,"78,122","2,74,30,976.59","1,816","34,908",44.68
MINDSPACE,RR,14-Jul-2022,351.13,353.40,363.90,348.00,357.10,360.49,355.78,"2,65,984","9,46,31,592.26","4,060","1,92,361",72.32
MINDSPACE,RR,15-Jul-2022,360.49,359.60,359.99,351.00,352.03,353.29,355.71,"56,125","1,99,64,379.30","1,767","42,748",76.17
MINDSPACE,RR,18-Jul-2022,353.29,353.50,354.63,350.30,351.72,352.12,352.85,"38,055","1,34,27,750.51","1,403","32,319",84.93
MINDSPACE,RR,19-Jul-2022,352.12,353.78,361.00,350.55,358.20,360.07,355.66,"1,31,310","4,67,01,760.89","2,040","1,05,027",79.98
MINDSPACE,RR,20-Jul-2022,360.07,360.60,361.90,355.50,360.55,361.48,358.80,"34,910","1,25,25,666.34","1,068","30,621",87.71
MINDSPACE,RR,21-Jul-2022,361.48,362.89,362.89,352.32,353.01,353.44,355.78,"42,734","1,52,04,100.56","1,477","37,630",88.06
MINDSPACE,RR,22-Jul-2022,353.44,353.44,361.80,352.54,360.80,360.05,357.83,"76,143","2,72,46,279.50","3,080","67,195",88.25
MINDSPACE,RR,25-Jul-2022,360.05,360.00,361.40,356.30,358.00,358.29,359.30,"30,638","1,10,08,169.72","1,237","23,300",76.05
MINDSPACE,RR,26-Jul-2022,358.29,359.10,360.49,353.00,353.83,354.50,356.86,"36,288","1,29,49,777.73","1,222","29,674",81.77
MINDSPACE,RR,27-Jul-2022,354.50,356.30,360.99,353.20,357.77,358.57,357.36,"1,40,916","5,03,57,374.34","3,130","1,01,373",71.94
MINDSPACE,RR,28-Jul-2022,358.57,359.40,362.78,357.00,358.00,359.01,359.67,"90,389","3,25,10,251.42","2,456","64,092",70.91
MINDSPACE,RR,29-Jul-2022,359.01,359.00,376.48,357.30,359.00,359.59,362.03,"88,011","3,18,62,373.71","2,498","64,911",73.75
MINDSPACE,RR,01-Aug-2022,359.59,364.99,366.20,361.03,363.97,364.00,364.18,"48,586","1,76,93,904.89","3,222","41,951",86.34
MINDSPACE,RR,02-Aug-2022,364.00,365.99,365.99,359.00,364.94,364.19,362.90,"49,706","1,80,38,160.11","2,380","38,286",77.02
MINDSPACE,RR,03-Aug-2022,364.19,366.80,367.85,360.36,365.95,363.68,365.51,"70,693","2,58,39,179.94","2,119","59,494",84.16
MINDSPACE,RR,04-Aug-2022,363.68,365.99,369.90,363.00,369.90,368.33,366.46,"59,061","2,16,43,524.49","3,598","48,400",81.95
MINDSPACE,RR,05-Aug-2022,368.33,369.90,373.50,366.25,370.60,372.59,370.85,"36,944","1,37,00,714.76","1,949","30,732",83.19
MINDSPACE,RR,08-Aug-2022,372.59,373.50,375.00,368.70,372.30,372.25,372.46,"79,281","2,95,29,195.61","4,078","62,350",78.64
MINDSPACE,RR,10-Aug-2022,372.25,374.39,374.80,370.55,371.01,370.99,372.31,"43,695","1,62,67,983.37","1,603","36,918",84.49
MINDSPACE,RR,11-Aug-2022,370.99,373.80,377.40,369.00,370.00,372.67,373.83,"1,14,899","4,29,53,028.33","2,081","1,01,140",88.03
MINDSPACE,RR,12-Aug-2022,372.67,373.80,373.80,369.11,369.98,369.89,370.62,"59,505","2,20,53,761.13","1,747","53,659",90.18
MINDSPACE,RR,16-Aug-2022,369.89,370.98,370.98,368.00,368.35,368.59,369.31,"20,234","74,72,630.28","2,201","18,192",89.91
MINDSPACE,RR,17-Aug-2022,368.59,369.00,369.95,366.27,368.50,369.03,368.62,"28,231","1,04,06,385.33","1,371","23,679",83.88
MINDSPACE,RR,18-Aug-2022,369.03,372.00,373.00,365.00,368.00,367.81,367.91,"1,04,726","3,85,30,000.57","2,842","93,540",89.32
MINDSPACE,RR,19-Aug-2022,367.81,368.99,369.00,366.00,367.57,366.84,367.98,"29,392","1,08,15,542.08","2,078","25,574",87.01
MINDSPACE,RR,22-Aug-2022,366.84,368.99,370.00,363.77,364.52,365.73,367.18,"51,088","1,87,58,568.33","2,782","47,738",93.44
MINDSPACE,RR,23-Aug-2022,365.73,368.40,368.45,363.10,365.00,364.97,366.06,"81,068","2,96,75,686.64","2,664","73,343",90.47
MINDSPACE,RR,24-Aug-2022,364.97,367.80,367.80,364.80,366.00,365.87,366.03,"52,312","1,91,47,831.41","1,456","44,405",84.88
MINDSPACE,RR,25-Aug-2022,365.87,367.50,369.00,364.80,367.55,367.79,366.68,"44,041","1,61,49,154.03","1,372","33,871",76.91
MINDSPACE,RR,26-Aug-2022,367.79,369.80,369.80,363.30,366.52,367.54,366.46,"78,361","2,87,15,936.46","2,796","60,361",77.03
MINDSPACE,RR,29-Aug-2022,367.54,368.80,369.00,363.00,366.91,367.19,368.33,"99,565","3,66,73,080.37","3,352","90,552",90.95
MINDSPACE,RR,30-Aug-2022,367.19,368.99,377.00,365.00,373.90,368.69,370.16,"2,09,396","7,75,09,821.73","4,902","1,66,925",79.72
MINDSPACE,RR,01-Sep-2022,368.69,372.50,375.65,370.10,372.41,371.25,372.78,"1,01,204","3,77,26,920.08","2,705","89,395",88.33
MINDSPACE,RR,02-Sep-2022,371.25,373.00,376.25,372.00,375.00,375.70,374.69,"49,979","1,87,26,453.61","2,137","41,442",82.92
MINDSPACE,RR,05-Sep-2022,375.70,378.60,378.60,374.01,374.15,374.96,375.38,"1,44,670","5,43,06,869.54","4,252","1,34,046",92.66
MINDSPACE,RR,06-Sep-2022,374.96,377.70,377.99,372.00,373.85,374.03,374.24,"2,03,967","7,63,32,135.37","2,447","1,89,738",93.02
MINDSPACE,RR,07-Sep-2022,374.03,376.75,376.75,374.02,374.90,374.87,375.00,"1,29,737","4,86,51,440.72","6,258","1,21,045",93.30
MINDSPACE,RR,08-Sep-2022,374.87,375.46,378.00,372.00,376.95,377.09,376.16,"2,06,856","7,78,11,269.66","3,273","1,76,846",85.49
MINDSPACE,RR,09-Sep-2022,377.09,378.00,382.00,373.55,382.00,381.88,377.19,"1,67,298","6,31,03,633.12","3,130","1,39,454",83.36
MINDSPACE,RR,12-Sep-2022,381.88,382.00,382.00,376.91,378.66,379.88,380.16,"97,743","3,71,58,289.95","3,858","87,455",89.47
MINDSPACE,RR,13-Sep-2022,379.88,380.65,384.20,379.88,382.20,381.95,382.89,"53,404","2,04,47,770.55","2,387","49,679",93.02
MINDSPACE,RR,14-Sep-2022,381.95,381.60,383.80,374.55,378.50,379.06,380.79,"1,41,566","5,39,06,497.18","5,017","1,29,129",91.21
MINDSPACE,RR,15-Sep-2022,379.06,381.70,382.99,375.30,379.00,379.90,380.27,"1,13,541","4,31,76,749.23","3,683","1,06,292",93.62
MINDSPACE,RR,16-Sep-2022,379.90,381.00,455.80,315.10,380.00,378.27,378.34,"14,42,191","54,56,35,338.71","6,150","13,35,457",92.60
MINDSPACE,RR,19-Sep-2022,378.27,374.00,379.88,363.50,369.95,369.77,372.75,"57,807","2,15,47,834.80","2,226","44,289",76.62
MINDSPACE,RR,20-Sep-2022,369.77,373.80,373.80,363.90,371.14,371.64,370.10,"48,222","1,78,46,866.36","1,295","35,446",73.51
MINDSPACE,RR,21-Sep-2022,371.64,374.80,374.80,367.30,369.40,368.78,373.19,"67,780","2,52,94,600.41","1,362","53,246",78.56
MINDSPACE,RR,22-Sep-2022,368.78,369.80,374.00,367.00,372.00,372.00,371.96,"32,506","1,20,90,977.11","1,027","24,836",76.40
MINDSPACE,RR,23-Sep-2022,372.00,374.00,377.65,367.60,370.99,370.28,370.63,"80,062","2,96,73,114.03","1,334","67,385",84.17
MINDSPACE,RR,26-Sep-2022,370.28,373.00,373.00,366.00,367.87,367.63,369.02,"34,697","1,28,03,923.64","2,056","28,906",83.31
MINDSPACE,RR,27-Sep-2022,367.63,369.80,370.00,361.26,364.88,364.67,365.59,"67,079","2,45,23,202.16","1,230","56,907",84.84
MINDSPACE,RR,28-Sep-2022,364.67,367.85,367.85,360.02,362.75,362.99,364.68,"57,989","2,11,47,279.12","1,929","45,161",77.88
MINDSPACE,RR,29-Sep-2022,362.99,367.00,371.00,360.00,367.00,368.18,366.16,"70,256","2,57,24,936.44","2,066","54,474",77.54
MINDSPACE,RR,30-Sep-2022,368.18,368.80,368.80,361.30,364.99,364.26,364.49,"53,350","1,94,45,512.94","4,237","44,916",84.19
MINDSPACE,RR,03-Oct-2022,364.26,368.80,376.85,359.00,361.99,360.58,365.78,"46,234","1,69,11,498.46","2,343","34,940",75.57
MINDSPACE,RR,04-Oct-2022,360.58,366.00,366.70,359.00,360.00,360.03,361.38,"72,842","2,63,23,942.89","2,461","65,301",89.65
MINDSPACE,RR,06-Oct-2022,360.03,363.00,366.80,360.30,361.76,362.42,363.18,"24,956","90,63,421.27","2,186","20,121",80.63
MINDSPACE,RR,07-Oct-2022,362.42,364.50,364.50,361.00,363.49,363.92,362.69,"32,027","1,16,15,936.99","1,240","27,226",85.01
MINDSPACE,RR,10-Oct-2022,363.92,367.00,367.00,359.00,363.10,363.97,362.09,"65,051","2,35,54,137.89","2,576","43,963",67.58
MINDSPACE,RR,11-Oct-2022,363.97,366.30,367.00,361.00,364.40,364.07,363.98,"27,257","99,20,928.36","1,461","18,924",69.43
MINDSPACE,RR,12-Oct-2022,364.07,367.80,368.80,362.01,363.73,364.37,365.17,"23,464","85,68,354.21","1,051","16,340",69.64
MINDSPACE,RR,13-Oct-2022,364.37,368.00,368.00,362.20,366.00,365.91,365.54,"74,634","2,72,81,478.92","1,523","61,342",82.19
MINDSPACE,RR,14-Oct-2022,365.91,367.00,371.95,359.01,371.00,369.58,367.28,"23,147","85,01,421.45",917,"17,266",74.59
MINDSPACE,RR,17-Oct-2022,369.58,369.40,371.00,365.00,365.00,366.57,367.21,"26,488","97,26,684.84","1,534","21,259",80.26
MINDSPACE,RR,18-Oct-2022,366.57,368.67,368.67,364.00,368.00,367.94,365.73,"27,108","99,14,246.12","2,342","24,020",88.61
MINDSPACE,RR,19-Oct-2022,367.94,367.94,368.70,364.00,364.90,364.94,365.42,"51,161","1,86,95,063.69","1,767","29,234",57.14
MINDSPACE,RR,20-Oct-2022,364.94,362.50,368.01,343.25,350.90,348.52,349.08,"23,47,496","81,94,75,106.24","14,413","20,20,120",86.05
MINDSPACE,RR,21-Oct-2022,348.52,353.00,359.30,350.00,358.00,358.20,356.08,"1,12,989","4,02,32,802.05","2,090","92,742",82.08
MINDSPACE,RR,24-Oct-2022,358.20,360.80,361.40,355.00,360.60,360.67,359.50,"11,973","43,04,273.00",981,"10,159",84.85
MINDSPACE,RR,25-Oct-2022,360.67,361.70,363.45,357.00,357.00,357.48,359.79,"71,752","2,58,15,852.77","2,563","59,399",82.78
MINDSPACE,RR,27-Oct-2022,357.48,358.00,359.70,352.25,357.50,357.68,358.06,"83,567","2,99,21,611.05","8,740","70,477",84.34
MINDSPACE,RR,28-Oct-2022,357.68,362.00,362.00,353.00,355.50,354.98,354.43,"1,10,806","3,92,73,194.97","3,676","94,183",85.00
MINDSPACE,RR,31-Oct-2022,354.98,355.00,358.99,354.00,355.95,355.28,355.63,"57,219","2,03,48,526.31","2,783","51,735",90.42
MINDSPACE,RR,01-Nov-2022,355.28,357.60,358.00,354.00,355.70,355.68,355.70,"26,129","92,94,213.49","1,992","21,230",81.25
MINDSPACE,RR,02-Nov-2022,355.68,358.00,358.00,354.00,355.00,355.52,355.57,"43,321","1,54,03,532.66","3,285","37,096",85.63
MINDSPACE,RR,03-Nov-2022,355.52,357.70,357.70,346.75,353.55,354.08,353.32,"76,639","2,70,78,181.87","7,394","55,738",72.73
MINDSPACE,RR,04-Nov-2022,354.08,356.00,357.50,347.26,348.00,347.84,349.45,"83,939","2,93,32,832.47","10,117","70,280",83.73
MINDSPACE,RR,07-Nov-2022,347.84,348.00,351.70,340.90,344.33,344.77,345.84,"72,318","2,50,10,159.16","4,441","51,636",71.40
MINDSPACE,RR,09-Nov-2022,344.77,348.00,348.00,341.10,341.75,344.17,345.38,"57,686","1,99,23,846.31","2,346","46,857",81.23
MINDSPACE,RR,10-Nov-2022,344.17,343.34,343.34,336.00,339.15,339.73,339.40,"1,33,973","4,54,69,977.48","7,739","1,08,565",81.03
MINDSPACE,RR,11-Nov-2022,339.73,342.84,344.80,339.25,341.00,340.86,340.71,"69,628","2,37,23,230.01","3,949","60,514",86.91
MINDSPACE,RR,14-Nov-2022,340.86,342.00,343.99,335.30,335.79,336.11,340.54,"1,69,318","5,76,59,100.75","8,486","1,57,308",92.91
MINDSPACE,RR,15-Nov-2022,336.11,337.00,342.00,335.20,338.68,339.44,337.77,"2,34,928","7,93,51,694.81","9,311","1,83,606",78.15
MINDSPACE,RR,16-Nov-2022,339.44,341.00,342.88,337.20,338.00,338.17,338.53,"55,728","1,88,65,688.99","6,412","44,633",80.09
MINDSPACE,RR,17-Nov-2022,338.17,339.40,341.90,337.00,340.00,339.19,339.21,"3,38,474","11,48,12,986.71","14,768","2,86,186",84.55
MINDSPACE,RR,18-Nov-2022,339.19,340.00,342.45,336.11,339.48,339.49,339.45,"4,10,773","13,94,36,810.73","8,939","2,85,539",69.51
MINDSPACE,RR,21-Nov-2022,339.49,340.99,340.99,334.46,337.40,337.00,336.88,"82,522","2,78,00,333.69","1,629","74,364",90.11
MINDSPACE,RR,22-Nov-2022,337.00,338.80,347.45,332.20,347.45,346.33,341.40,"40,758","1,39,14,950.96","1,521","24,910",61.12
MINDSPACE,RR,23-Nov-2022,346.33,346.33,347.90,338.20,339.02,339.88,342.43,"25,035","85,72,790.28","1,418","19,845",79.27
MINDSPACE,RR,24-Nov-2022,339.88,340.90,343.00,335.75,338.00,338.00,337.43,"91,397","3,08,40,427.61","1,390","82,063",89.79
MINDSPACE,RR,25-Nov-2022,338.00,337.00,337.98,334.45,336.00,336.07,336.19,"93,550","3,14,50,596.21","1,480","84,019",89.81
MINDSPACE,RR,28-Nov-2022,336.07,336.81,343.80,334.50,336.99,336.49,337.43,"78,620","2,65,28,644.64","2,261","64,156",81.60
MINDSPACE,RR,29-Nov-2022,336.49,336.75,365.95,333.65,334.00,334.32,336.79,"3,14,733","10,59,99,751.17","4,311","2,71,596",86.29
MINDSPACE,RR,30-Nov-2022,334.32,335.01,336.78,333.13,334.90,334.75,334.77,"1,18,376","3,96,28,293.25","2,939","1,08,149",91.36
MINDSPACE,RR,01-Dec-2022,334.75,334.00,335.99,333.10,334.60,335.00,333.99,"90,036","3,00,70,774.75","2,925","79,570",88.38
MINDSPACE,RR,02-Dec-2022,335.00,335.99,336.75,332.80,334.35,335.00,334.48,"2,84,014","9,49,97,103.53","10,655","2,40,364",84.63
MINDSPACE,RR,05-Dec-2022,335.00,336.75,336.75,332.21,332.55,332.79,333.55,"94,610","3,15,57,393.29","4,499","86,328",91.25
MINDSPACE,RR,06-Dec-2022,332.79,333.00,334.19,329.00,330.50,329.92,330.64,"1,41,658","4,68,38,023.86","5,501","1,23,443",87.14
MINDSPACE,RR,07-Dec-2022,329.92,331.80,334.48,330.20,334.00,333.95,332.87,"75,735","2,52,10,249.20","3,683","59,249",78.23
MINDSPACE,RR,08-Dec-2022,333.95,334.80,334.89,331.75,334.56,333.90,333.38,"90,621","3,02,10,811.21","4,604","63,028",69.55
MINDSPACE,RR,09-Dec-2022,333.90,335.00,335.20,333.50,335.20,334.56,334.15,"58,188","1,94,43,332.94","2,574","48,551",83.44
MINDSPACE,RR,12-Dec-2022,334.56,336.99,336.99,334.02,334.02,334.74,335.23,"82,259","2,75,75,293.10","3,306","73,161",88.94
MINDSPACE,RR,13-Dec-2022,334.74,335.79,335.99,333.27,334.70,334.57,334.24,"36,450","1,21,83,037.08","2,633","30,917",84.82
MINDSPACE,RR,14-Dec-2022,334.57,334.57,335.72,334.00,335.00,334.86,334.89,"30,912","1,03,52,033.22",998,"27,902",90.26
MINDSPACE,RR,15-Dec-2022,334.86,335.79,336.27,333.05,335.50,335.47,335.13,"55,174","1,84,90,242.98","1,065","49,726",90.13
MINDSPACE,RR,16-Dec-2022,335.47,333.73,338.90,333.73,336.20,337.51,336.56,"42,735","1,43,82,938.60","2,029","35,211",82.39
MINDSPACE,RR,19-Dec-2022,337.51,338.00,339.90,335.20,338.50,337.40,336.94,"52,796","1,77,88,929.67","2,138","46,101",87.32
MINDSPACE,RR,20-Dec-2022,337.40,338.00,340.05,335.00,338.10,338.82,337.56,"93,980","3,17,24,346.28","4,078","72,687",77.34
MINDSPACE,RR,21-Dec-2022,338.82,340.80,344.34,336.75,343.00,340.23,339.94,"2,48,439","8,44,53,170.93","9,730","1,51,970",61.17
MINDSPACE,RR,22-Dec-2022,340.23,340.00,341.44,337.36,340.00,339.87,339.64,"64,631","2,19,50,961.96","5,639","50,743",78.51
MINDSPACE,RR,23-Dec-2022,339.87,343.50,343.50,337.36,340.00,339.49,338.99,"2,00,993","6,81,35,274.91","5,196","1,80,729",89.92
MINDSPACE,RR,26-Dec-2022,339.49,340.70,341.60,333.05,334.50,334.28,336.37,"1,56,644","5,26,89,684.00","5,579","1,36,302",87.01
MINDSPACE,RR,27-Dec-2022,334.28,335.70,338.70,334.20,335.85,337.30,336.80,"43,690","1,47,14,717.26","1,985","37,047",84.80
MINDSPACE,RR,28-Dec-2022,337.30,337.00,338.15,333.90,334.35,335.09,335.02,"1,02,817","3,44,46,213.70","1,918","86,601",84.23
MINDSPACE,RR,29-Dec-2022,335.09,334.00,337.70,334.00,335.01,335.40,335.64,"2,65,664","8,91,68,174.82","1,766","2,54,839",95.93
MINDSPACE,RR,30-Dec-2022,335.40,336.40,336.40,333.80,334.01,334.31,334.26,"1,01,566","3,39,49,244.84","1,430","82,934",81.66
MINDSPACE,RR,02-Jan-2023,334.31,335.99,339.48,335.00,338.99,338.82,337.36,"32,209","1,08,66,090.49","2,014","24,747",76.83
MINDSPACE,RR,03-Jan-2023,338.82,338.75,340.27,337.40,337.55,338.53,338.99,"44,855","1,52,05,191.21","2,353","37,988",84.69
MINDSPACE,RR,04-Jan-2023,338.53,338.50,338.99,336.56,337.15,337.58,337.56,"29,430","99,34,405.29","1,500","23,174",78.74
MINDSPACE,RR,05-Jan-2023,337.58,338.50,340.43,337.00,339.25,339.67,339.24,"52,752","1,78,95,488.47","2,266","39,416",74.72
MINDSPACE,RR,06-Jan-2023,339.67,342.00,343.18,338.25,341.06,342.25,341.88,"2,13,268","7,29,11,565.79","2,263","1,96,070",91.94
MINDSPACE,RR,09-Jan-2023,342.25,343.90,343.90,338.27,341.50,341.95,341.22,"49,973","1,70,51,726.72","6,514","40,154",80.35
MINDSPACE,RR,10-Jan-2023,341.95,342.00,346.27,339.09,344.25,343.26,342.70,"71,495","2,45,01,055.40","4,212","55,090",77.05
MINDSPACE,RR,11-Jan-2023,343.26,344.66,344.66,339.18,341.50,341.92,341.59,"1,09,393","3,73,67,906.14","5,190","95,428",87.23
MINDSPACE,RR,12-Jan-2023,341.92,341.92,345.00,339.54,342.68,343.22,343.64,"1,02,628","3,52,67,347.27","6,394","82,438",80.33
MINDSPACE,RR,13-Jan-2023,343.22,343.22,344.25,340.40,342.61,342.98,342.69,"72,264","2,47,64,000.95","5,874","65,847",91.12
MINDSPACE,RR,16-Jan-2023,342.98,343.98,343.98,338.18,340.69,342.22,339.96,"86,895","2,95,40,859.62","5,201","64,138",73.81
MINDSPACE,RR,17-Jan-2023,342.22,343.00,343.00,339.18,340.06,340.59,340.36,"27,637","94,06,447.12","3,194","20,840",75.41
MINDSPACE,RR,18-Jan-2023,340.59,341.70,341.70,338.09,338.09,338.30,338.53,"79,435","2,68,91,076.93","4,526","71,131",89.55
MINDSPACE,RR,19-Jan-2023,338.30,338.65,338.65,334.75,334.86,335.04,335.13,"1,05,034","3,51,99,692.26","5,509","94,823",90.28
MINDSPACE,RR,20-Jan-2023,335.04,335.50,337.60,334.10,337.00,336.01,335.38,"33,319","1,11,74,411.71","3,434","26,554",79.70
MINDSPACE,RR,23-Jan-2023,336.01,337.60,339.00,334.27,337.14,338.50,337.71,"85,855","2,89,93,894.09","7,566","70,114",81.67
MINDSPACE,RR,24-Jan-2023,338.50,344.70,344.70,334.36,335.01,335.55,337.00,"55,227","1,86,11,436.99","6,029","43,495",78.76
MINDSPACE,RR,25-Jan-2023,335.55,335.80,337.54,335.00,337.00,336.36,336.27,"22,975","77,25,784.67","3,706","17,535",76.32
MINDSPACE,RR,27-Jan-2023,336.36,337.92,337.96,334.00,334.20,334.78,335.59,"66,834","2,24,28,858.66","6,409","53,727",80.39
MINDSPACE,RR,30-Jan-2023,334.78,333.88,335.99,325.85,329.00,329.19,333.91,"1,54,367","5,15,45,387.66","3,999","1,41,894",91.92
MINDSPACE,RR,31-Jan-2023,329.19,329.80,331.89,328.40,329.00,330.58,330.22,"80,117","2,64,56,067.91","5,655","66,484",82.98
MINDSPACE,RR,01-Feb-2023,330.58,330.80,332.00,328.99,329.87,330.09,330.25,"40,521","1,33,81,988.10","2,827","33,533",82.75
MINDSPACE,RR,02-Feb-2023,330.09,331.80,331.80,321.00,327.99,325.64,325.13,"1,52,151","4,94,69,060.67","3,881","1,38,552",91.06
MINDSPACE,RR,03-Feb-2023,325.64,327.00,328.00,315.00,320.00,321.72,320.07,"93,773","3,00,13,824.74","3,988","76,821",81.92
MINDSPACE,RR,06-Feb-2023,321.72,322.50,322.50,320.01,321.65,321.24,321.05,"81,427","2,61,42,126.86","1,554","75,298",92.47
MINDSPACE,RR,07-Feb-2023,321.24,322.90,322.90,309.10,310.00,311.63,318.13,"1,47,032","4,67,75,261.44","3,784","1,37,928",93.81
MINDSPACE,RR,08-Feb-2023,311.63,311.63,314.45,301.00,307.86,308.09,309.25,"1,41,361","4,37,15,658.15","6,377","1,26,000",89.13
MINDSPACE,RR,09-Feb-2023,308.09,309.84,312.66,307.00,311.00,311.71,310.66,"3,36,316","10,44,79,350.44","7,610","3,04,277",90.47
MINDSPACE,RR,10-Feb-2023,311.71,312.00,324.40,310.25,322.01,321.30,319.44,"1,43,212","4,57,47,154.28","3,928","1,25,456",87.60
MINDSPACE,RR,13-Feb-2023,321.30,322.01,326.70,320.05,320.15,321.75,322.10,"1,48,503","4,78,32,863.27","7,232","1,35,450",91.21
MINDSPACE,RR,14-Feb-2023,321.75,321.70,324.78,318.00,318.71,318.50,320.14,"1,23,842","3,96,47,059.22","2,928","1,17,916",95.21
MINDSPACE,RR,15-Feb-2023,318.50,319.75,322.00,318.00,319.57,319.80,320.03,"71,294","2,28,16,168.55","1,200","67,301",94.40
MINDSPACE,RR,16-Feb-2023,319.80,321.45,321.45,318.15,319.10,319.56,319.85,"31,904","1,02,04,494.09","1,667","26,188",82.08
MINDSPACE,RR,17-Feb-2023,319.56,319.50,321.00,318.00,319.95,319.76,319.64,"54,268","1,73,45,995.06","1,072","50,569",93.18
MINDSPACE,RR,20-Feb-2023,319.76,321.70,321.90,318.00,320.00,319.59,319.68,"1,18,334","3,78,29,359.10","1,791","1,12,745",95.28
MINDSPACE,RR,21-Feb-2023,319.59,319.00,323.40,316.12,317.70,318.42,318.24,"5,05,710","16,09,36,513.00","2,219","4,96,600",98.20
MINDSPACE,RR,22-Feb-2023,318.42,319.24,319.24,310.50,313.35,314.69,314.81,"46,352","1,45,91,939.09","3,456","36,142",77.97
MINDSPACE,RR,23-Feb-2023,314.69,316.50,316.50,310.60,311.00,311.12,312.22,"53,921","1,68,34,948.99","2,886","50,848",94.30
MINDSPACE,RR,24-Feb-2023,311.12,314.40,315.15,306.00,311.25,312.26,311.53,"1,49,805","4,66,68,538.31","1,898","1,39,190",92.91
MINDSPACE,RR,27-Feb-2023,312.26,315.10,315.60,305.81,306.11,306.64,309.94,"47,669","1,47,74,728.62","2,653","42,670",89.51
MINDSPACE,RR,28-Feb-2023,306.64,307.90,308.50,290.00,293.90,292.11,295.32,"7,81,346","23,07,46,846.98","5,610","7,36,715",94.29
MINDSPACE,RR,01-Mar-2023,292.11,293.96,305.68,292.61,301.65,301.86,301.71,"2,25,525","6,80,43,640.45","5,921","2,01,689",89.43
MINDSPACE,RR,02-Mar-2023,301.86,303.70,305.56,302.15,302.37,303.52,304.37,"68,820","2,09,46,922.06","3,570","55,552",80.72
MINDSPACE,RR,03-Mar-2023,303.52,304.50,308.00,301.00,306.80,307.76,304.77,"5,95,319","18,14,36,691.15","7,577","4,13,119",69.39
MINDSPACE,RR,06-Mar-2023,307.76,309.00,309.80,306.10,307.05,307.18,307.69,"44,934","1,38,25,714.22","2,017","38,505",85.69
MINDSPACE,RR,08-Mar-2023,307.18,309.40,309.40,305.30,306.15,306.26,306.40,"3,94,666","12,09,24,302.66","2,936","3,88,427",98.42
MINDSPACE,RR,09-Mar-2023,306.26,305.05,308.90,305.05,306.49,306.34,306.92,"1,89,590","5,81,89,397.97","3,464","1,81,730",95.85
MINDSPACE,RR,10-Mar-2023,306.34,306.99,307.00,304.00,305.97,305.80,305.87,"1,17,174","3,58,40,380.24","1,600","1,08,591",92.67
MINDSPACE,RR,13-Mar-2023,305.80,306.20,307.00,301.00,304.16,306.00,302.87,"1,68,733","5,11,04,628.14","3,675","1,51,663",89.88
MINDSPACE,RR,14-Mar-2023,306.00,306.00,306.99,300.00,302.40,302.48,302.30,"3,42,998","10,36,86,870.14","4,444","3,23,524",94.32
MINDSPACE,RR,15-Mar-2023,302.48,302.50,305.20,299.15,299.99,300.00,302.00,"1,24,942","3,77,32,135.09","3,417","1,04,475",83.62
MINDSPACE,RR,16-Mar-2023,300.00,301.15,303.76,298.51,299.99,299.97,300.60,"1,94,592","5,84,94,825.66","4,330","1,78,581",91.77
MINDSPACE,RR,17-Mar-2023,299.97,302.40,302.40,295.05,297.40,296.72,298.85,"1,32,817","3,96,92,350.95","5,327","1,11,186",83.71
MINDSPACE,RR,20-Mar-2023,296.72,310.00,310.00,284.80,297.17,296.88,297.65,"4,17,525","12,42,75,003.22","3,310","3,63,618",87.09
MINDSPACE,RR,21-Mar-2023,296.88,298.90,299.36,296.26,297.00,297.99,297.62,"4,05,004","12,05,38,422.87","13,206","3,83,924",94.80
MINDSPACE,RR,22-Mar-2023,297.99,298.50,301.77,298.00,299.50,299.45,299.54,"4,34,254","13,00,76,575.70","5,707","4,08,171",93.99
MINDSPACE,RR,23-Mar-2023,299.45,301.50,303.73,298.36,301.50,302.76,301.66,"4,58,578","13,83,32,769.15","5,502","4,28,622",93.47
MINDSPACE,RR,24-Mar-2023,302.76,305.00,318.48,301.30,312.05,313.12,310.43,"5,02,881","15,61,09,455.03","7,643","4,38,428",87.18
MINDSPACE,RR,27-Mar-2023,313.12,313.12,318.00,302.26,304.25,305.93,305.85,"3,49,790","10,69,82,015.78","3,417","3,05,575",87.36
MINDSPACE,RR,28-Mar-2023,305.93,307.40,310.25,301.01,305.30,304.92,305.31,"6,21,949","18,98,88,046.56","6,130","5,92,949",95.34
MINDSPACE,RR,29-Mar-2023,304.92,305.95,331.85,301.00,317.05,326.98,313.37,"4,65,923","14,60,07,790.08","4,576","3,86,813",83.02
MINDSPACE,RR,31-Mar-2023,326.98,323.49,335.00,316.60,325.10,327.10,328.66,"1,64,139","5,39,45,223.18","2,610","1,39,428",84.95
MINDSPACE,RR,03-Apr-2023,327.10,327.95,331.85,318.00,320.00,320.40,320.51,"67,656","2,16,84,695.56","2,396","52,505",77.61
MINDSPACE,RR,05-Apr-2023,320.40,325.00,325.00,317.02,318.55,318.39,319.65,"81,643","2,60,97,495.06","6,202","65,431",80.14
MINDSPACE,RR,06-Apr-2023,318.39,319.94,319.94,316.00,318.26,318.76,317.83,"68,268","2,16,97,696.00","2,174","60,589",88.75
MINDSPACE,RR,10-Apr-2023,318.76,319.50,321.90,315.51,318.51,318.90,317.56,"39,193","1,24,46,079.15","1,773","33,657",85.88
MINDSPACE,RR,11-Apr-2023,318.90,318.90,319.75,315.00,317.99,317.71,317.01,"57,592","1,82,56,955.31","1,748","44,006",76.41
MINDSPACE,RR,12-Apr-2023,317.71,319.89,319.89,315.10,317.79,318.02,317.71,"72,598","2,30,65,048.54","1,039","67,196",92.56
MINDSPACE,RR,13-Apr-2023,318.02,317.00,320.99,316.70,317.03,317.62,319.15,"58,506","1,86,72,370.63",992,"53,142",90.83
MINDSPACE,RR,17-Apr-2023,317.62,316.40,320.70,315.10,316.12,316.54,317.34,"46,456","1,47,42,340.94","2,214","36,898",79.43
MINDSPACE,RR,18-Apr-2023,316.54,316.54,319.00,315.00,316.63,316.41,316.93,"60,445","1,91,56,939.65","3,563","48,237",79.80
MINDSPACE,RR,19-Apr-2023,316.41,318.80,318.80,315.00,315.60,315.92,316.37,"71,119","2,24,99,646.06","4,924","57,653",81.07
MINDSPACE,RR,20-Apr-2023,315.92,315.92,318.00,315.60,315.63,315.70,316.13,"51,051","1,61,38,833.24","1,338","47,293",92.64
MINDSPACE,RR,21-Apr-2023,315.70,318.20,318.20,312.00,315.87,316.80,315.50,"49,518","1,56,22,943.10","1,444","41,855",84.52
MINDSPACE,RR,24-Apr-2023,316.80,316.10,317.60,312.92,313.80,313.91,313.92,"85,465","2,68,29,190.16","2,004","79,872",93.46
MINDSPACE,RR,25-Apr-2023,313.91,314.50,318.00,312.01,312.51,312.88,313.79,"63,170","1,98,22,012.79","1,898","50,704",80.27
MINDSPACE,RR,26-Apr-2023,312.88,313.90,316.88,312.30,315.05,314.55,313.73,"42,240","1,32,51,939.09","2,051","33,545",79.42
MINDSPACE,RR,27-Apr-2023,314.55,314.55,314.55,312.30,313.61,313.85,313.55,"1,23,860","3,88,36,427.92","1,771","1,21,593",98.17
MINDSPACE,RR,28-Apr-2023,313.85,314.80,318.00,312.45,316.15,317.51,316.09,"39,116","1,23,64,120.93","1,081","31,456",80.42
MINDSPACE,RR,02-May-2023,317.51,319.50,323.99,316.15,319.30,320.40,319.94,"39,106","1,25,11,504.75","3,929","29,889",76.43
MINDSPACE,RR,03-May-2023,320.40,320.40,325.88,319.50,323.17,323.25,324.03,"41,647","1,34,94,895.05","1,676","31,409",75.42
MINDSPACE,RR,04-May-2023,323.25,326.80,326.80,317.51,323.99,323.00,321.40,"44,216","1,42,11,240.14","1,850","32,460",73.41
MINDSPACE,RR,05-May-2023,323.00,324.50,326.69,320.00,324.35,325.10,323.96,"24,078","78,00,276.05","1,047","17,961",74.60
MINDSPACE,RR,08-May-2023,325.10,325.50,327.85,318.50,326.65,325.81,325.03,"47,164","1,53,29,623.56","2,336","37,687",79.91
MINDSPACE,RR,09-May-2023,325.81,326.82,327.85,320.10,324.69,323.10,323.83,"50,119","1,62,30,249.42","3,395","39,700",79.21
MINDSPACE,RR,10-May-2023,323.10,322.37,325.00,316.35,325.00,324.99,322.80,"82,996","2,67,91,112.39","6,182","67,970",81.90
MINDSPACE,RR,11-May-2023,324.99,322.85,329.80,322.70,324.95,324.29,325.54,"3,10,276","10,10,06,560.07","20,780","2,43,423",78.45
MINDSPACE,RR,12-May-2023,324.29,325.39,328.76,321.56,323.10,323.99,323.80,"1,69,645","5,49,31,048.94","15,522","1,53,622",90.55
MINDSPACE,RR,15-May-2023,323.99,323.00,326.40,322.10,323.72,324.43,324.26,"1,54,730","5,01,72,610.37","11,733","1,39,635",90.24
MINDSPACE,RR,16-May-2023,324.43,325.99,327.00,322.22,324.99,324.43,324.43,"1,92,642","6,24,98,301.42","10,290","1,37,015",71.12
MINDSPACE,RR,17-May-2023,324.43,326.50,326.80,321.40,323.25,324.24,323.20,"9,19,358","29,71,33,441.39","12,640","6,95,303",75.63
MINDSPACE,RR,18-May-2023,324.24,324.70,325.90,320.15,320.50,321.65,322.68,"3,99,422","12,88,87,295.37","12,277","2,93,252",73.42
MINDSPACE,RR,19-May-2023,321.65,319.10,323.00,319.10,321.00,321.82,321.98,"56,399","1,81,59,179.36","1,812","47,834",84.81
MINDSPACE,RR,22-May-2023,321.82,324.99,324.99,320.50,322.60,321.48,323.05,"71,286","2,30,29,122.79","2,963","55,544",77.92
MINDSPACE,RR,23-May-2023,321.48,322.90,324.40,316.21,322.24,319.87,320.23,"1,14,471","3,66,57,399.31","6,581","85,195",74.42
MINDSPACE,RR,24-May-2023,319.87,320.90,323.65,318.20,322.99,320.63,321.71,"1,08,665","3,49,58,961.06","6,789","90,336",83.13
MINDSPACE,RR,25-May-2023,320.63,320.92,323.00,316.25,318.75,317.74,319.99,"1,58,341","5,06,68,320.03","5,293","1,38,759",87.63
MINDSPACE,RR,26-May-2023,317.74,318.40,321.50,314.30,319.75,319.43,319.01,"1,89,409","6,04,24,176.64","4,291","1,63,501",86.32
MINDSPACE,RR,29-May-2023,319.43,319.98,321.00,316.10,317.20,317.86,318.55,"1,16,460","3,70,97,929.85","3,361","1,01,129",86.84
MINDSPACE,RR,30-May-2023,317.86,318.80,318.99,304.49,310.02,310.42,309.20,"1,36,633","4,22,46,748.99","4,525","1,16,658",85.38
MINDSPACE,RR,31-May-2023,310.42,308.45,315.99,303.00,306.10,305.50,306.32,"11,26,286","34,50,08,168.77","46,893","10,25,910",91.09
MINDSPACE,RR,01-Jun-2023,305.50,306.20,309.70,298.25,299.80,300.14,300.19,"13,34,224","40,05,20,943.61","24,027","12,27,848",92.03
MINDSPACE,RR,02-Jun-2023,300.14,300.00,302.85,298.00,298.85,299.65,300.05,"8,41,932","25,26,23,666.03","6,820","8,01,044",95.14
MINDSPACE,RR,05-Jun-2023,299.65,299.50,302.01,299.20,300.55,301.10,300.61,"6,50,959","19,56,87,211.40","3,553","6,36,268",97.74
MINDSPACE,RR,06-Jun-2023,301.10,301.95,305.95,299.89,304.02,304.14,300.41,"31,34,025","94,14,89,471.24","6,336","30,97,960",98.85
MINDSPACE,RR,07-Jun-2023,304.14,304.99,305.78,303.11,304.96,304.39,304.87,"4,08,400","12,45,10,850.48","3,117","3,95,800",96.91
MINDSPACE,RR,08-Jun-2023,304.39,305.95,311.49,303.00,306.80,307.11,306.43,"7,61,929","23,34,80,843.99","14,546","7,39,782",97.09
MINDSPACE,RR,09-Jun-2023,307.11,307.90,310.79,307.00,309.49,309.90,308.51,"4,84,580","14,94,97,211.45","1,575","4,73,807",97.78
MINDSPACE,RR,12-Jun-2023,309.90,311.45,312.24,307.04,308.32,308.55,310.36,"43,012","1,33,49,007.80","2,651","32,749",76.14
MINDSPACE,RR,13-Jun-2023,308.55,308.50,311.70,305.51,308.99,308.99,309.38,"36,505","1,12,93,875.91","1,462","29,161",79.88
MINDSPACE,RR,14-Jun-2023,308.99,311.45,311.45,304.43,305.64,305.60,305.99,"73,756","2,25,68,936.33","1,961","59,279",80.37
MINDSPACE,RR,15-Jun-2023,305.60,306.80,310.70,304.00,309.40,309.22,308.16,"70,653","2,17,72,230.82","2,593","57,278",81.07
MINDSPACE,RR,16-Jun-2023,309.22,310.00,312.00,306.05,307.45,307.79,309.30,"94,179","2,91,29,528.53","2,186","73,720",78.28
MINDSPACE,RR,19-Jun-2023,307.79,308.95,310.99,305.00,308.60,308.55,308.28,"1,02,641","3,16,42,401.52","2,095","88,618",86.34
MINDSPACE,RR,20-Jun-2023,308.55,308.55,311.70,305.54,310.50,310.82,309.53,"63,828","1,97,56,968.83","2,751","45,166",70.76
MINDSPACE,RR,21-Jun-2023,310.82,310.82,314.80,306.30,311.12,313.03,312.26,"2,64,906","8,27,20,345.29","2,067","2,40,787",90.90
MINDSPACE,RR,22-Jun-2023,313.03,306.00,313.98,302.03,305.00,304.83,306.96,"1,73,062","5,31,23,316.25","7,134","1,40,212",81.02
MINDSPACE,RR,23-Jun-2023,304.83,306.00,306.45,299.00,305.00,303.20,301.01,"2,55,860","7,70,16,369.17","6,228","1,86,962",73.07
MINDSPACE,RR,26-Jun-2023,303.20,306.60,307.99,300.51,301.00,301.13,302.42,"2,52,106","7,62,40,772.97","5,774","2,10,940",83.67
MINDSPACE,RR,27-Jun-2023,301.13,302.40,309.00,301.20,306.00,304.80,304.15,"2,02,899","6,17,11,467.22","5,227","1,55,552",76.66
MINDSPACE,RR,28-Jun-2023,304.80,307.50,307.50,300.10,302.48,302.23,302.09,"1,05,634","3,19,11,267.88","4,430","85,828",81.25
MINDSPACE,RR,30-Jun-2023,302.23,303.90,311.85,302.24,311.85,309.10,306.13,"77,353","2,36,80,181.17","2,407","61,588",79.62
MINDSPACE,RR,03-Jul-2023,309.10,311.90,311.90,302.57,303.00,303.14,305.59,"1,41,106","4,31,20,464.36","3,375","1,16,210",82.36
MINDSPACE,RR,04-Jul-2023,303.14,302.30,304.39,299.25,301.99,301.35,300.62,"1,96,862","5,91,81,530.07","3,088","1,71,496",87.11
MINDSPACE,RR,05-Jul-2023,301.35,302.00,302.44,299.50,299.75,300.07,300.50,"1,95,278","5,86,80,619.41","5,037","1,77,116",90.70
MINDSPACE,RR,06-Jul-2023,300.07,301.97,302.89,299.52,301.50,302.22,300.12,"6,86,570","20,60,56,230.96","5,053","6,67,344",97.20
MINDSPACE,RR,07-Jul-2023,302.22,302.99,305.00,302.22,304.22,304.09,303.79,"49,433","1,50,17,192.68","1,154","37,984",76.84
MINDSPACE,RR,10-Jul-2023,304.09,306.00,306.99,303.50,305.00,304.71,305.08,"1,23,956","3,78,16,088.46","1,339","1,17,063",94.44
MINDSPACE,RR,11-Jul-2023,304.71,306.55,307.20,302.30,303.30,304.46,305.28,"1,84,508","5,63,27,523.48","2,005","1,74,907",94.80
MINDSPACE,RR,12-Jul-2023,304.46,305.00,305.35,302.11,305.00,304.37,303.47,"80,427","2,44,06,972.47","1,113","71,676",89.12
MINDSPACE,RR,13-Jul-2023,304.37,301.01,305.35,301.00,301.85,302.02,302.00,"1,89,214","5,71,41,738.83","3,066","1,81,622",95.99
MINDSPACE,RR,14-Jul-2023,302.02,302.02,305.72,300.00,305.48,304.47,302.37,"2,57,635","7,79,02,058.44","3,793","2,07,889",80.69
MINDSPACE,RR,17-Jul-2023,304.47,303.60,304.89,302.40,303.10,303.58,303.23,"99,035","3,00,29,922.19","2,186","80,905",81.69
MINDSPACE,RR,18-Jul-2023,303.58,304.00,306.63,302.55,306.50,305.34,305.02,"1,76,999","5,39,87,994.01","1,979","1,47,152",83.14
MINDSPACE,RR,19-Jul-2023,305.34,306.99,307.18,301.72,304.40,304.67,304.77,"1,15,081","3,50,73,083.86","2,045","87,732",76.23
MINDSPACE,RR,20-Jul-2023,304.67,304.80,308.70,302.25,302.75,302.95,304.32,"2,69,665","8,20,63,188.80","3,995","1,74,634",64.76
MINDSPACE,RR,21-Jul-2023,302.95,302.95,305.95,301.50,305.78,305.52,303.52,"77,852","2,36,29,691.72","1,878","60,505",77.72
MINDSPACE,RR,24-Jul-2023,305.52,301.10,304.98,301.10,302.85,302.94,302.77,"1,70,258","5,15,48,539.12","1,989","1,47,603",86.69
MINDSPACE,RR,25-Jul-2023,302.94,303.85,305.44,302.11,303.99,303.38,303.99,"1,39,384","4,23,70,756.88","3,274","1,07,022",76.78
MINDSPACE,RR,26-Jul-2023,303.38,304.20,305.50,301.25,304.56,303.93,303.60,"1,97,091","5,98,37,200.99","1,859","1,71,242",86.88
MINDSPACE,RR,27-Jul-2023,303.93,305.50,306.46,302.52,306.21,305.48,304.92,"1,09,840","3,34,92,533.14","2,155","89,322",81.32
MINDSPACE,RR,28-Jul-2023,305.48,305.48,307.36,304.00,306.32,307.02,305.67,"1,47,059","4,49,51,271.48","1,483","1,32,202",89.90
MINDSPACE,RR,31-Jul-2023,307.02,305.81,312.35,303.00,308.60,309.40,307.72,"2,36,825","7,28,75,505.33","4,819","1,88,492",79.59
MINDSPACE,RR,01-Aug-2023,309.40,310.00,315.85,306.00,310.40,312.46,310.97,"91,853","2,85,63,894.03","2,229","79,217",86.24
MINDSPACE,RR,02-Aug-2023,312.46,313.40,313.40,305.25,305.53,305.97,307.04,"69,408","2,13,10,883.63","1,739","62,818",90.51
MINDSPACE,RR,03-Aug-2023,305.97,309.70,309.70,302.00,302.78,302.97,305.64,"77,927","2,38,17,392.15","1,686","55,872",71.70
MINDSPACE,RR,04-Aug-2023,302.97,304.90,307.99,302.78,305.04,306.37,304.63,"89,829","2,73,64,984.99","1,249","83,993",93.50
MINDSPACE,RR,07-Aug-2023,306.37,305.00,307.60,304.00,305.99,305.99,305.87,"52,809","1,61,52,679.48","1,632","48,691",92.20
MINDSPACE,RR,08-Aug-2023,305.99,306.30,308.09,303.90,305.40,304.66,306.33,"57,987","1,77,62,887.65","1,418","50,220",86.61
MINDSPACE,RR,09-Aug-2023,304.66,305.50,308.00,304.21,305.89,305.17,305.53,"57,200","1,74,76,071.09","1,338","52,544",91.86
MINDSPACE,RR,10-Aug-2023,305.17,306.95,310.00,304.00,309.00,308.87,306.82,"1,30,044","3,99,00,406.17","2,206","1,16,521",89.60
MINDSPACE,RR,11-Aug-2023,308.87,309.90,315.90,305.26,309.00,310.16,309.79,"1,14,349","3,54,24,198.70","2,137","94,481",82.63
MINDSPACE,RR,14-Aug-2023,310.16,311.00,311.00,304.21,304.25,305.48,309.00,"2,18,065","6,73,82,821.10","3,157","1,97,632",90.63
MINDSPACE,RR,16-Aug-2023,305.48,307.85,307.95,303.56,304.88,305.18,305.22,"1,76,651","5,39,17,577.02","1,699","1,61,159",91.23
MINDSPACE,RR,17-Aug-2023,305.18,305.88,307.81,303.20,306.88,306.94,306.27,"85,653","2,62,32,923.65","1,592","68,621",80.12
MINDSPACE,RR,18-Aug-2023,306.94,315.35,315.35,307.35,310.00,310.08,310.33,"1,29,548","4,02,01,984.89","2,483","99,185",76.56
MINDSPACE,RR,21-Aug-2023,310.08,310.40,311.80,305.60,308.20,307.65,307.33,"76,637","2,35,52,674.86","5,986","61,685",80.49
MINDSPACE,RR,22-Aug-2023,307.65,310.00,310.00,303.00,305.01,305.45,306.80,"1,12,612","3,45,49,228.83","4,068","95,248",84.58
MINDSPACE,RR,23-Aug-2023,305.45,305.95,310.00,305.12,310.00,308.69,307.54,"82,918","2,55,00,640.81","1,316","69,704",84.06
MINDSPACE,RR,24-Aug-2023,308.69,310.39,310.39,304.52,304.99,305.43,306.23,"46,641","1,42,82,893.79","1,974","38,399",82.33
MINDSPACE,RR,25-Aug-2023,305.43,306.72,306.72,302.00,303.60,303.81,303.75,"1,12,742","3,42,45,398.84","4,415","97,179",86.20
MINDSPACE,RR,28-Aug-2023,303.81,304.90,306.48,298.10,299.01,299.12,300.94,"2,25,965","6,80,02,293.04","3,317","2,03,089",89.88
MINDSPACE,RR,29-Aug-2023,299.12,299.70,303.99,296.00,298.85,299.97,300.98,"1,24,925","3,75,99,380.52","3,169","1,00,295",80.28
MINDSPACE,RR,30-Aug-2023,299.97,300.70,305.85,299.90,305.00,304.27,301.91,"89,675","2,70,73,889.29","1,569","77,722",86.67
MINDSPACE,RR,31-Aug-2023,304.27,305.80,310.00,299.95,309.44,308.40,306.16,"4,82,267","14,76,50,377.52","6,254","3,91,574",81.19
MINDSPACE,RR,01-Sep-2023,308.40,309.80,319.89,308.57,316.50,316.70,315.22,"4,60,012","14,50,05,509.65","12,244","4,00,550",87.07
MINDSPACE,RR,04-Sep-2023,316.70,320.60,320.60,312.50,318.98,317.90,318.01,"5,44,039","17,30,09,487.98","25,548","4,87,561",89.62
MINDSPACE,RR,05-Sep-2023,317.90,320.60,323.80,315.40,318.10,318.81,319.19,"5,07,823","16,20,93,553.82","14,250","4,54,930",89.58
MINDSPACE,RR,06-Sep-2023,318.81,320.00,320.45,316.34,318.45,318.79,318.89,"4,29,911","13,70,96,217.24","18,638","3,82,475",88.97
MINDSPACE,RR,07-Sep-2023,318.79,320.50,320.50,308.00,317.60,318.91,318.33,"4,47,868","14,25,68,391.64","16,505","3,53,308",78.89
MINDSPACE,RR,08-Sep-2023,318.91,320.00,321.00,317.50,319.85,319.30,319.21,"3,53,918","11,29,72,647.03","13,360","2,85,732",80.73
MINDSPACE,RR,11-Sep-2023,319.30,321.70,322.49,317.20,319.00,319.55,320.79,"4,79,247","15,37,37,087.24","15,693","3,23,578",67.52
MINDSPACE,RR,12-Sep-2023,319.55,319.80,323.00,305.25,320.20,319.68,318.01,"5,82,908","18,53,69,329.31","13,966","4,16,454",71.44
MINDSPACE,RR,13-Sep-2023,319.68,319.80,330.00,319.55,327.76,329.27,327.33,"5,67,081","18,56,23,008.94","13,420","4,32,540",76.27
MINDSPACE,RR,14-Sep-2023,329.27,328.00,329.65,316.56,327.20,328.38,326.03,"2,19,034","7,14,11,602.32","7,241","1,83,111",83.60
MINDSPACE,RR,15-Sep-2023,328.38,324.00,335.00,305.02,310.99,320.02,322.61,"34,11,245","1,10,04,99,558.82","18,477","28,88,929",84.69
MINDSPACE,RR,18-Sep-2023,320.02,314.00,316.12,308.50,312.00,310.46,314.29,"12,24,071","38,47,08,025.08","5,631","11,70,632",95.63
MINDSPACE,RR,20-Sep-2023,310.46,311.65,314.50,309.01,313.11,312.17,311.22,"1,77,434","5,52,20,192.89","4,884","1,38,345",77.97
MINDSPACE,RR,21-Sep-2023,312.17,313.00,314.90,310.01,312.25,311.66,313.11,"1,38,274","4,32,95,085.04","3,349","1,07,063",77.43
MINDSPACE,RR,22-Sep-2023,311.66,311.00,315.00,309.11,312.26,313.05,311.79,"1,08,815","3,39,26,994.70","5,345","80,608",74.08
MINDSPACE,RR,25-Sep-2023,313.05,314.40,316.73,309.01,316.40,315.02,312.98,"1,64,012","5,13,32,847.49","5,329","1,23,160",75.09
MINDSPACE,RR,26-Sep-2023,315.02,315.00,317.95,309.55,310.55,310.38,313.85,"2,83,810","8,90,74,061.40","6,376","2,51,510",88.62
MINDSPACE,RR,27-Sep-2023,310.38,311.88,314.70,309.85,311.52,311.60,311.89,"1,03,493","3,22,78,075.00","3,160","86,529",83.61
MINDSPACE,RR,28-Sep-2023,311.60,312.50,313.90,310.00,310.11,311.38,311.97,"88,717","2,76,77,200.90","6,416","77,739",87.63
MINDSPACE,RR,29-Sep-2023,311.38,313.00,315.90,310.00,311.20,312.71,313.79,"1,10,392","3,46,39,574.72","6,171","88,728",80.38
MINDSPACE,RR,03-Oct-2023,312.71,310.96,314.70,306.10,310.00,309.58,308.39,"16,05,989","49,52,67,082.76","7,485","15,67,161",97.58
MINDSPACE,RR,04-Oct-2023,309.58,308.12,312.79,308.12,309.12,310.30,310.26,"2,07,904","6,45,04,951.79","5,576","1,89,848",91.32
MINDSPACE,RR,05-Oct-2023,310.30,310.95,312.52,309.00,310.20,309.95,310.15,"90,463","2,80,57,401.59","2,312","81,116",89.67
MINDSPACE,RR,06-Oct-2023,309.95,308.65,312.99,308.65,309.86,309.94,310.04,"54,645","1,69,41,972.95","2,500","48,624",88.98
MINDSPACE,RR,09-Oct-2023,309.94,312.80,313.75,308.00,310.00,311.53,311.03,"3,02,338","9,40,37,684.86","4,694","2,67,442",88.46
MINDSPACE,RR,10-Oct-2023,311.53,311.98,311.98,308.98,309.75,309.09,309.68,"1,15,861","3,58,80,018.32","5,782","91,259",78.77
MINDSPACE,RR,11-Oct-2023,309.09,310.00,311.50,309.01,309.71,310.27,310.09,"93,547","2,90,08,375.66","3,959","74,457",79.59
MINDSPACE,RR,12-Oct-2023,310.27,310.27,314.90,308.11,308.71,308.74,310.70,"1,28,631","3,99,65,348.01","10,392","1,09,680",85.27
MINDSPACE,RR,13-Oct-2023,308.74,308.20,311.50,308.20,310.00,310.31,310.49,"1,28,420","3,98,73,017.57","2,297","1,20,334",93.70
MINDSPACE,RR,16-Oct-2023,310.31,311.87,312.07,309.12,309.40,309.39,309.99,"42,582","1,31,99,827.66","2,340","39,890",93.68
MINDSPACE,RR,17-Oct-2023,309.39,313.80,313.80,307.20,308.00,307.91,309.40,"93,183","2,88,30,766.82","1,719","85,856",92.14
MINDSPACE,RR,18-Oct-2023,307.91,309.61,319.45,308.01,319.00,317.55,316.45,"9,49,621","30,05,09,033.59","8,315","8,70,544",91.67
MINDSPACE,RR,19-Oct-2023,317.55,315.91,319.85,312.30,319.25,319.03,316.34,"1,23,295","3,90,02,973.21","4,337","98,464",79.86
MINDSPACE,RR,20-Oct-2023,319.03,320.00,320.00,313.20,315.00,313.98,315.40,"52,422","1,65,34,144.30","6,143","45,485",86.77
MINDSPACE,RR,23-Oct-2023,313.98,316.80,316.80,310.50,312.00,311.62,312.15,"1,35,822","4,23,96,902.60","3,646","1,27,602",93.95
MINDSPACE,RR,25-Oct-2023,311.62,312.20,315.90,309.00,310.00,309.49,311.38,"48,046","1,49,60,559.92","2,105","37,178",77.38
MINDSPACE,RR,26-Oct-2023,309.49,312.00,313.89,305.20,308.00,307.88,308.32,"48,878","1,50,69,864.94","1,571","36,390",74.45
MINDSPACE,RR,27-Oct-2023,307.88,306.30,314.80,306.30,308.98,309.33,310.42,"87,595","2,71,91,049.30","1,596","71,634",81.78
MINDSPACE,RR,30-Oct-2023,309.33,307.00,310.40,304.50,308.89,309.72,307.74,"58,846","1,81,09,417.72","5,221","43,611",74.11
MINDSPACE,RR,31-Oct-2023,309.72,309.72,310.80,307.12,309.70,309.13,309.42,"93,249","2,88,53,557.87","1,746","82,837",88.83
MINDSPACE,RR,01-Nov-2023,309.13,307.61,310.85,307.61,308.87,309.72,309.61,"1,52,139","4,71,03,169.70","2,124","1,40,394",92.28
MINDSPACE,RR,02-Nov-2023,309.72,313.45,313.45,308.54,310.50,310.02,309.53,"1,82,403","5,64,59,401.49","1,392","1,73,475",95.11
MINDSPACE,RR,03-Nov-2023,310.02,312.10,315.00,308.00,314.99,311.11,310.90,"1,85,419","5,76,46,402.17","2,053","1,54,429",83.29
MINDSPACE,RR,06-Nov-2023,311.11,312.90,314.90,309.50,311.03,312.83,311.88,"3,88,722","12,12,33,225.20","3,752","3,60,316",92.69
MINDSPACE,RR,07-Nov-2023,312.83,311.00,313.01,310.00,311.11,311.38,311.77,"36,137","1,12,66,484.13","1,439","25,573",70.77
MINDSPACE,RR,08-Nov-2023,311.38,313.00,315.00,311.00,314.79,314.71,312.34,"55,561","1,73,53,990.38","1,292","49,043",88.27
MINDSPACE,RR,09-Nov-2023,314.71,313.75,322.11,312.06,322.11,319.55,317.68,"1,49,396","4,74,59,383.85","2,531","1,28,597",86.08
MINDSPACE,RR,10-Nov-2023,319.55,320.00,322.35,317.55,319.75,318.09,319.72,"77,209","2,46,85,264.19","2,553","64,893",84.05
MINDSPACE,RR,12-Nov-2023,318.09,321.50,324.75,315.00,324.60,322.58,322.54,"16,183","52,19,681.10",891,"13,334",82.40
MINDSPACE,RR,13-Nov-2023,322.58,321.00,321.00,312.10,320.50,318.39,316.44,"94,258","2,98,26,632.25","1,817","81,782",86.76
MINDSPACE,RR,15-Nov-2023,318.39,319.80,325.80,319.00,325.70,324.07,323.19,"1,07,876","3,48,64,919.21","2,664","84,969",78.77
MINDSPACE,RR,16-Nov-2023,324.07,325.00,325.95,320.00,320.10,320.01,320.47,"1,12,964","3,62,01,622.67","1,647","1,03,832",91.92
MINDSPACE,RR,17-Nov-2023,320.01,320.20,326.95,320.00,326.60,326.12,324.12,"1,17,849","3,81,97,030.66","2,539","1,04,935",89.04
MINDSPACE,RR,20-Nov-2023,326.12,327.00,328.20,316.52,321.21,321.44,321.36,"2,86,080","9,19,36,089.35","3,549","2,48,965",87.03
MINDSPACE,RR,21-Nov-2023,321.44,321.44,323.49,318.01,320.00,319.89,320.29,"50,581","1,62,00,669.77","2,078","43,128",85.27
MINDSPACE,RR,22-Nov-2023,319.89,321.60,322.80,315.55,316.10,316.67,317.58,"1,00,060","3,17,76,565.13","3,457","71,993",71.95
MINDSPACE,RR,23-Nov-2023,316.67,315.98,320.89,315.01,318.70,319.81,317.39,"51,020","1,61,93,323.42","1,459","41,973",82.27
MINDSPACE,RR,24-Nov-2023,319.81,319.81,328.80,316.21,324.10,326.44,323.18,"58,165","1,87,98,044.97","1,603","43,251",74.36
MINDSPACE,RR,28-Nov-2023,326.44,326.00,326.00,314.25,315.86,315.38,320.18,"1,30,072","4,16,45,950.83","3,656","1,13,598",87.33
MINDSPACE,RR,29-Nov-2023,315.38,316.90,318.25,314.15,318.00,317.16,316.27,"46,571","1,47,28,790.51","1,669","40,422",86.80
MINDSPACE,RR,30-Nov-2023,317.16,319.55,321.21,314.09,320.13,320.04,317.44,"1,19,216","3,78,43,342.05","4,565","97,134",81.48
MINDSPACE,RR,01-Dec-2023,320.04,320.90,321.80,318.11,320.95,320.59,319.62,"69,817","2,23,14,591.73","2,031","63,317",90.69
MINDSPACE,RR,04-Dec-2023,320.59,321.10,323.30,311.75,314.30,314.51,317.97,"2,15,192","6,84,24,016.48","4,316","1,81,437",84.31
MINDSPACE,RR,05-Dec-2023,314.51,314.95,315.89,310.25,313.15,313.18,312.62,"1,37,518","4,29,91,272.28","3,647","1,06,491",77.44
MINDSPACE,RR,06-Dec-2023,313.18,311.70,319.17,311.70,318.10,317.35,315.83,"3,05,297","9,64,21,302.49","3,474","2,90,945",95.30
MINDSPACE,RR,07-Dec-2023,317.35,319.80,323.30,314.85,320.00,320.27,320.58,"3,78,456","12,13,23,830.86","3,530","3,33,124",88.02
MINDSPACE,RR,08-Dec-2023,320.27,321.50,324.90,318.21,324.00,323.03,321.34,"1,45,256","4,66,76,832.24","4,882","1,27,454",87.74
MINDSPACE,RR,11-Dec-2023,323.03,324.00,329.00,319.52,324.12,325.37,322.49,"1,87,773","6,05,54,858.12","4,665","1,55,777",82.96
MINDSPACE,RR,12-Dec-2023,325.37,326.80,327.95,320.11,323.09,323.78,322.35,"97,951","3,15,74,416.40","2,273","83,349",85.09
MINDSPACE,RR,13-Dec-2023,323.78,324.40,324.40,317.79,320.05,319.26,321.49,"1,49,827","4,81,67,225.83","3,355","1,38,130",92.19
MINDSPACE,RR,14-Dec-2023,319.26,320.85,323.30,319.01,321.89,321.52,321.04,"3,61,317","11,59,98,927.84","1,781","3,51,335",97.24
MINDSPACE,RR,15-Dec-2023,321.52,324.00,324.88,318.00,320.00,319.69,319.81,"3,63,298","11,61,87,753.14","9,210","2,47,881",68.23
MINDSPACE,RR,18-Dec-2023,319.69,319.00,320.49,315.51,319.99,319.08,317.40,"1,69,741","5,38,75,508.48","4,573","1,50,532",88.68
MINDSPACE,RR,19-Dec-2023,319.08,319.80,322.75,315.50,317.20,316.73,318.72,"1,03,645","3,30,33,689.19","1,898","89,889",86.73
MINDSPACE,RR,20-Dec-2023,316.73,318.00,319.25,315.75,315.90,316.29,318.39,"1,15,933","3,69,11,499.95","2,284","97,018",83.68
MINDSPACE,RR,21-Dec-2023,316.29,316.29,319.90,315.50,316.38,317.25,318.59,"1,55,505","4,95,42,325.10","2,304","1,36,721",87.92
MINDSPACE,RR,22-Dec-2023,317.25,317.99,323.95,317.01,322.50,323.07,321.38,"5,03,384","16,17,79,149.70","6,181","4,42,141",87.83
MINDSPACE,RR,26-Dec-2023,323.07,321.20,324.01,318.76,321.00,320.59,321.13,"1,57,600","5,06,10,064.25","3,964","1,38,538",87.90
MINDSPACE,RR,27-Dec-2023,320.59,319.11,325.01,317.25,318.00,318.14,320.91,"1,17,230","3,76,20,274.01","3,531","94,329",80.46
MINDSPACE,RR,28-Dec-2023,318.14,318.50,323.00,318.50,322.00,321.99,321.76,"2,88,428","9,28,04,915.33","4,274","2,61,243",90.57
MINDSPACE,RR,29-Dec-2023,321.99,322.50,327.90,321.00,322.01,323.29,324.13,"1,42,375","4,61,47,570.75","2,291","1,19,691",84.07
MINDSPACE,RR,01-Jan-2024,323.29,323.95,324.00,315.20,322.50,322.15,320.86,"1,05,027","3,36,98,528.91","4,694","75,866",72.23
MINDSPACE,RR,02-Jan-2024,322.15,322.50,324.80,320.15,323.00,322.85,322.63,"99,372","3,20,60,616.01","5,670","73,984",74.45
MINDSPACE,RR,03-Jan-2024,322.85,322.85,327.00,321.26,326.17,326.17,324.10,"86,770","2,81,21,926.38","1,358","80,365",92.62
MINDSPACE,RR,04-Jan-2024,326.17,325.00,329.45,323.00,325.36,325.19,325.28,"1,01,703","3,30,81,670.86","1,520","93,999",92.43
MINDSPACE,RR,05-Jan-2024,325.19,325.60,329.95,324.51,324.51,326.32,327.11,"1,01,347","3,31,52,085.56","2,101","82,487",81.39
MINDSPACE,RR,08-Jan-2024,326.32,330.00,332.00,324.30,324.52,324.69,325.92,"74,491","2,42,77,926.46","2,452","62,649",84.10
MINDSPACE,RR,09-Jan-2024,324.69,326.40,327.25,322.70,325.00,325.78,325.97,"1,36,189","4,43,93,642.05","4,109","1,18,268",86.84
MINDSPACE,RR,10-Jan-2024,325.78,327.99,329.75,323.03,327.99,328.12,327.54,"2,09,094","6,84,86,418.32","3,930","1,79,698",85.94
MINDSPACE,RR,11-Jan-2024,328.12,329.00,332.95,327.21,330.48,330.41,330.49,"1,21,569","4,01,77,024.30","3,171","1,10,215",90.66
MINDSPACE,RR,12-Jan-2024,330.41,329.10,332.05,326.60,330.65,330.76,330.75,"1,04,839","3,46,75,645.95","3,062","96,258",91.82
MINDSPACE,RR,15-Jan-2024,330.76,332.00,333.15,327.03,330.80,328.22,330.93,"1,27,515","4,21,98,048.84","3,825","1,11,240",87.24
MINDSPACE,RR,16-Jan-2024,328.22,329.00,332.48,326.20,331.50,331.04,331.06,"2,39,922","7,94,27,809.20","6,430","2,15,484",89.81
MINDSPACE,RR,17-Jan-2024,331.04,331.92,333.79,329.29,330.00,330.92,331.33,"4,49,152","14,88,17,268.74","7,363","4,11,028",91.51
MINDSPACE,RR,18-Jan-2024,330.92,330.00,331.00,326.26,329.10,330.71,330.04,"1,91,773","6,32,92,550.98","4,322","1,63,537",85.28
MINDSPACE,RR,19-Jan-2024,330.71,331.00,331.50,327.51,329.05,328.44,328.67,"1,00,271","3,29,55,576.82","3,335","89,650",89.41
MINDSPACE,RR,20-Jan-2024,328.44,329.80,329.80,327.91,328.42,328.66,328.74,"6,961","22,88,368.53",433,"4,710",67.66
MINDSPACE,RR,23-Jan-2024,328.66,327.68,331.84,325.06,328.14,328.09,328.96,"5,68,509","18,70,14,741.94","6,242","5,22,230",91.86
MINDSPACE,RR,24-Jan-2024,328.09,327.09,330.22,325.02,328.50,329.02,328.31,"1,58,307","5,19,73,717.09","8,752","1,38,624",87.57
MINDSPACE,RR,25-Jan-2024,329.02,329.85,329.85,325.00,328.00,327.48,327.42,"1,95,052","6,38,64,166.67","3,609","1,75,338",89.89
MINDSPACE,RR,29-Jan-2024,327.48,329.20,335.10,323.00,325.75,325.12,325.09,"1,59,675","5,19,09,031.63","5,304","1,37,896",86.36
MINDSPACE,RR,30-Jan-2024,325.12,325.12,329.70,316.51,319.20,319.17,323.72,"2,75,855","8,93,00,798.57","4,167","2,23,068",80.86
MINDSPACE,RR,31-Jan-2024,319.17,320.70,323.32,318.85,322.06,321.56,320.75,"2,75,455","8,83,51,427.44","3,304","2,49,007",90.40
MINDSPACE,RR,01-Feb-2024,321.56,321.00,325.87,320.12,323.00,323.28,323.42,"2,25,222","7,28,41,550.98","3,975","2,13,258",94.69
MINDSPACE,RR,02-Feb-2024,323.28,324.00,326.24,322.11,325.25,325.14,323.98,"3,13,236","10,14,82,647.17","3,071","3,01,818",96.35
MINDSPACE,RR,05-Feb-2024,325.14,325.14,330.60,325.14,330.50,329.76,328.05,"1,13,045","3,70,84,917.80","2,097","1,04,822",92.73
MINDSPACE,RR,06-Feb-2024,329.76,326.40,336.15,326.10,333.00,334.52,331.15,"1,33,046","4,40,58,676.91","2,342","1,19,504",89.82
MINDSPACE,RR,07-Feb-2024,334.52,335.70,337.86,332.86,334.00,333.74,334.95,"98,644","3,30,41,292.47","2,722","92,982",94.26
MINDSPACE,RR,08-Feb-2024,333.74,336.95,336.95,329.26,333.80,332.01,331.60,"76,563","2,53,88,232.92","1,949","58,240",76.07
MINDSPACE,RR,09-Feb-2024,332.01,334.00,334.68,328.05,330.49,330.48,330.73,"26,333","87,09,203.88","1,076","18,712",71.06
MINDSPACE,RR,12-Feb-2024,330.48,330.48,334.00,326.90,331.85,330.13,330.56,"40,666","1,34,42,419.85","1,965","30,654",75.38
MINDSPACE,RR,13-Feb-2024,330.13,332.80,335.99,325.00,334.37,334.77,333.51,"83,855","2,79,66,276.26","1,844","63,168",75.33
MINDSPACE,RR,14-Feb-2024,334.77,334.98,337.96,329.03,335.65,335.45,331.71,"72,259","2,39,69,283.66","3,614","57,629",79.75
MINDSPACE,RR,15-Feb-2024,335.45,332.70,339.30,331.25,334.00,334.54,334.98,"34,427","1,15,32,431.07","1,030","29,097",84.52
MINDSPACE,RR,16-Feb-2024,334.54,335.00,343.40,331.51,340.50,339.95,338.22,"72,482","2,45,14,716.46","1,791","55,051",75.95
MINDSPACE,RR,19-Feb-2024,339.95,340.50,343.94,337.78,340.00,340.01,341.61,"92,663","3,16,55,015.46","2,022","77,234",83.35
MINDSPACE,RR,20-Feb-2024,340.01,342.50,342.50,338.00,340.65,340.08,339.97,"2,85,472","9,70,50,960.09","4,950","2,80,229",98.16
MINDSPACE,RR,21-Feb-2024,340.08,343.00,344.01,339.99,340.16,342.35,342.69,"96,536","3,30,81,587.78","3,271","84,992",88.04
MINDSPACE,RR,22-Feb-2024,342.35,344.94,344.94,337.02,340.10,340.67,341.24,"44,562","1,52,06,455.76",925,"40,175",90.16
MINDSPACE,RR,23-Feb-2024,340.67,342.11,345.32,336.44,342.51,344.48,340.45,"88,985","3,02,94,780.84","2,601","83,341",93.66
MINDSPACE,RR,26-Feb-2024,344.48,344.00,345.95,340.00,341.55,341.64,342.83,"48,844","1,67,45,357.32","2,241","36,318",74.36
MINDSPACE,RR,27-Feb-2024,341.64,342.27,343.88,339.00,340.00,340.06,340.03,"3,75,628","12,77,25,120.50","2,165","3,68,092",97.99
MINDSPACE,RR,28-Feb-2024,340.06,341.79,342.51,339.99,340.06,341.43,340.76,"63,742","2,17,20,663.75","1,337","57,415",90.07
MINDSPACE,RR,29-Feb-2024,341.43,342.70,342.94,340.00,340.00,340.16,340.47,"1,34,784","4,58,89,835.25","2,931","1,26,598",93.93
MINDSPACE,RR,01-Mar-2024,340.16,342.80,343.41,337.00,337.89,338.46,339.78,"3,94,854","13,41,64,348.65","3,243","3,74,013",94.72
MINDSPACE,RR,02-Mar-2024,338.46,338.49,342.39,336.01,338.85,338.39,338.62,"1,768","5,98,673.53",177,"1,138",64.37
MINDSPACE,RR,04-Mar-2024,338.39,340.99,340.99,338.00,340.01,339.96,339.88,"73,561","2,50,01,985.18","6,059","70,727",96.15
MINDSPACE,RR,05-Mar-2024,339.96,340.00,344.00,340.00,342.00,341.07,340.56,"62,515","2,12,90,022.92","12,758","51,561",82.48
MINDSPACE,RR,06-Mar-2024,341.07,340.06,344.80,340.00,340.05,340.06,341.72,"91,460","3,12,53,267.00","17,825","68,292",74.67
MINDSPACE,RR,07-Mar-2024,340.06,340.45,344.10,340.00,340.20,340.35,342.04,"77,539","2,65,21,777.00","4,046","52,930",68.26
MINDSPACE,RR,11-Mar-2024,340.35,340.35,343.77,338.15,340.45,340.38,340.59,"91,535","3,11,75,520.17","2,825","77,695",84.88
MINDSPACE,RR,12-Mar-2024,340.38,341.45,343.60,339.00,340.05,340.06,340.25,"1,07,527","3,65,86,109.85","7,665","1,00,492",93.46
MINDSPACE,RR,13-Mar-2024,340.06,341.40,341.40,329.75,337.00,336.45,339.06,"2,84,921","9,66,04,035.34","14,021","2,35,977",82.82
MINDSPACE,RR,14-Mar-2024,336.45,333.50,339.95,333.00,336.00,338.15,337.51,"1,58,383","5,34,55,851.87","4,671","1,39,032",87.78
MINDSPACE,RR,15-Mar-2024,338.15,337.00,343.00,336.20,341.50,340.68,339.60,"2,03,243","6,90,20,311.44","7,547","1,82,349",89.72
MINDSPACE,RR,18-Mar-2024,340.68,343.30,344.85,340.53,344.37,344.59,342.74,"69,217","2,37,23,134.58","2,711","54,894",79.31
MINDSPACE,RR,19-Mar-2024,344.59,344.00,349.00,341.00,348.00,347.42,345.25,"88,617","3,05,94,992.26","2,487","76,094",85.87
MINDSPACE,RR,20-Mar-2024,347.42,344.25,347.00,341.20,343.00,343.01,343.61,"50,930","1,75,00,094.01","1,663","35,575",69.85
MINDSPACE,RR,21-Mar-2024,343.01,342.60,347.00,342.00,343.03,346.26,345.86,"1,88,543","6,52,09,466.15","2,073","1,78,151",94.49
MINDSPACE,RR,22-Mar-2024,346.26,346.40,348.99,341.00,345.00,344.66,344.12,"80,604","2,77,37,492.19","2,274","64,374",79.86
MINDSPACE,RR,26-Mar-2024,344.66,344.50,344.98,340.00,340.00,340.05,340.61,"2,85,909","9,73,82,101.43","8,851","2,63,685",92.23
MINDSPACE,RR,27-Mar-2024,340.05,342.00,345.59,340.01,345.00,344.14,343.45,"51,387","1,76,48,853.00","1,658","40,157",78.15
MINDSPACE,RR,28-Mar-2024,344.14,346.20,350.30,342.05,344.99,345.39,347.30,"1,14,079","3,96,20,161.39","2,456","1,01,843",89.27
MINDSPACE,RR,01-Apr-2024,345.39,344.99,348.00,341.90,344.00,344.48,343.45,"1,08,430","3,72,40,110.57","2,600","91,081",84.00
MINDSPACE,RR,02-Apr-2024,344.48,344.95,347.30,342.67,343.25,344.16,345.37,"44,238","1,52,78,351.04","1,497","38,206",86.36
MINDSPACE,RR,03-Apr-2024,344.16,342.51,350.00,342.23,344.00,344.30,344.40,"94,130","3,24,18,551.54","2,539","73,152",77.71
MINDSPACE,RR,04-Apr-2024,344.30,346.00,346.00,342.61,344.40,344.45,343.89,"1,20,165","4,13,24,078.66","1,913","1,08,809",90.55
MINDSPACE,RR,05-Apr-2024,344.45,345.85,346.90,343.71,343.88,344.78,345.72,"2,41,265","8,34,10,017.64","3,147","2,19,741",91.08
MINDSPACE,RR,08-Apr-2024,344.78,344.78,352.65,344.00,346.30,346.17,345.72,"2,71,851","9,39,83,365.98","3,316","2,56,797",94.46
MINDSPACE,RR,09-Apr-2024,346.17,347.00,350.97,345.00,347.00,347.01,346.64,"58,086","2,01,35,197.65","2,710","44,188",76.07
MINDSPACE,RR,10-Apr-2024,347.01,348.79,365.00,344.80,353.50,353.80,352.40,"1,71,216","6,03,35,841.17","2,589","1,46,276",85.43
MINDSPACE,RR,12-Apr-2024,353.80,351.00,358.69,343.00,343.52,344.68,348.14,"93,095","3,24,09,937.48","4,051","71,230",76.51
MINDSPACE,RR,15-Apr-2024,344.68,343.00,349.00,343.00,346.67,348.24,345.44,"3,11,239","10,75,13,745.13","2,748","2,96,702",95.33
MINDSPACE,RR,16-Apr-2024,348.24,349.80,349.80,343.15,343.20,344.85,345.56,"67,858","2,34,48,965.36","2,686","55,916",82.40
MINDSPACE,RR,18-Apr-2024,344.85,347.00,347.00,338.30,342.10,342.97,343.80,"2,02,880","6,97,49,142.72","3,053","1,69,097",83.35
MINDSPACE,RR,19-Apr-2024,342.97,338.65,345.85,337.10,341.60,341.96,341.55,"1,60,269","5,47,40,296.54","4,859","1,27,262",79.41
MINDSPACE,RR,22-Apr-2024,341.96,342.85,345.85,342.01,345.00,344.45,344.60,"67,708","2,33,32,447.50","1,575","58,260",86.05
MINDSPACE,RR,23-Apr-2024,344.45,344.80,347.00,343.21,346.11,345.32,345.12,"48,339","1,66,82,864.19",988,"41,031",84.88
MINDSPACE,RR,24-Apr-2024,345.32,345.85,348.00,344.07,347.01,347.00,346.99,"1,64,368","5,70,34,204.63","1,872","1,56,931",95.48
MINDSPACE,RR,25-Apr-2024,347.00,347.00,351.95,345.06,351.80,351.54,349.06,"52,361","1,82,76,973.71","1,676","40,512",77.37
MINDSPACE,RR,26-Apr-2024,351.54,352.00,353.50,351.00,353.01,353.01,352.22,"54,158","1,90,75,740.16","1,323","48,875",90.25
MINDSPACE,RR,29-Apr-2024,353.01,354.75,355.00,351.00,353.50,353.51,353.36,"39,022","1,37,88,733.33","1,049","36,027",92.32
MINDSPACE,RR,30-Apr-2024,353.51,354.49,355.60,353.51,355.00,354.99,354.91,"1,56,998","5,57,20,330.62","2,515","1,53,081",97.51
MINDSPACE,RR,02-May-2024,354.99,355.90,358.95,349.85,354.00,353.61,353.30,"40,029","1,41,42,051.32","2,274","31,123",77.75
MINDSPACE,RR,03-May-2024,353.61,355.65,356.50,350.00,354.67,354.52,352.64,"56,989","2,00,96,320.91","2,256","45,339",79.56
MINDSPACE,RR,06-May-2024,354.52,356.00,358.20,344.25,346.00,349.61,351.82,"1,33,349","4,69,14,676.85","3,103","98,351",73.75
MINDSPACE,RR,07-May-2024,349.61,348.00,354.78,347.01,352.25,354.20,352.14,"61,167","2,15,39,095.88","2,030","46,764",76.45
MINDSPACE,RR,08-May-2024,354.20,354.80,354.99,351.11,354.00,354.04,353.56,"19,840","70,14,633.88",952,"16,505",83.19
MINDSPACE,RR,09-May-2024,354.04,351.90,353.89,348.06,348.94,349.96,351.48,"85,957","3,02,12,584.86","1,242","79,440",92.42
MINDSPACE,RR,10-May-2024,349.96,349.96,355.85,347.20,351.70,353.52,350.79,"41,954","1,47,17,113.45","3,873","30,672",73.11
MINDSPACE,RR,13-May-2024,353.52,354.90,354.90,339.16,344.60,347.57,345.33,"1,13,569","3,92,18,371.07","4,014","88,601",78.02
MINDSPACE,RR,14-May-2024,347.57,346.78,350.00,344.22,346.00,347.05,347.29,"65,515","2,27,53,027.88","4,560","54,046",82.49
MINDSPACE,RR,15-May-2024,347.05,345.50,351.00,345.50,348.35,350.23,348.74,"75,386","2,62,90,225.58","1,665","67,174",89.11
MINDSPACE,RR,16-May-2024,350.23,351.00,351.00,347.39,348.93,348.84,349.46,"91,017","3,18,07,204.23","3,972","76,722",84.29
MINDSPACE,RR,17-May-2024,348.84,348.84,353.50,343.00,353.45,353.02,350.15,"1,02,960","3,60,50,995.64","3,297","85,536",83.08
MINDSPACE,RR,18-May-2024,353.02,353.02,353.80,345.50,353.00,351.95,351.23,"7,540","26,48,245.48",240,"6,060",80.37
MINDSPACE,RR,21-May-2024,351.95,348.10,354.80,348.10,349.25,350.45,350.79,"1,60,131","5,61,72,728.33","5,758","1,29,885",81.11
MINDSPACE,RR,22-May-2024,350.45,351.60,351.60,342.90,345.27,345.51,348.16,"1,47,556","5,13,72,705.91","3,613","1,07,007",72.52
MINDSPACE,RR,23-May-2024,345.51,346.90,349.85,345.00,347.99,347.84,347.77,"1,28,504","4,46,89,857.46","2,856","1,08,055",84.09
MINDSPACE,RR,24-May-2024,347.84,349.00,352.00,347.10,351.00,351.39,350.30,"2,28,746","8,01,29,043.81","5,158","1,88,286",82.31
MINDSPACE,RR,27-May-2024,351.39,350.00,353.90,345.40,346.50,347.17,349.64,"2,28,289","7,98,19,861.30","5,168","1,95,529",85.65
MINDSPACE,RR,28-May-2024,347.17,345.20,347.90,335.00,339.18,339.03,344.97,"3,50,355","12,08,61,830.30","12,745","2,83,311",80.86
MINDSPACE,RR,29-May-2024,339.03,340.00,348.20,339.21,347.01,347.53,345.58,"1,43,777","4,96,86,902.73","4,741","1,16,763",81.21
MINDSPACE,RR,30-May-2024,347.53,348.90,350.00,342.66,348.00,347.97,348.59,"1,24,884","4,35,33,369.72","3,607","1,01,675",81.42
MINDSPACE,RR,31-May-2024,347.97,349.00,349.00,341.12,342.00,342.74,346.30,"1,76,284","6,10,47,092.26","4,394","1,57,042",89.08
MINDSPACE,RR,03-Jun-2024,342.74,343.90,348.50,343.01,345.14,346.44,347.45,"92,305","3,20,70,930.54","6,729","77,492",83.95
MINDSPACE,RR,04-Jun-2024,346.44,342.38,348.80,340.20,347.68,346.67,346.27,"1,26,717","4,38,78,674.07","9,735","93,294",73.62
MINDSPACE,RR,05-Jun-2024,346.67,346.67,346.67,336.06,343.20,344.02,342.33,"1,38,781","4,75,08,904.21","5,659","90,348",65.10
MINDSPACE,RR,06-Jun-2024,344.02,344.85,347.00,342.10,343.69,343.92,343.62,"70,401","2,41,91,190.07","1,812","61,613",87.52
MINDSPACE,RR,07-Jun-2024,343.92,344.50,346.00,340.11,342.00,341.88,342.02,"2,85,132","9,75,21,352.14","2,139","2,72,685",95.63
MINDSPACE,RR,10-Jun-2024,341.88,342.99,344.89,334.25,335.25,335.00,338.50,"2,97,976","10,08,63,612.26","5,073","2,76,849",92.91
MINDSPACE,RR,11-Jun-2024,335.00,338.50,341.25,335.26,339.10,339.22,338.41,"76,254","2,58,05,458.16","2,305","65,578",86.00
MINDSPACE,RR,12-Jun-2024,339.22,337.00,342.49,336.40,341.99,341.13,338.13,"1,80,261","6,09,50,883.99","5,479","1,39,734",77.52
MINDSPACE,RR,13-Jun-2024,341.13,340.25,342.85,336.51,340.45,340.50,339.16,"1,61,437","5,47,52,509.74","3,478","1,30,643",80.93
MINDSPACE,RR,14-Jun-2024,340.50,340.22,340.22,337.50,338.50,338.40,338.01,"26,14,733","88,38,13,806.52","3,952","25,98,626",99.38
MINDSPACE,RR,18-Jun-2024,338.40,338.40,340.22,337.00,339.99,339.79,338.08,"1,95,624","6,61,36,849.85","2,833","1,81,553",92.81
MINDSPACE,RR,19-Jun-2024,339.79,339.85,342.96,336.00,338.49,337.26,340.77,"2,44,354","8,32,68,644.29","4,107","2,16,154",88.46
MINDSPACE,RR,20-Jun-2024,337.26,338.20,339.49,337.11,339.18,338.74,338.82,"13,607","46,10,355.59","1,309","10,148",74.58
MINDSPACE,RR,21-Jun-2024,338.74,338.25,343.50,336.13,341.12,340.19,339.45,"2,36,067","8,01,33,864.32","5,926","1,87,639",79.49
MINDSPACE,RR,24-Jun-2024,340.19,342.59,342.59,334.60,335.31,335.55,336.80,"1,02,701","3,45,90,141.67","4,096","85,844",83.59
MINDSPACE,RR,25-Jun-2024,335.55,335.31,336.80,330.80,333.70,333.87,331.95,"2,47,249","8,20,74,942.79","6,041","2,13,159",86.21
MINDSPACE,RR,26-Jun-2024,333.87,334.50,336.90,332.00,336.80,335.85,334.75,"1,32,229","4,42,63,444.45","11,256","1,14,899",86.89
MINDSPACE,RR,27-Jun-2024,335.85,336.45,337.45,332.05,335.20,335.47,333.22,"2,87,527","9,58,09,979.33","10,707","2,63,138",91.52
MINDSPACE,RR,28-Jun-2024,335.47,333.11,335.49,332.50,332.97,333.10,333.08,"3,31,834","11,05,28,521.14","3,866","3,24,756",97.87
MINDSPACE,RR,01-Jul-2024,333.10,334.89,335.30,332.05,333.60,333.37,333.09,"1,38,773","4,62,23,548.65","2,525","1,12,334",80.95
MINDSPACE,RR,02-Jul-2024,333.37,333.39,336.00,332.34,336.00,335.87,334.10,"69,666","2,32,75,290.85","2,033","58,916",84.57
MINDSPACE,RR,03-Jul-2024,335.87,337.40,337.40,330.35,334.99,334.10,334.12,"3,90,999","13,06,41,623.93","3,536","3,36,742",86.12
MINDSPACE,RR,04-Jul-2024,334.10,335.45,336.00,334.51,335.65,335.07,335.10,"2,36,847","7,93,67,398.85","4,523","2,26,134",95.48
MINDSPACE,RR,05-Jul-2024,335.07,336.20,336.20,334.99,335.84,335.12,335.17,"1,38,801","4,65,21,713.32","3,477","1,29,893",93.58
MINDSPACE,RR,08-Jul-2024,335.12,335.00,336.90,332.10,336.00,335.93,335.75,"1,52,362","5,11,55,998.49","2,575","1,42,681",93.65
MINDSPACE,RR,09-Jul-2024,335.93,335.00,338.55,333.14,334.30,334.03,335.19,"2,06,408","6,91,86,444.22","4,266","1,66,059",80.45
MINDSPACE,RR,10-Jul-2024,334.03,335.00,337.00,333.50,335.51,335.55,335.41,"2,30,359","7,72,64,790.03","3,131","2,16,606",94.03
MINDSPACE,RR,11-Jul-2024,335.55,336.43,338.50,336.00,338.01,337.94,337.50,"65,711","2,21,77,640.71","2,419","57,032",86.79
MINDSPACE,RR,12-Jul-2024,337.94,339.00,339.70,337.26,338.00,337.78,338.05,"23,804","80,46,957.52","1,763","19,986",83.96
MINDSPACE,RR,15-Jul-2024,337.78,337.98,339.48,336.60,339.44,338.91,337.95,"1,01,862","3,44,23,772.94","1,905","90,525",88.87
MINDSPACE,RR,16-Jul-2024,338.91,339.70,340.49,337.60,340.48,339.86,338.77,"1,06,010","3,59,12,931.76","1,470","1,00,156",94.48
MINDSPACE,RR,18-Jul-2024,339.86,340.50,340.99,339.00,340.50,340.43,340.19,"46,137","1,56,95,248.04","2,051","41,346",89.62
MINDSPACE,RR,19-Jul-2024,340.43,341.35,341.35,338.11,340.00,339.85,339.70,"41,217","1,40,01,602.02","1,414","32,780",79.53
MINDSPACE,RR,22-Jul-2024,339.85,340.00,340.60,337.00,340.25,339.93,339.35,"2,05,909","6,98,75,319.77","3,214","1,78,586",86.73
MINDSPACE,RR,23-Jul-2024,339.93,335.10,346.00,334.11,345.25,345.06,341.61,"2,14,689","7,33,38,855.98","5,690","1,60,006",74.53
MINDSPACE,RR,24-Jul-2024,345.06,346.00,346.00,339.50,341.46,341.04,342.73,"80,332","2,75,32,542.27","2,587","64,113",79.81
MINDSPACE,RR,25-Jul-2024,341.04,341.00,341.90,336.01,341.79,341.26,338.75,"1,06,390","3,60,39,241.82","2,121","91,411",85.92
MINDSPACE,RR,26-Jul-2024,341.26,341.79,344.00,339.50,341.77,342.02,341.74,"72,303","2,47,08,608.33","1,894","57,712",79.82
MINDSPACE,RR,29-Jul-2024,342.02,343.90,346.00,339.25,345.00,344.57,341.86,"1,91,593","6,54,97,444.60","4,379","1,27,898",66.76
MINDSPACE,RR,30-Jul-2024,344.57,345.80,346.00,338.00,340.00,339.84,340.74,"1,47,285","5,01,85,607.00","4,932","1,13,187",76.85
MINDSPACE,RR,31-Jul-2024,339.84,341.45,343.75,337.12,342.50,342.71,341.10,"1,42,894","4,87,40,707.59","5,344","1,08,113",75.66
MINDSPACE,RR,01-Aug-2024,342.71,343.00,345.94,340.60,345.90,345.73,343.59,"1,52,643","5,24,47,115.03","4,975","1,19,869",78.53
MINDSPACE,RR,02-Aug-2024,345.73,342.01,344.90,339.01,342.19,342.05,342.21,"1,36,800","4,68,14,669.11","2,488","1,20,097",87.79
MINDSPACE,RR,05-Aug-2024,342.05,342.00,344.85,339.50,342.00,342.25,341.65,"1,44,581","4,93,95,555.90","3,556","1,28,387",88.80
MINDSPACE,RR,06-Aug-2024,342.25,341.60,343.99,341.35,342.55,342.62,343.17,"65,788","2,25,76,350.61","1,589","59,578",90.56
MINDSPACE,RR,07-Aug-2024,342.62,343.70,343.70,339.50,342.39,342.70,341.88,"3,21,144","10,97,92,568.05","2,000","3,11,946",97.14
MINDSPACE,RR,08-Aug-2024,342.70,341.70,343.77,339.11,340.65,340.93,341.83,"1,36,662","4,67,15,120.41","1,633","1,29,293",94.61
MINDSPACE,RR,09-Aug-2024,340.93,341.00,343.00,340.30,343.00,342.39,341.81,"1,13,869","3,89,22,025.10","1,879","1,07,713",94.59
MINDSPACE,RR,12-Aug-2024,342.39,340.70,343.90,338.05,339.25,339.62,342.24,"2,91,718","9,98,36,602.06","2,164","2,79,946",95.96
MINDSPACE,RR,13-Aug-2024,339.62,339.20,342.00,338.00,339.50,339.89,340.63,"70,913","2,41,54,826.35","3,376","59,926",84.51
MINDSPACE,RR,14-Aug-2024,339.89,339.89,341.89,339.00,341.80,341.10,340.37,"1,15,809","3,94,18,270.99","2,563","1,01,164",87.35
MINDSPACE,RR,16-Aug-2024,341.10,342.00,342.00,339.30,340.05,340.20,340.20,"93,912","3,19,49,178.42","2,839","86,909",92.54
MINDSPACE,RR,19-Aug-2024,340.20,341.90,342.50,339.01,342.13,342.01,341.94,"4,58,981","15,69,45,639.24","1,627","4,48,670",97.75
MINDSPACE,RR,20-Aug-2024,342.01,342.01,342.50,339.10,342.49,342.13,341.10,"2,99,368","10,21,14,546.52","1,939","2,85,302",95.30
MINDSPACE,RR,21-Aug-2024,342.13,340.33,342.65,340.33,341.99,341.96,342.05,"5,19,127","17,75,69,393.01","1,484","5,10,310",98.30
MINDSPACE,RR,22-Aug-2024,341.96,341.99,342.00,339.41,339.50,340.76,340.17,"1,98,500","6,75,24,283.93","1,806","1,90,764",96.10
MINDSPACE,RR,23-Aug-2024,340.76,340.76,342.00,340.02,341.25,340.71,341.47,"68,244","2,33,03,020.85","2,044","55,340",81.09
MINDSPACE,RR,26-Aug-2024,340.71,341.52,341.79,338.00,338.75,338.19,339.60,"62,552","2,12,42,661.90","4,529","58,062",92.82
MINDSPACE,RR,27-Aug-2024,338.19,338.19,340.90,338.00,338.05,338.06,339.57,"2,99,918","10,18,42,973.60","3,015","2,95,718",98.60
MINDSPACE,RR,28-Aug-2024,338.06,338.01,341.78,334.20,339.57,339.99,338.53,"8,46,563","28,65,87,108.90","6,357","6,70,480",79.20
MINDSPACE,RR,29-Aug-2024,339.99,339.01,340.48,337.00,338.25,338.21,338.44,"2,92,731","9,90,70,493.86","5,345","2,69,943",92.22
MINDSPACE,RR,30-Aug-2024,338.21,339.48,339.90,337.50,339.85,338.82,338.69,"4,64,996","15,74,87,992.34","6,719","4,28,703",92.19
MINDSPACE,RR,02-Sep-2024,338.82,338.93,340.90,337.55,340.30,340.28,339.71,"1,58,544","5,38,59,215.41","3,708","1,38,252",87.20
MINDSPACE,RR,03-Sep-2024,340.28,340.89,340.89,334.10,338.42,338.24,336.43,"4,97,741","16,74,56,696.31","7,658","3,15,491",63.38
MINDSPACE,RR,04-Sep-2024,338.24,338.49,340.10,337.55,339.57,339.40,338.85,"83,723","2,83,69,931.65","7,812","72,225",86.27
MINDSPACE,RR,05-Sep-2024,339.40,339.40,340.60,335.55,336.70,338.10,338.92,"16,52,812","56,01,76,926.15","6,437","13,71,721",82.99
MINDSPACE,RR,06-Sep-2024,338.10,337.27,342.00,337.00,340.49,339.37,339.86,"3,78,949","12,87,91,337.84","7,129","2,60,285",68.69
MINDSPACE,RR,09-Sep-2024,339.37,339.00,342.00,338.11,341.90,341.88,341.06,"80,940","2,76,05,431.15","2,066","66,396",82.03
MINDSPACE,RR,10-Sep-2024,341.88,342.45,343.00,340.15,343.00,342.62,342.17,"1,51,748","5,19,24,054.23","2,469","1,42,676",94.02
MINDSPACE,RR,11-Sep-2024,342.62,343.45,345.00,342.50,345.00,344.70,343.69,"81,286","2,79,37,406.12","2,947","73,149",89.99
MINDSPACE,RR,12-Sep-2024,344.70,345.90,347.90,344.50,346.94,346.97,346.76,"82,103","2,84,69,995.88","3,709","71,466",87.04
MINDSPACE,RR,13-Sep-2024,346.97,346.95,350.00,345.00,349.78,349.76,348.01,"1,33,663","4,65,16,355.01","3,748","1,26,957",94.98
MINDSPACE,RR,16-Sep-2024,349.76,351.85,352.00,348.00,349.95,350.00,350.52,"1,43,145","5,01,75,465.03","5,559","1,35,346",94.55
MINDSPACE,RR,17-Sep-2024,350.00,351.00,353.09,349.06,353.00,352.40,351.91,"2,83,165","9,96,48,071.24","5,281","2,72,926",96.38
MINDSPACE,RR,18-Sep-2024,352.40,354.60,356.00,351.50,354.15,354.29,353.53,"1,05,173","3,71,81,622.84","3,614","92,027",87.50
MINDSPACE,RR,19-Sep-2024,354.29,354.29,364.89,347.06,357.00,356.40,353.54,"2,27,025","8,02,61,477.51","5,308","1,75,701",77.39
MINDSPACE,RR,20-Sep-2024,356.40,358.00,359.88,348.00,349.51,348.80,353.24,"2,79,467","9,87,19,387.54","9,178","2,47,283",88.48
MINDSPACE,RR,23-Sep-2024,348.80,349.80,351.99,348.00,348.50,349.71,349.00,"1,70,856","5,96,28,322.99","7,375","1,43,995",84.28
MINDSPACE,RR,24-Sep-2024,349.71,349.89,353.50,348.00,348.00,348.11,349.59,"1,58,991","5,55,82,062.21","4,980","1,33,815",84.17
MINDSPACE,RR,25-Sep-2024,348.11,348.98,355.99,348.10,354.99,354.42,351.26,"91,473","3,21,30,469.41","3,179","74,937",81.92
MINDSPACE,RR,26-Sep-2024,354.42,355.50,356.80,348.52,349.90,349.93,351.84,"1,36,783","4,81,25,188.56","2,908","1,17,617",85.99
MINDSPACE,RR,27-Sep-2024,349.93,350.00,354.00,349.31,352.30,352.85,352.38,"86,315","3,04,15,742.08","2,359","69,674",80.72
MINDSPACE,RR,30-Sep-2024,352.85,352.99,356.70,349.15,356.69,355.63,352.64,"5,90,233","20,81,41,907.73","5,273","4,38,079",74.22
MINDSPACE,RR,01-Oct-2024,355.63,357.44,358.98,351.00,353.01,353.54,354.91,"1,90,472","6,75,99,468.99","4,510","1,56,670",82.25
MINDSPACE,RR,03-Oct-2024,353.54,352.80,361.00,352.20,360.25,359.85,357.66,"99,945","3,57,45,834.44","3,118","79,934",79.98
MINDSPACE,RR,04-Oct-2024,359.85,361.70,363.90,356.00,363.00,363.02,361.64,"35,495","1,28,36,243.33","1,672","23,957",67.49
MINDSPACE,RR,07-Oct-2024,363.02,365.00,373.95,362.98,370.00,370.83,371.07,"3,30,260","12,25,49,680.06","8,804","2,67,277",80.93
MINDSPACE,RR,08-Oct-2024,370.83,373.95,373.95,366.02,373.73,371.08,371.36,"4,03,030","14,96,69,329.25","4,889","3,84,359",95.37
MINDSPACE,RR,09-Oct-2024,371.08,373.95,375.00,366.20,366.50,368.18,373.57,"3,24,246","12,11,27,813.59","4,017","2,82,339",87.08
MINDSPACE,RR,10-Oct-2024,368.18,368.15,373.50,359.16,369.99,369.76,367.06,"1,01,957","3,74,24,737.31","3,115","64,129",62.90
MINDSPACE,RR,11-Oct-2024,369.76,369.80,373.40,362.02,362.99,362.61,370.15,"1,41,572","5,24,02,342.71","3,144","1,18,810",83.92
MINDSPACE,RR,14-Oct-2024,362.61,362.00,369.00,361.00,362.99,364.41,365.57,"65,167","2,38,23,231.20","2,779","44,014",67.54
MINDSPACE,RR,15-Oct-2024,364.41,364.40,367.99,362.30,366.14,366.49,366.21,"23,500","86,05,906.33","1,637","17,350",73.83
MINDSPACE,RR,16-Oct-2024,366.49,363.00,375.00,363.00,375.00,373.63,372.94,"5,64,070","21,03,63,205.71","7,179","4,75,808",84.35
MINDSPACE,RR,17-Oct-2024,373.63,373.63,375.00,365.01,365.89,365.72,370.29,"91,617","3,39,24,530.09","3,896","73,915",80.68
MINDSPACE,RR,18-Oct-2024,365.72,366.95,375.00,362.55,371.99,370.34,368.25,"97,012","3,57,24,186.94","3,837","56,333",58.07
MINDSPACE,RR,21-Oct-2024,370.34,371.50,375.00,369.99,375.00,373.52,373.31,"2,10,368","7,85,33,030.35","3,169","1,80,736",85.91
MINDSPACE,RR,22-Oct-2024,373.52,371.10,376.00,367.12,369.97,371.27,374.67,"2,04,146","7,64,88,110.65","2,195","1,80,799",88.56
MINDSPACE,RR,23-Oct-2024,371.27,371.80,376.00,367.12,375.03,374.18,374.04,"1,07,032","4,00,34,426.53","3,050","92,423",86.35
MINDSPACE,RR,24-Oct-2024,374.18,376.74,376.74,369.10,370.00,369.98,373.35,"2,02,676","7,56,70,062.42","2,177","1,94,941",96.18
MINDSPACE,RR,25-Oct-2024,369.98,371.90,373.44,355.02,365.99,365.94,366.51,"1,77,971","6,52,28,798.23","3,342","1,45,048",81.50
MINDSPACE,RR,28-Oct-2024,365.94,363.00,374.90,363.00,370.00,369.74,372.61,"1,82,706","6,80,77,921.32","4,995","1,56,206",85.50
MINDSPACE,RR,29-Oct-2024,369.74,370.90,374.99,369.19,370.50,371.46,373.04,"2,73,560","10,20,48,290.68","4,269","2,41,705",88.36
MINDSPACE,RR,30-Oct-2024,371.46,362.00,375.00,362.00,370.00,370.23,369.71,"2,80,418","10,36,74,690.45","2,641","2,49,409",88.94
MINDSPACE,RR,31-Oct-2024,370.23,370.23,373.15,369.99,372.80,372.51,372.21,"1,84,285","6,85,93,328.80","1,832","1,67,075",90.66
MINDSPACE,RR,01-Nov-2024,372.51,371.10,376.00,370.20,375.99,374.82,373.42,"45,278","1,69,07,814.73",972,"30,081",66.44
MINDSPACE,RR,04-Nov-2024,374.82,375.00,376.90,370.00,372.98,372.66,372.77,"79,255","2,95,44,016.92","2,481","67,876",85.64
MINDSPACE,RR,05-Nov-2024,372.66,374.25,380.50,372.66,380.00,379.99,378.05,"4,30,948","16,29,21,402.75","3,648","4,02,436",93.38
MINDSPACE,RR,06-Nov-2024,379.99,380.00,382.95,376.00,380.44,379.99,380.18,"1,82,166","6,92,55,715.11","3,448","1,76,190",96.72
MINDSPACE,RR,07-Nov-2024,379.99,380.20,382.80,376.50,377.99,379.17,379.68,"1,61,680","6,13,87,334.33","3,831","1,54,752",95.71
MINDSPACE,RR,08-Nov-2024,379.17,380.90,383.00,376.30,377.25,381.25,380.80,"2,35,501","8,96,79,905.47","2,892","2,12,917",90.41
MINDSPACE,RR,11-Nov-2024,381.25,382.00,383.00,378.20,381.85,382.51,381.61,"2,00,101","7,63,61,149.58","4,323","1,75,496",87.70
MINDSPACE,RR,12-Nov-2024,382.51,382.60,384.99,376.33,382.15,380.95,383.07,"2,21,067","8,46,84,699.56","2,676","1,98,558",89.82
MINDSPACE,RR,13-Nov-2024,380.95,380.00,380.95,370.50,371.37,372.03,377.43,"1,55,882","5,88,34,078.96","2,628","1,22,194",78.39
MINDSPACE,RR,14-Nov-2024,372.03,374.70,378.72,365.00,378.00,377.97,376.55,"2,12,785","8,01,24,485.13","3,790","1,76,423",82.91
MINDSPACE,RR,18-Nov-2024,377.97,376.80,378.50,374.00,375.50,376.68,377.70,"1,70,149","6,42,65,048.88","3,706","1,53,164",90.02
MINDSPACE,RR,19-Nov-2024,376.68,376.68,379.00,373.26,376.10,376.41,376.84,"1,88,556","7,10,54,647.36","2,949","1,74,165",92.37
MINDSPACE,RR,21-Nov-2024,376.41,377.70,379.00,375.00,376.50,376.87,377.03,"1,61,476","6,08,80,619.96","2,743","1,39,442",86.35
MINDSPACE,RR,22-Nov-2024,376.87,377.45,380.99,376.05,378.75,379.98,378.22,"2,86,225","10,82,55,538.57","5,431","2,48,478",86.81
MINDSPACE,RR,25-Nov-2024,379.98,379.98,379.98,376.45,376.60,376.98,377.04,"1,86,251","7,02,23,311.95","2,677","1,78,625",95.91
MINDSPACE,RR,26-Nov-2024,376.98,375.00,377.05,370.20,371.06,371.20,374.35,"2,31,733","8,67,50,402.31","8,351","2,20,998",95.37
MINDSPACE,RR,27-Nov-2024,371.20,368.10,374.00,367.50,370.00,369.66,371.55,"1,64,866","6,12,56,243.47","1,833","1,54,769",93.88
MINDSPACE,RR,28-Nov-2024,369.66,370.45,378.00,363.35,372.00,375.31,372.55,"2,28,146","8,49,95,678.73","2,641","2,01,750",88.43
MINDSPACE,RR,29-Nov-2024,375.31,375.31,376.90,364.50,367.90,368.53,370.74,"1,47,730","5,47,69,455.23","2,616","1,32,393",89.62
MINDSPACE,RR,02-Dec-2024,368.53,368.70,369.45,365.20,367.05,366.47,367.31,"33,517","1,23,10,967.65","1,529","25,845",77.11
MINDSPACE,RR,03-Dec-2024,366.47,366.47,374.70,365.85,372.99,369.41,369.69,"76,601","2,83,18,298.39","3,287","58,957",76.97
MINDSPACE,RR,04-Dec-2024,369.41,372.00,373.68,368.50,369.07,369.34,369.96,"56,877","2,10,41,943.08","3,837","44,997",79.11
MINDSPACE,RR,05-Dec-2024,369.34,373.00,373.25,367.01,368.95,368.96,369.68,"6,13,538","22,68,12,228.72","8,527","5,83,653",95.13
MINDSPACE,RR,06-Dec-2024,368.96,368.96,370.45,367.00,367.99,367.76,368.11,"1,17,716","4,33,32,190.86","2,592","1,13,116",96.09
MINDSPACE,RR,09-Dec-2024,367.76,367.76,378.00,366.00,377.00,376.90,373.65,"1,02,740","3,83,88,568.22","3,501","79,553",77.43
MINDSPACE,RR,10-Dec-2024,376.90,376.90,378.15,371.65,376.98,376.52,375.54,"2,83,212","10,63,57,744.52","6,345","2,35,204",83.05
MINDSPACE,RR,11-Dec-2024,376.52,376.87,377.00,368.00,373.25,373.99,371.01,"92,951","3,44,86,169.84","3,911","62,149",66.86
MINDSPACE,RR,12-Dec-2024,373.99,374.00,374.25,368.00,370.00,368.66,370.21,"47,391","1,75,44,785.53","3,974","39,978",84.36
MINDSPACE,RR,13-Dec-2024,368.66,369.40,372.85,365.00,365.80,365.84,367.68,"66,676","2,45,15,515.67","3,475","54,065",81.09
MINDSPACE,RR,16-Dec-2024,365.84,367.80,370.25,362.75,364.00,363.67,366.09,"97,391","3,56,54,221.48","4,118","79,572",81.70
MINDSPACE,RR,17-Dec-2024,363.67,356.00,364.98,354.30,364.40,363.07,354.60,"5,76,23,727","20,43,30,95,651.22","9,314","5,44,91,617",94.56
MINDSPACE,RR,18-Dec-2024,363.07,364.97,367.98,362.44,363.11,364.35,365.41,"68,782","2,51,33,788.86","1,997","61,050",88.76
MINDSPACE,RR,19-Dec-2024,364.35,363.00,369.00,357.00,360.15,361.48,361.02,"5,34,687","19,30,31,661.00","12,276","4,93,629",92.32
MINDSPACE,RR,20-Dec-2024,361.48,361.20,366.90,360.20,364.00,364.28,364.19,"2,46,211","8,96,68,224.95","8,791","2,37,478",96.45
MINDSPACE,RR,23-Dec-2024,364.28,364.90,369.00,360.18,361.70,361.09,362.12,"1,52,199","5,51,14,690.28","11,223","1,14,278",75.08
MINDSPACE,RR,24-Dec-2024,361.09,362.88,366.85,360.00,364.52,365.31,362.18,"1,44,097","5,21,89,528.54","6,775","1,14,096",79.18
MINDSPACE,RR,26-Dec-2024,365.31,365.31,366.98,361.05,362.01,361.93,361.89,"1,14,604","4,14,73,717.33","6,662","1,02,819",89.72
MINDSPACE,RR,27-Dec-2024,361.93,362.50,363.55,360.05,362.00,361.49,361.38,"1,03,984","3,75,77,523.01","10,047","79,988",76.92
MINDSPACE,RR,30-Dec-2024,361.49,359.35,364.80,359.00,360.95,360.07,360.23,"2,51,555","9,06,17,785.25","12,300","2,03,845",81.03
MINDSPACE,RR,31-Dec-2024,360.07,360.80,367.49,356.11,367.49,361.33,357.75,"5,42,954","19,42,41,982.50","26,535","4,85,915",89.49
MINDSPACE,RR,01-Jan-2025,361.33,365.00,372.05,362.42,368.30,368.96,367.95,"98,381","3,61,99,562.08","5,357","88,356",89.81
MINDSPACE,RR,02-Jan-2025,368.96,370.88,371.00,362.00,363.50,364.75,366.06,"63,439","2,32,22,723.29","6,501","50,157",79.06
MINDSPACE,RR,03-Jan-2025,364.75,363.52,371.05,363.50,370.05,369.21,368.59,"67,163","2,47,55,753.09","4,896","55,270",82.29
MINDSPACE,RR,06-Jan-2025,369.21,370.00,372.16,364.00,365.43,365.08,369.57,"1,74,242","6,43,93,990.08","7,821","1,54,798",88.84
MINDSPACE,RR,07-Jan-2025,365.08,364.35,366.50,361.33,365.35,365.27,364.47,"1,68,640","6,14,64,650.88","6,012","1,56,962",93.08
MINDSPACE,RR,08-Jan-2025,365.27,365.95,369.00,365.00,368.69,368.69,368.57,"1,62,714","5,99,70,770.67","12,972","1,51,095",92.86
MINDSPACE,RR,09-Jan-2025,368.69,369.49,372.90,366.20,371.85,372.27,370.71,"2,28,524","8,47,15,070.18","5,051","2,16,460",94.72
MINDSPACE,RR,10-Jan-2025,372.27,369.66,372.99,367.00,372.25,371.60,370.36,"4,32,592","16,02,13,920.69","5,396","4,20,616",97.23
MINDSPACE,RR,13-Jan-2025,371.60,371.60,373.25,360.00,369.49,369.56,371.18,"5,27,912","19,59,50,599.81","7,915","5,16,359",97.81
MINDSPACE,RR,14-Jan-2025,369.56,367.06,377.45,364.10,373.50,373.34,370.55,"7,51,948","27,86,36,496.99","6,286","7,39,312",98.32
MINDSPACE,RR,15-Jan-2025,373.34,373.90,380.50,370.55,379.15,379.00,374.96,"2,76,421","10,36,45,903.77","11,555","2,67,964",96.94
MINDSPACE,RR,16-Jan-2025,379.00,379.90,383.00,373.00,376.45,376.23,380.44,"1,60,498","6,10,60,575.32","3,729","1,31,476",81.92
MINDSPACE,RR,17-Jan-2025,376.23,378.95,379.92,374.90,379.92,379.15,377.09,"54,188","2,04,33,544.21","1,654","43,664",80.58
MINDSPACE,RR,20-Jan-2025,379.15,381.00,384.43,370.05,375.40,375.33,381.81,"1,36,750","5,22,12,823.26","3,784","1,21,107",88.56
MINDSPACE,RR,21-Jan-2025,375.33,376.70,381.57,375.92,380.00,380.20,379.21,"1,93,301","7,33,01,454.18","4,990","1,79,178",92.69
MINDSPACE,RR,22-Jan-2025,380.20,381.00,382.50,371.85,378.25,381.04,380.16,"2,72,796","10,37,05,451.17","5,899","2,30,272",84.41
MINDSPACE,RR,23-Jan-2025,381.04,381.70,382.80,375.99,377.45,377.34,381.42,"1,76,218","6,72,12,321.62","3,910","1,67,181",94.87
MINDSPACE,RR,24-Jan-2025,377.34,377.00,382.49,375.20,375.25,376.82,380.34,"1,24,411","4,73,18,528.60","2,484","83,362",67.01
MINDSPACE,RR,27-Jan-2025,376.82,376.82,379.80,375.10,378.69,378.69,378.59,"72,041","2,72,73,702.87","1,977","69,678",96.72
MINDSPACE,RR,28-Jan-2025,378.69,378.00,380.80,376.00,376.51,377.27,377.95,"1,82,865","6,91,13,926.07","1,871","1,73,598",94.93
MINDSPACE,RR,29-Jan-2025,377.27,374.30,376.80,371.52,374.15,375.37,374.20,"39,128","1,46,41,821.99","1,341","29,959",76.57
MINDSPACE,RR,30-Jan-2025,375.37,378.00,378.00,370.56,373.30,372.71,373.84,"42,202","1,57,76,845.45","1,320","36,548",86.60
MINDSPACE,RR,31-Jan-2025,372.71,375.50,375.50,372.71,374.00,374.00,373.96,"86,973","3,25,24,808.33","2,331","83,033",95.47
MINDSPACE,RR,01-Feb-2025,374.00,374.80,376.00,371.01,376.00,375.88,374.34,"78,263","2,92,96,678.93","3,645","76,824",98.16
MINDSPACE,RR,03-Feb-2025,375.88,378.70,378.70,373.00,374.55,374.55,374.84,"2,52,696","9,47,20,373.41","2,222","2,49,359",98.68
MINDSPACE,RR,04-Feb-2025,374.55,374.55,376.90,371.00,374.05,373.98,373.69,"97,593","3,64,69,088.76","2,980","89,132",91.33
MINDSPACE,RR,05-Feb-2025,373.98,375.37,376.00,371.20,374.50,374.79,374.64,"1,18,590","4,44,28,220.26","5,834","1,16,656",98.37
MINDSPACE,RR,06-Feb-2025,374.79,376.00,377.40,373.00,374.98,374.36,374.89,"76,478","2,86,70,662.09","1,484","73,084",95.56
MINDSPACE,RR,07-Feb-2025,374.36,377.00,377.10,374.98,376.00,376.63,376.59,"1,50,378","5,66,30,761.93","4,720","1,33,682",88.90
MINDSPACE,RR,10-Feb-2025,376.63,376.63,377.00,372.00,372.85,374.62,374.96,"1,40,374","5,26,34,508.64","5,936","1,27,766",91.02
MINDSPACE,RR,11-Feb-2025,374.62,374.62,375.00,371.40,372.74,373.06,373.23,"89,554","3,34,24,217.40","2,440","79,689",88.98
MINDSPACE,RR,12-Feb-2025,373.06,375.25,375.25,370.00,371.85,371.08,372.55,"53,993","2,01,15,132.60","2,051","47,223",87.46
MINDSPACE,RR,13-Feb-2025,371.08,370.18,373.80,360.25,362.45,362.40,367.90,"1,07,967","3,97,21,326.32","3,560","80,193",74.28
MINDSPACE,RR,14-Feb-2025,362.40,365.80,367.00,361.56,362.00,362.92,363.80,"51,550","1,87,53,900.36","1,414","43,807",84.98
MINDSPACE,RR,17-Feb-2025,362.92,365.00,366.00,361.00,362.81,363.91,363.59,"46,845","1,70,32,244.66","2,035","41,364",88.30
MINDSPACE,RR,18-Feb-2025,363.91,363.91,364.01,357.52,358.99,360.39,360.78,"55,746","2,01,11,990.73","2,204","48,198",86.46
MINDSPACE,RR,19-Feb-2025,360.39,357.51,359.98,357.00,357.00,357.09,358.47,"81,195","2,91,06,002.19","5,459","72,662",89.49
MINDSPACE,RR,20-Feb-2025,357.09,357.00,360.99,357.00,358.20,358.18,358.25,"82,232","2,94,59,382.85","7,016","75,386",91.67
MINDSPACE,RR,21-Feb-2025,358.18,358.00,367.47,358.00,363.30,364.70,364.82,"1,25,950","4,59,48,597.87","5,192","1,09,970",87.31
MINDSPACE,RR,24-Feb-2025,364.70,362.00,365.00,357.00,359.31,359.31,359.47,"1,84,999","6,65,00,966.84","6,422","1,77,163",95.76
MINDSPACE,RR,25-Feb-2025,359.31,360.00,362.86,358.00,359.00,358.97,360.43,"2,00,040","7,21,00,345.66","16,994","1,60,543",80.26
MINDSPACE,RR,27-Feb-2025,358.97,361.00,365.95,359.75,362.00,362.47,362.01,"1,21,241","4,38,89,849.40","8,783","1,01,280",83.54
MINDSPACE,RR,28-Feb-2025,362.47,364.00,371.95,359.37,365.00,362.93,364.68,"1,55,876","5,68,44,421.34","7,410","1,20,838",77.52
MINDSPACE,RR,03-Mar-2025,362.93,362.93,366.90,361.75,363.25,362.44,362.82,"1,46,923","5,33,06,609.79","2,975","1,25,900",85.69
MINDSPACE,RR,04-Mar-2025,362.44,362.44,367.69,360.20,366.20,366.14,365.97,"1,53,145","5,60,47,151.11","15,418","1,29,845",84.79
MINDSPACE,RR,05-Mar-2025,366.14,367.00,367.80,358.26,362.40,363.32,362.00,"4,28,133","15,49,82,252.73","1,00,464","3,85,129",89.96
MINDSPACE,RR,06-Mar-2025,363.32,364.80,366.00,361.25,363.50,362.65,363.02,"2,75,796","10,01,19,641.59","3,732","2,55,515",92.65
MINDSPACE,RR,07-Mar-2025,362.65,364.70,366.80,360.00,365.00,365.64,365.33,"1,67,630","6,12,39,518.95","10,120","1,52,547",91.00
MINDSPACE,RR,10-Mar-2025,365.64,364.90,365.99,362.15,363.00,363.09,363.73,"2,67,446","9,72,76,946.14","16,845","2,52,166",94.29
MINDSPACE,RR,11-Mar-2025,363.09,363.09,364.70,360.00,360.52,362.06,362.38,"62,163","2,25,26,816.36","2,861","44,013",70.80
MINDSPACE,RR,12-Mar-2025,362.06,361.75,362.99,359.77,360.16,360.50,361.02,"89,252","3,22,22,126.84","3,880","77,537",86.87
MINDSPACE,RR,13-Mar-2025,360.50,363.97,363.97,360.00,360.33,360.62,360.81,"1,00,506","3,62,63,174.68","13,300","83,966",83.54
MINDSPACE,RR,17-Mar-2025,360.62,359.50,363.84,355.25,360.50,359.36,357.73,"2,67,851","9,58,18,090.81","7,145","2,29,618",85.73
MINDSPACE,RR,18-Mar-2025,359.36,359.99,365.95,359.01,361.49,361.04,361.32,"1,93,339","6,98,57,753.08","7,244","1,56,417",80.90
MINDSPACE,RR,19-Mar-2025,361.04,361.05,364.50,359.45,360.50,360.09,361.20,"1,80,397","6,51,58,661.57","10,672","1,49,350",82.79
MINDSPACE,RR,20-Mar-2025,360.09,360.00,362.88,359.60,360.30,360.01,360.06,"2,03,184","7,31,57,883.09","4,586","1,92,103",94.55
MINDSPACE,RR,21-Mar-2025,360.01,360.30,373.70,359.96,365.00,369.97,365.15,"3,35,080","12,23,55,165.14","5,538","2,98,071",88.96
MINDSPACE,RR,24-Mar-2025,369.97,369.94,369.94,361.75,364.30,364.99,364.01,"1,39,435","5,07,55,543.21","14,976","1,19,742",85.88
MINDSPACE,RR,25-Mar-2025,364.99,365.00,366.99,361.11,363.21,364.52,364.20,"1,08,145","3,93,86,290.46","6,350","92,386",85.43
MINDSPACE,RR,26-Mar-2025,364.52,364.52,365.00,361.14,361.25,362.47,363.25,"51,843","1,88,32,073.69","2,603","45,582",87.92
MINDSPACE,RR,27-Mar-2025,362.47,360.97,369.88,360.20,369.87,361.98,362.21,"3,65,455","13,23,70,454.39","12,505","2,71,698",74.35
MINDSPACE,RR,28-Mar-2025,361.98,364.39,378.00,363.50,376.99,374.74,368.05,"2,17,276","7,99,69,328.31","13,469","1,72,188",79.25
MINDSPACE,RR,01-Apr-2025,374.74,371.10,376.80,365.00,366.97,366.61,369.06,"56,871","2,09,88,792.91","4,714","39,352",69.20
MINDSPACE,RR,02-Apr-2025,366.61,366.20,374.89,365.00,373.50,373.49,372.65,"1,22,233","4,55,50,676.19","7,433","92,882",75.99
MINDSPACE,RR,03-Apr-2025,373.49,373.10,379.90,371.01,378.42,378.82,376.60,"37,612","1,41,64,502.16","2,822","27,014",71.82
MINDSPACE,RR,04-Apr-2025,378.82,379.80,381.00,373.15,376.01,377.96,378.76,"1,78,579","6,76,38,900.29","3,682","1,62,394",90.94
MINDSPACE,RR,07-Apr-2025,377.96,375.50,377.75,362.10,364.01,364.51,368.15,"3,11,911","11,48,28,651.13","11,116","2,73,149",87.57
MINDSPACE,RR,08-Apr-2025,364.51,367.80,368.90,364.25,364.51,365.92,366.34,"66,189","2,42,47,469.29","5,663","58,756",88.77
MINDSPACE,RR,09-Apr-2025,365.92,364.20,370.94,364.20,365.00,366.84,368.28,"1,99,078","7,33,17,033.42","4,335","1,76,322",88.57
MINDSPACE,RR,11-Apr-2025,366.84,366.50,367.19,362.05,367.19,366.30,366.05,"3,73,419","13,66,90,191.75","9,517","3,10,656",83.19
MINDSPACE,RR,15-Apr-2025,366.30,369.49,372.95,366.30,369.50,369.40,370.35,"1,49,854","5,54,98,889.17","5,110","1,40,742",93.92
MINDSPACE,RR,16-Apr-2025,369.40,370.70,379.00,366.99,376.70,375.42,372.22,"3,60,881","13,43,26,121.86","7,912","2,92,083",80.94
MINDSPACE,RR,17-Apr-2025,375.42,376.00,380.00,370.20,379.02,377.79,375.85,"2,17,344","8,16,89,253.75","4,895","1,86,678",85.89
MINDSPACE,RR,21-Apr-2025,377.79,378.90,379.00,376.00,378.16,378.67,377.79,"51,056","1,92,88,690.48","3,375","38,662",75.72
MINDSPACE,RR,22-Apr-2025,378.67,379.70,380.00,376.00,380.00,379.65,378.89,"96,936","3,67,27,768.70","6,176","72,150",74.43
MINDSPACE,RR,23-Apr-2025,379.65,379.00,380.00,376.00,379.14,379.52,378.47,"51,416","1,94,59,194.97","2,844","38,361",74.61
MINDSPACE,RR,24-Apr-2025,379.52,380.00,380.00,378.00,379.70,379.33,379.62,"60,020","2,27,84,862.66","2,881","47,999",79.97
MINDSPACE,RR,25-Apr-2025,379.33,379.90,384.80,379.33,380.00,379.99,380.96,"1,56,446","5,95,99,251.74","4,359","1,26,757",81.02
MINDSPACE,RR,28-Apr-2025,379.99,379.99,382.50,377.00,382.00,381.59,381.14,"1,27,978","4,87,77,994.51","5,232","1,01,061",78.97
MINDSPACE,RR,29-Apr-2025,381.59,383.88,383.99,379.11,383.99,383.62,382.64,"66,278","2,53,60,359.36","3,387","47,655",71.90
MINDSPACE,RR,30-Apr-2025,383.62,384.70,384.99,381.06,384.60,384.75,384.08,"53,530","2,05,59,600.85","3,796","41,805",78.10
MINDSPACE,RR,02-May-2025,384.75,384.75,396.84,379.99,380.00,381.38,389.54,"3,40,619","13,26,85,601.49","7,891","2,70,370",79.38
MINDSPACE,RR,05-May-2025,381.38,381.25,391.95,381.25,386.84,385.35,387.25,"1,83,907","7,12,18,313.11","5,237","1,28,768",70.02
MINDSPACE,RR,06-May-2025,385.35,381.95,390.00,380.20,387.30,388.93,387.17,"1,41,425","5,47,56,016.27","4,358","98,213",69.45
MINDSPACE,RR,07-May-2025,388.93,387.44,389.00,383.05,387.09,387.98,386.70,"1,28,241","4,95,91,026.98","3,718","1,07,092",83.51
MINDSPACE,RR,08-May-2025,387.98,387.40,387.40,380.76,386.00,385.25,383.41,"1,93,405","7,41,54,231.37","3,870","1,60,906",83.20
MINDSPACE,RR,09-May-2025,385.25,383.00,384.99,375.20,383.00,382.80,381.12,"1,34,513","5,12,65,189.58","6,602","98,878",73.51
MINDSPACE,RR,12-May-2025,382.80,383.00,387.75,382.00,384.98,385.12,383.77,"87,816","3,37,01,165.70","4,160","66,827",76.10
MINDSPACE,RR,13-May-2025,385.12,383.51,389.70,383.00,385.75,384.13,385.83,"78,269","3,01,98,370.29","2,887","61,304",78.32
MINDSPACE,RR,14-May-2025,384.13,383.10,390.67,382.20,390.19,389.97,388.57,"1,34,299","5,21,85,049.52","7,462","1,01,612",75.66
MINDSPACE,RR,15-May-2025,389.97,390.00,393.80,387.03,392.99,392.79,391.60,"82,394","3,22,65,826.49","5,967","65,400",79.37
MINDSPACE,RR,16-May-2025,392.79,393.00,397.85,386.55,397.00,396.54,393.84,"72,082","2,83,89,063.17","4,465","54,035",74.96
MINDSPACE,RR,19-May-2025,396.54,396.54,396.79,386.26,388.35,389.72,390.58,"1,51,212","5,90,60,091.06","8,615","1,12,106",74.14
MINDSPACE,RR,20-May-2025,389.72,389.79,393.09,389.00,392.20,391.39,391.32,"63,084","2,46,86,108.08","3,745","52,943",83.92
MINDSPACE,RR,21-May-2025,391.39,393.90,395.00,391.00,392.33,393.24,392.33,"23,095","90,60,972.33","2,511","17,008",73.64
MINDSPACE,RR,22-May-2025,393.24,394.85,397.76,391.00,393.51,395.75,393.98,"56,226","2,21,51,680.29","4,362","33,181",59.01
MINDSPACE,RR,23-May-2025,395.75,396.75,396.75,390.00,390.00,390.13,392.30,"80,250","3,14,82,261.96","5,634","64,604",80.50
MINDSPACE,RR,26-May-2025,390.13,391.30,393.90,390.13,392.97,391.77,391.92,"82,969","3,25,17,386.76","11,815","69,155",83.35
MINDSPACE,RR,27-May-2025,391.77,391.00,397.70,390.01,397.70,393.26,392.62,"75,711","2,97,25,294.25","8,305","51,740",68.34
MINDSPACE,RR,28-May-2025,393.26,395.50,406.85,393.27,398.90,400.25,400.95,"82,960","3,32,62,823.39","4,553","66,723",80.43
MINDSPACE,RR,29-May-2025,400.25,400.25,402.00,395.95,396.62,396.61,399.74,"1,26,360","5,05,11,349.75","3,470","1,14,508",90.62
MINDSPACE,RR,30-May-2025,396.61,396.61,397.99,393.00,394.35,394.98,395.00,"2,02,795","8,01,04,749.28","22,935","1,79,625",88.57
MINDSPACE,RR,02-Jun-2025,394.98,397.39,397.95,392.55,395.00,394.75,394.87,"57,729","2,27,95,532.92","2,721","53,309",92.34
MINDSPACE,RR,03-Jun-2025,394.75,396.70,396.88,394.10,394.70,394.71,394.83,"1,46,598","5,78,80,714.19","12,900","1,27,377",86.89
MINDSPACE,RR,04-Jun-2025,394.71,395.99,401.80,394.71,399.00,399.96,395.19,"7,80,060","30,82,72,286.55","8,707","7,58,798",97.27
MINDSPACE,RR,05-Jun-2025,399.96,401.70,405.00,394.99,397.19,395.82,399.38,"1,31,327","5,24,49,974.75","5,035","1,04,067",79.24
MINDSPACE,RR,06-Jun-2025,395.82,396.50,403.99,396.50,403.00,403.00,402.21,"1,39,831","5,62,41,041.77","7,123","1,25,775",89.95
MINDSPACE,RR,09-Jun-2025,403.00,404.90,415.90,404.00,414.99,414.70,407.85,"3,17,800","12,96,15,657.78","6,016","2,87,040",90.32
MINDSPACE,RR,10-Jun-2025,414.70,414.80,417.75,414.00,416.77,416.61,416.49,"6,23,765","25,97,94,023.24","19,591","5,93,930",95.22
MINDSPACE,RR,11-Jun-2025,416.61,417.35,418.15,415.00,418.15,416.57,416.90,"3,72,783","15,54,11,709.66","2,544","3,61,056",96.85
MINDSPACE,RR,12-Jun-2025,416.57,418.78,425.35,418.01,425.00,420.16,420.14,"5,59,810","23,51,97,847.96","11,879","5,32,951",95.20
MINDSPACE,RR,13-Jun-2025,420.16,422.40,425.79,420.00,424.00,421.10,423.60,"6,92,022","29,31,41,883.98","3,066","6,66,327",96.29
MINDSPACE,RR,16-Jun-2025,421.10,423.93,424.99,416.56,418.60,419.09,421.63,"5,50,759","23,22,15,803.72","8,226","5,27,030",95.69
MINDSPACE,RR,17-Jun-2025,419.09,417.30,423.70,412.00,413.50,413.15,416.35,"56,922","2,36,99,479.07","3,696","41,069",72.15
MINDSPACE,RR,18-Jun-2025,413.15,414.85,418.18,413.90,414.10,415.04,415.25,"82,133","3,41,05,789.34","8,047","74,588",90.81
MINDSPACE,RR,19-Jun-2025,415.04,415.89,418.87,408.11,414.00,414.78,415.10,"85,120","3,53,33,672.09","2,950","68,460",80.43
MINDSPACE,RR,20-Jun-2025,414.78,418.00,418.40,400.11,401.94,401.19,402.10,"5,85,744","23,55,27,771.49","12,725","5,16,343",88.15
MINDSPACE,RR,23-Jun-2025,401.19,402.00,413.76,399.85,408.00,410.18,408.89,"77,588","3,17,24,626.34","3,342","60,129",77.50
MINDSPACE,RR,24-Jun-2025,410.18,410.60,412.79,400.53,401.98,401.49,405.63,"1,21,101","4,91,22,350.06","11,060","98,839",81.62
MINDSPACE,RR,25-Jun-2025,401.49,403.20,406.70,402.00,403.63,403.77,404.73,"71,304","2,88,58,736.45","12,918","57,063",80.03
MINDSPACE,RR,26-Jun-2025,403.77,405.80,406.89,394.95,398.73,400.56,400.63,"5,40,202","21,64,18,462.83","13,848","4,32,203",80.01
MINDSPACE,RR,27-Jun-2025,400.56,401.30,408.79,396.00,407.94,406.78,399.66,"2,88,412","11,52,68,091.67","7,282","2,27,409",78.85
MINDSPACE,RR,30-Jun-2025,406.78,408.80,408.80,400.00,400.00,400.05,402.14,"1,54,147","6,19,88,070.63","8,430","1,19,872",77.76
MINDSPACE,RR,01-Jul-2025,400.05,402.80,403.80,394.50,397.50,395.69,397.18,"2,06,209","8,19,01,929.22","5,888","1,70,043",82.46
MINDSPACE,RR,02-Jul-2025,395.69,398.00,402.00,395.70,401.90,400.17,399.83,"1,47,908","5,91,38,290.33","6,130","1,33,212",90.06
MINDSPACE,RR,03-Jul-2025,400.17,401.40,404.00,400.15,403.99,403.19,402.86,"48,501","1,95,39,353.76","3,808","43,035",88.73
MINDSPACE,RR,04-Jul-2025,403.19,404.80,407.95,401.19,407.00,407.05,404.96,"60,156","2,43,60,925.46","6,530","51,651",85.86
MINDSPACE,RR,07-Jul-2025,407.05,407.00,413.70,407.00,409.20,410.00,409.75,"1,28,956","5,28,39,330.78","3,492","1,17,922",91.44
MINDSPACE,RR,08-Jul-2025,410.00,411.00,415.00,408.00,414.99,413.92,411.91,"98,779","4,06,88,411.97","4,393","85,584",86.64
MINDSPACE,RR,09-Jul-2025,413.92,414.97,417.88,410.36,413.65,414.23,414.41,"94,481","3,91,53,427.04","4,897","73,440",77.73
MINDSPACE,RR,10-Jul-2025,414.23,415.95,418.80,414.26,416.25,416.92,416.94,"40,485","1,68,79,834.11","1,370","29,245",72.24
MINDSPACE,RR,11-Jul-2025,416.92,417.20,421.99,415.95,420.58,420.66,419.86,"6,61,932","27,79,19,113.11","2,087","6,48,908",98.03
MINDSPACE,RR,14-Jul-2025,420.66,420.95,424.00,416.33,419.00,418.82,419.64,"1,00,314","4,20,95,765.75","6,621","92,007",91.72
MINDSPACE,RR,15-Jul-2025,418.82,420.48,420.49,414.64,417.50,416.36,417.90,"3,96,145","16,55,47,270.29","3,885","3,71,203",93.70
MINDSPACE,RR,16-Jul-2025,416.36,416.06,420.00,415.98,419.99,418.72,418.11,"89,071","3,72,41,736.56","4,307","65,630",73.68
MINDSPACE,RR,17-Jul-2025,418.72,419.90,421.94,413.20,419.80,418.45,418.92,"3,90,418","16,35,54,535.99","6,178","3,58,395",91.80
MINDSPACE,RR,18-Jul-2025,418.45,418.45,422.77,418.45,419.70,419.95,420.09,"1,05,149","4,41,71,868.23","2,991","78,055",74.23
MINDSPACE,RR,21-Jul-2025,419.95,420.00,421.99,417.10,420.25,418.72,419.92,"66,437","2,78,98,435.44","3,862","53,057",79.86
MINDSPACE,RR,22-Jul-2025,418.72,421.40,426.80,419.08,424.00,424.43,423.86,"1,70,855","7,24,18,648.66","4,536","1,30,722",76.51
MINDSPACE,RR,23-Jul-2025,424.43,422.60,431.80,418.72,419.00,419.42,421.50,"2,32,551","9,80,21,249.59","6,209","1,95,012",83.86
MINDSPACE,RR,24-Jul-2025,419.42,422.91,426.64,417.50,419.05,419.63,419.54,"2,01,630","8,45,91,612.68","5,249","1,62,447",80.57
MINDSPACE,RR,25-Jul-2025,419.63,422.58,423.70,418.30,418.50,418.71,419.41,"83,245","3,49,13,565.29","3,687","74,000",88.89
MINDSPACE,RR,28-Jul-2025,418.71,421.70,424.84,419.01,422.03,421.92,421.43,"62,636","2,63,96,625.99","6,476","43,544",69.52
MINDSPACE,RR,29-Jul-2025,421.92,423.90,423.90,414.90,415.59,415.41,418.71,"77,962","3,26,43,421.64","5,667","68,524",87.89
MINDSPACE,RR,30-Jul-2025,415.41,415.41,418.00,409.56,414.99,414.81,412.70,"1,34,275","5,54,15,239.76","12,446","1,07,066",79.74
MINDSPACE,RR,31-Jul-2025,414.81,411.12,414.80,410.50,414.00,413.36,412.12,"46,532","1,91,76,988.13","3,490","33,805",72.65
MINDSPACE,RR,01-Aug-2025,413.36,414.99,417.50,409.02,413.70,412.52,412.39,"69,707","2,87,46,662.93","4,249","52,512",75.33
MINDSPACE,RR,04-Aug-2025,412.52,415.80,421.47,413.30,421.47,420.42,415.35,"1,42,525","5,91,97,422.09","4,034","1,29,105",90.58
MINDSPACE,RR,05-Aug-2025,420.42,422.00,422.80,417.00,418.30,418.47,419.00,"76,732","3,21,50,833.27","4,133","65,432",85.27
MINDSPACE,RR,06-Aug-2025,418.47,419.60,429.99,413.10,429.99,427.40,420.80,"2,25,610","9,49,37,719.26","6,970","1,39,626",61.89
MINDSPACE,RR,07-Aug-2025,427.40,423.55,423.55,416.80,419.99,419.70,418.76,"1,32,792","5,56,08,084.69","5,988","1,13,861",85.74
MINDSPACE,RR,08-Aug-2025,419.70,419.00,420.00,417.50,419.00,418.70,418.43,"58,242","2,43,70,323.08","1,782","53,041",91.07
MINDSPACE,RR,11-Aug-2025,418.70,421.36,422.95,416.70,420.48,419.94,419.49,"87,984","3,69,08,111.48","3,382","73,909",84.00
MINDSPACE,RR,12-Aug-2025,419.94,419.94,421.40,414.65,417.20,416.79,415.86,"89,944","3,74,04,100.47","4,183","69,757",77.56
MINDSPACE,RR,13-Aug-2025,416.79,416.20,421.75,415.57,418.95,419.09,417.09,"89,799","3,74,54,555.51","4,282","78,070",86.94
MINDSPACE,RR,14-Aug-2025,419.09,419.70,422.84,416.00,422.77,422.40,419.92,"84,599","3,55,24,589.02","5,423","69,760",82.46
MINDSPACE,RR,18-Aug-2025,422.40,425.00,427.75,411.00,423.00,422.99,422.56,"2,94,476","12,44,34,468.82","5,519","2,44,327",82.97
MINDSPACE,RR,19-Aug-2025,422.99,424.70,424.70,415.99,420.50,419.23,419.79,"67,039","2,81,42,613.21","2,466","49,362",73.63
MINDSPACE,RR,20-Aug-2025,419.23,417.30,425.95,417.00,425.95,424.41,420.45,"74,336","3,12,54,501.15","4,458","58,317",78.45
MINDSPACE,RR,21-Aug-2025,424.41,426.40,426.40,419.70,421.50,422.13,421.66,"59,182","2,49,54,932.19","3,600","48,209",81.46
MINDSPACE,RR,22-Aug-2025,422.13,422.00,423.80,418.51,423.60,423.41,420.55,"1,09,140","4,58,99,181.17","3,035","95,461",87.47
MINDSPACE,RR,25-Aug-2025,423.41,425.40,425.40,419.00,420.50,420.19,420.33,"4,19,029","17,61,31,566.22","4,722","4,03,495",96.29
MINDSPACE,RR,26-Aug-2025,420.19,420.00,421.95,417.20,420.00,419.96,419.87,"2,38,147","9,99,90,891.54","5,498","2,30,717",96.88
MINDSPACE,RR,28-Aug-2025,419.96,422.80,424.38,421.00,422.00,421.85,422.32,"97,895","4,13,42,997.01","5,163","87,773",89.66
MINDSPACE,RR,29-Aug-2025,421.85,423.40,426.00,421.35,423.00,422.99,424.01,"40,870","1,73,29,274.89","3,121","34,897",85.39
MINDSPACE,RR,01-Sep-2025,422.99,424.89,433.80,423.01,431.38,431.75,429.79,"86,433","3,71,48,431.48","3,747","67,261",77.82
MINDSPACE,RR,02-Sep-2025,431.75,431.75,434.80,426.27,426.49,427.17,428.91,"72,028","3,08,93,329.76","4,787","65,266",90.61
MINDSPACE,RR,03-Sep-2025,427.17,429.48,429.48,424.00,425.00,424.98,425.16,"70,544","2,99,92,722.23","3,649","58,425",82.82
MINDSPACE,RR,04-Sep-2025,424.98,426.40,427.25,420.05,421.78,420.80,422.86,"1,12,537","4,75,87,003.37","2,495","95,384",84.76
MINDSPACE,RR,05-Sep-2025,420.80,422.50,425.75,420.50,420.50,421.66,422.30,"81,567","3,44,45,609.84","2,611","68,979",84.57
MINDSPACE,RR,08-Sep-2025,421.66,423.20,423.80,418.06,419.01,419.56,420.28,"1,57,214","6,60,73,586.41","7,818","1,35,074",85.92
MINDSPACE,RR,09-Sep-2025,419.56,420.99,427.88,420.00,421.85,421.89,422.91,"3,21,995","13,61,76,416.44","3,735","2,54,188",78.94
MINDSPACE,RR,10-Sep-2025,421.89,422.25,422.25,418.88,419.60,420.44,420.94,"2,49,545","10,50,43,559.30","6,726","2,31,295",92.69
MINDSPACE,RR,11-Sep-2025,420.44,421.70,424.68,417.00,419.52,420.16,420.85,"1,21,871","5,12,89,732.34","4,348","1,00,183",82.20
MINDSPACE,RR,12-Sep-2025,420.16,421.59,424.47,420.23,422.99,422.99,423.22,"1,79,524","7,59,77,461.81","7,787","1,66,979",93.01
MINDSPACE,RR,15-Sep-2025,422.99,424.65,440.54,423.42,439.40,438.27,431.73,"1,14,377","4,93,79,920.22","5,274","81,800",71.52
MINDSPACE,RR,16-Sep-2025,438.27,441.00,453.00,435.05,444.00,444.62,445.52,"4,38,701","19,54,50,296.68","18,116","3,30,664",75.37
MINDSPACE,RR,17-Sep-2025,444.62,445.40,450.00,445.00,449.00,448.76,448.62,"2,10,614","9,44,84,893.53","5,821","1,85,925",88.28
MINDSPACE,RR,18-Sep-2025,448.76,450.00,455.75,447.56,448.10,448.11,449.12,"81,043","3,63,97,816.07","2,448","70,415",86.89
MINDSPACE,RR,19-Sep-2025,448.11,449.80,454.90,431.10,433.50,438.45,441.66,"4,72,732","20,87,85,729.94","7,758","2,89,877",61.32
MINDSPACE,RR,22-Sep-2025,438.45,434.90,442.88,428.00,438.80,438.89,438.26,"1,90,949","8,36,85,160.08","5,193","1,58,668",83.09
MINDSPACE,RR,23-Sep-2025,438.89,440.99,444.80,437.05,440.12,440.97,440.23,"62,156","2,73,62,804.64","4,374","51,024",82.09
MINDSPACE,RR,24-Sep-2025,440.97,442.77,447.81,439.05,446.86,443.73,444.75,"89,956","4,00,07,743.71","3,355","64,274",71.45
MINDSPACE,RR,25-Sep-2025,443.73,446.40,454.10,444.02,449.52,450.67,450.43,"1,08,532","4,88,86,058.77","3,631","89,340",82.32
MINDSPACE,RR,26-Sep-2025,450.67,450.60,459.90,448.01,453.80,455.38,456.55,"2,70,304","12,34,07,272.41","5,819","2,31,419",85.61
MINDSPACE,RR,29-Sep-2025,455.38,455.90,461.99,451.31,455.58,459.15,456.62,"2,45,339","11,20,27,080.66","5,346","2,22,731",90.78
MINDSPACE,RR,30-Sep-2025,459.15,464.25,469.99,452.05,458.50,454.79,461.32,"2,61,487","12,06,30,474.08","8,201","2,14,753",82.13
MINDSPACE,RR,01-Oct-2025,454.79,457.76,464.50,454.01,458.98,455.26,459.58,"2,38,818","10,97,54,879.22","8,274","2,09,768",87.84
MINDSPACE,RR,03-Oct-2025,455.26,458.70,462.97,455.05,457.80,457.31,459.58,"1,86,768","8,58,34,467.59","5,846","1,54,663",82.81
MINDSPACE,RR,06-Oct-2025,457.31,460.91,460.91,450.90,452.50,451.54,454.95,"1,23,911","5,63,72,806.38","4,873","1,11,661",90.11
MINDSPACE,RR,07-Oct-2025,451.54,452.50,457.50,450.50,453.00,452.93,454.01,"1,41,004","6,40,17,291.89","7,223","1,18,352",83.94
MINDSPACE,RR,08-Oct-2025,452.93,455.40,458.98,449.05,450.80,450.41,451.48,"1,04,074","4,69,87,652.48","4,315","90,209",86.68
MINDSPACE,RR,09-Oct-2025,450.41,450.80,456.00,445.55,454.25,454.49,450.11,"1,26,494","5,69,36,731.53","4,977","93,831",74.18
MINDSPACE,RR,10-Oct-2025,454.49,454.70,459.50,453.00,457.75,458.81,456.56,"62,883","2,87,09,671.02","3,797","54,035",85.93
MINDSPACE,RR,13-Oct-2025,458.81,461.00,461.00,452.81,457.70,457.50,457.03,"1,18,519","5,41,66,921.44","4,912","1,00,620",84.90
MINDSPACE,RR,14-Oct-2025,457.50,458.00,463.25,457.10,462.70,462.10,460.78,"80,957","3,73,03,292.65","3,973","70,543",87.14
MINDSPACE,RR,15-Oct-2025,462.10,467.85,468.70,462.00,463.20,464.58,465.67,"88,340","4,11,37,717.83","5,006","72,369",81.92
MINDSPACE,RR,16-Oct-2025,464.58,466.98,471.00,465.11,468.20,469.93,468.80,"1,02,115","4,78,71,456.47","4,488","91,122",89.23
MINDSPACE,RR,17-Oct-2025,469.93,472.80,474.88,461.66,466.07,466.73,467.26,"59,979","2,80,25,713.88","3,995","48,443",80.77
MINDSPACE,RR,20-Oct-2025,466.73,465.10,472.80,463.60,465.00,464.98,466.81,"55,643","2,59,74,466.70","3,552","45,125",81.10
MINDSPACE,RR,21-Oct-2025,464.98,467.30,469.99,467.30,468.00,467.95,468.60,"21,011","98,45,781.44","1,146","16,652",79.25
MINDSPACE,RR,23-Oct-2025,467.95,469.50,470.00,460.26,464.88,463.65,464.88,"2,62,666","12,21,07,736.85","5,733","2,40,230",91.46
MINDSPACE,RR,24-Oct-2025,463.65,460.74,465.00,457.06,463.25,463.36,462.52,"67,929","3,14,18,628.44","3,302","50,925",74.97
MINDSPACE,RR,27-Oct-2025,463.36,467.69,467.70,460.55,461.75,461.53,463.07,"75,598","3,50,07,238.06","3,149","67,752",89.62
MINDSPACE,RR,28-Oct-2025,461.53,461.00,465.28,459.28,462.93,462.46,464.16,"1,05,698","4,90,60,308.11","3,197","94,996",89.87
MINDSPACE,RR,29-Oct-2025,462.46,464.69,465.00,457.55,460.00,458.83,461.04,"1,45,207","6,69,45,600.13","4,221","1,26,060",86.81
MINDSPACE,RR,30-Oct-2025,458.83,460.78,462.98,458.00,458.90,458.97,459.80,"85,474","3,93,01,352.08","3,404","62,673",73.32
MINDSPACE,RR,31-Oct-2025,458.97,459.90,465.50,459.02,464.50,464.79,463.72,"1,55,175","7,19,57,086.53","2,510","1,41,288",91.05
MINDSPACE,RR,03-Nov-2025,464.79,466.79,468.97,464.68,465.94,466.58,466.75,"92,674","4,32,55,254.91","4,716","78,165",84.34
MINDSPACE,RR,04-Nov-2025,466.58,466.47,470.96,464.02,468.90,468.92,468.97,"87,790","4,11,70,779.31","5,924","76,604",87.26
MINDSPACE,RR,06-Nov-2025,468.92,470.70,471.80,460.00,461.00,461.40,463.46,"1,97,405","9,14,90,222.61","9,925","1,86,019",94.23
MINDSPACE,RR,07-Nov-2025,461.40,455.02,466.00,455.00,465.00,465.40,461.45,"89,044","4,10,89,174.87","6,794","73,795",82.87
MINDSPACE,RR,10-Nov-2025,465.40,466.79,466.79,461.00,462.88,462.54,464.07,"62,779","2,91,33,591.72","4,127","51,044",81.31
MINDSPACE,RR,11-Nov-2025,462.54,463.98,463.98,456.55,460.19,460.47,460.15,"61,519","2,83,08,234.26","4,415","50,949",82.82
MINDSPACE,RR,12-Nov-2025,460.47,459.11,461.88,457.21,460.28,460.91,460.36,"55,748","2,56,64,108.94","4,619","46,554",83.51
MINDSPACE,RR,13-Nov-2025,460.91,463.60,463.99,458.21,459.00,458.89,460.68,"60,757","2,79,89,482.21","4,233","54,050",88.96
MINDSPACE,RR,14-Nov-2025,458.89,459.00,462.77,458.60,459.99,460.38,460.21,"76,987","3,54,30,531.17","2,445","67,529",87.71
MINDSPACE,RR,17-Nov-2025,460.38,463.40,473.00,462.38,465.00,467.49,467.23,"2,59,793","12,13,81,984.71","15,132","2,18,383",84.06
MINDSPACE,RR,18-Nov-2025,467.49,465.55,469.98,461.35,469.75,469.11,464.85,"96,511","4,48,63,275.47","6,957","77,244",80.04
MINDSPACE,RR,19-Nov-2025,469.11,472.60,474.90,462.00,465.46,463.62,469.06,"1,15,133","5,40,04,413.59","6,780","93,137",80.90
MINDSPACE,RR,20-Nov-2025,463.62,464.40,467.70,461.98,463.05,464.22,464.62,"1,63,414","7,59,25,294.37","3,207","1,51,178",92.51
MINDSPACE,RR,21-Nov-2025,464.22,464.80,472.99,462.11,466.83,466.90,467.59,"1,31,870","6,16,60,462.98","5,050","1,02,853",78.00
MINDSPACE,RR,24-Nov-2025,466.90,467.00,472.50,456.00,457.25,459.38,464.27,"2,41,801","11,22,61,150.88","7,072","2,18,860",90.51
MINDSPACE,RR,25-Nov-2025,459.38,459.00,464.40,458.99,462.40,462.03,462.50,"54,933","2,54,06,564.21","3,608","43,269",78.77
MINDSPACE,RR,26-Nov-2025,462.03,462.98,465.00,454.84,458.79,458.22,461.29,"2,47,267","11,40,61,336.38","3,933","2,19,672",88.84
MINDSPACE,RR,27-Nov-2025,458.22,458.50,461.97,455.99,458.45,459.62,459.35,"40,308","1,85,15,599.81","1,772","29,690",73.66
MINDSPACE,RR,28-Nov-2025,459.62,459.99,464.40,459.62,464.00,462.68,462.36,"42,705","1,97,44,897.20","3,091","33,741",79.01
MINDSPACE,RR,01-Dec-2025,462.68,462.70,465.20,460.02,465.20,464.83,464.16,"50,587","2,34,80,541.14","3,462","36,768",72.68
MINDSPACE,RR,02-Dec-2025,464.83,465.75,472.18,464.83,472.18,470.12,467.64,"1,78,721","8,35,76,992.99","5,828","1,63,899",91.71
MINDSPACE,RR,03-Dec-2025,470.12,471.60,482.25,470.08,480.00,480.95,478.53,"1,76,488","8,44,54,799.28","10,092","1,31,354",74.43
MINDSPACE,RR,04-Dec-2025,480.95,483.00,491.00,480.95,487.00,486.79,487.63,"2,51,981","12,28,74,610.44","9,783","2,21,454",87.89
MINDSPACE,RR,05-Dec-2025,486.79,489.00,500.85,487.57,496.00,493.80,490.98,"1,60,403","7,87,55,351.93","13,467","1,34,681",83.96
MINDSPACE,RR,08-Dec-2025,493.80,500.70,501.91,488.00,492.00,494.13,496.35,"1,42,293","7,06,26,737.69","9,241","1,16,225",81.68
MINDSPACE,RR,09-Dec-2025,494.13,494.62,496.00,485.00,486.70,489.08,489.57,"2,45,287","12,00,86,201.66","8,306","2,17,293",88.59
MINDSPACE,RR,10-Dec-2025,489.08,487.70,493.74,485.50,485.80,486.83,488.32,"1,04,339","5,09,51,054.10","6,060","85,532",81.98
MINDSPACE,RR,11-Dec-2025,486.83,486.83,493.70,479.02,480.75,480.30,484.31,"1,00,679","4,87,60,039.98","6,102","76,582",76.07
MINDSPACE,RR,12-Dec-2025,480.30,481.70,487.00,473.33,474.89,474.95,477.12,"1,61,323","7,69,70,577.62","6,601","1,31,403",81.45
MINDSPACE,RR,15-Dec-2025,474.95,474.95,476.80,468.40,473.00,472.52,470.68,"1,01,297","4,76,78,854.49","4,664","86,398",85.29
MINDSPACE,RR,16-Dec-2025,472.52,473.00,473.00,465.35,470.90,471.59,469.45,"3,59,199","16,86,26,321.70","8,134","3,36,117",93.57
MINDSPACE,RR,17-Dec-2025,471.59,473.79,475.98,466.51,474.89,474.25,469.36,"1,70,392","7,99,76,013.90","5,435","1,40,773",82.62
MINDSPACE,RR,18-Dec-2025,474.25,474.25,477.00,469.50,473.51,474.91,472.17,"93,434","4,41,16,277.66","4,578","74,350",79.57
MINDSPACE,RR,19-Dec-2025,474.91,476.00,477.00,467.11,474.00,471.83,470.42,"3,17,784","14,94,93,494.79","12,318","2,26,929",71.41
MINDSPACE,RR,22-Dec-2025,471.83,474.00,480.98,470.74,473.50,472.15,474.02,"1,50,296","7,12,43,857.44","6,913","1,12,993",75.18
MINDSPACE,RR,23-Dec-2025,472.15,474.40,477.89,465.11,467.16,467.47,470.77,"1,62,772","7,66,27,867.88","7,706","1,36,046",83.58
MINDSPACE,RR,24-Dec-2025,467.47,468.80,473.80,467.49,470.70,469.68,470.14,"1,02,104","4,80,03,425.14","6,793","73,483",71.97
MINDSPACE,RR,26-Dec-2025,469.68,472.80,474.69,467.02,471.98,470.95,471.07,"1,45,952","6,87,53,848.98","6,469","1,15,152",78.90
MINDSPACE,RR,29-Dec-2025,470.95,473.30,475.00,469.83,474.98,474.90,471.09,"2,51,293","11,83,82,670.50","5,681","2,19,516",87.35
MINDSPACE,RR,30-Dec-2025,474.90,475.79,476.80,462.52,472.00,469.57,469.00,"1,38,972","6,51,77,215.24","4,741","99,480",71.58
MINDSPACE,RR,31-Dec-2025,469.57,472.40,476.80,469.58,475.00,474.99,474.81,"89,810","4,26,43,098.82","7,005","75,865",84.47
MINDSPACE,RR,01-Jan-2026,474.99,476.00,476.00,471.26,473.70,474.01,474.35,"62,888","2,98,30,949.19","3,252","50,855",80.87
MINDSPACE,RR,02-Jan-2026,474.01,475.30,478.00,473.58,474.50,474.41,474.99,"52,797","2,50,78,209.92","5,723","45,702",86.56
MINDSPACE,RR,05-Jan-2026,474.41,477.69,494.79,476.78,489.99,489.94,488.82,"2,30,600","11,27,22,667.03","15,730","1,74,167",75.53
MINDSPACE,RR,06-Jan-2026,489.94,494.30,495.98,486.73,490.00,489.18,490.72,"1,61,983","7,94,88,554.41","14,011","1,38,675",85.61
MINDSPACE,RR,07-Jan-2026,489.18,491.40,492.94,487.50,489.00,488.95,490.26,"1,27,292","6,24,06,128.40","8,557","1,09,515",86.03
MINDSPACE,RR,08-Jan-2026,488.95,491.00,493.00,486.30,489.00,488.96,490.16,"1,28,251","6,28,63,454.55","10,700","1,09,087",85.06
MINDSPACE,RR,09-Jan-2026,488.96,491.60,491.60,482.00,485.00,484.54,485.55,"89,147","4,32,85,626.24","9,219","71,582",80.30
MINDSPACE,RR,12-Jan-2026,484.54,487.40,492.00,475.11,481.90,482.84,485.90,"1,99,965","9,71,63,055.32","9,195","1,66,298",83.16
MINDSPACE,RR,13-Jan-2026,482.84,480.02,484.85,470.99,474.59,474.53,478.84,"3,00,480","14,38,81,142.88","6,848","2,47,038",82.21
MINDSPACE,RR,14-Jan-2026,474.53,473.80,488.89,472.11,478.50,479.73,480.32,"1,46,536","7,03,83,499.86","7,220","1,19,512",81.56
MINDSPACE,RR,16-Jan-2026,479.73,482.54,492.00,480.00,491.00,490.58,487.83,"1,09,697","5,35,13,872.01","7,801","90,780",82.76
MINDSPACE,RR,19-Jan-2026,490.58,492.96,494.00,483.15,484.80,484.42,489.07,"1,05,454","5,15,74,517.54","8,051","89,436",84.81
MINDSPACE,RR,20-Jan-2026,484.42,486.80,492.40,486.79,489.50,488.87,489.92,"1,13,453","5,55,82,569.86","7,717","95,818",84.46
MINDSPACE,RR,21-Jan-2026,488.87,488.87,494.50,485.00,488.99,488.99,488.23,"1,76,926","8,63,80,111.00","10,442","1,48,593",83.99
MINDSPACE,RR,22-Jan-2026,488.99,489.98,490.00,486.33,488.00,488.28,489.05,"1,20,464","5,89,13,291.41","6,501","1,07,675",89.38
MINDSPACE,RR,23-Jan-2026,488.28,489.99,491.99,485.36,491.49,490.06,489.39,"2,23,558","10,94,07,928.64","11,840","2,02,282",90.48
MINDSPACE,RR,27-Jan-2026,490.06,492.40,493.92,485.85,490.00,490.92,490.30,"1,06,941","5,24,33,610.85","10,451","86,045",80.46
MINDSPACE,RR,28-Jan-2026,490.92,491.99,499.50,488.12,499.00,491.49,490.64,"1,43,458","7,03,85,976.24","6,641","1,30,746",91.14
MINDSPACE,RR,29-Jan-2026,491.49,494.70,501.00,493.21,495.84,495.99,496.55,"87,991","4,36,91,938.02","6,326","76,100",86.49
MINDSPACE,RR,30-Jan-2026,495.99,497.00,500.00,492.93,497.00,498.50,497.43,"1,39,031","6,91,58,246.89","8,978","1,23,052",88.51
MINDSPACE,RR,01-Feb-2026,498.50,507.50,507.50,489.98,489.99,490.92,497.51,"60,518","3,01,08,145.30","4,214","48,591",80.29
MINDSPACE,RR,02-Feb-2026,490.92,490.90,492.50,486.00,489.00,488.99,490.43,"1,18,744","5,82,35,152.32","10,767","88,623",74.63
MINDSPACE,RR,03-Feb-2026,488.99,491.68,492.79,486.00,488.00,488.25,488.57,"76,538","3,73,94,106.81","10,490","70,828",92.54
MINDSPACE,RR,04-Feb-2026,488.25,491.00,491.25,482.20,485.50,485.33,486.71,"84,411","4,10,83,785.16","6,256","72,651",86.07
MINDSPACE,RR,05-Feb-2026,485.33,487.00,491.00,484.00,490.10,490.12,488.91,"56,101","2,74,28,552.36","5,915","44,702",79.68
MINDSPACE,RR,06-Feb-2026,490.12,491.70,495.00,488.00,494.50,494.45,493.14,"66,899","3,29,90,514.67","6,354","51,407",76.84
MINDSPACE,RR,09-Feb-2026,494.45,500.00,501.33,486.10,496.50,491.81,496.83,"2,40,573","11,95,22,915.12","10,258","1,74,010",72.33
MINDSPACE,RR,10-Feb-2026,491.81,493.30,504.85,493.30,497.35,499.35,500.61,"1,61,113","8,06,54,693.14","8,517","1,32,424",82.19
MINDSPACE,RR,11-Feb-2026,499.35,500.50,502.00,494.00,500.00,499.80,498.58,"1,90,822","9,51,39,350.84","9,058","1,39,427",73.07
MINDSPACE,BL,12-Feb-2026,275.00,484.81,484.81,484.81,484.81,484.81,484.81,"7,30,621","35,42,12,367.01",1,-,-
MINDSPACE,RR,12-Feb-2026,499.80,503.40,511.68,495.60,499.68,503.23,506.03,"2,74,162","13,87,35,018.38","17,297","2,07,579",75.71
MINDSPACE,RR,13-Feb-2026,503.23,497.96,499.80,493.00,495.59,494.99,495.32,"1,87,314","9,27,79,872.03","7,006","1,65,405",88.30
MINDSPACE,RR,16-Feb-2026,494.99,491.70,493.99,488.10,490.00,489.99,489.67,"2,80,150","13,71,79,800.01","11,601","2,66,201",95.02
MINDSPACE,RR,17-Feb-2026,489.99,490.00,492.98,486.03,487.97,487.57,487.40,"2,63,866","12,86,07,881.14","9,722","2,37,607",90.05
MINDSPACE,RR,18-Feb-2026,487.57,487.57,495.50,487.57,491.50,491.67,493.20,"1,07,506","5,30,21,924.21","3,900","90,924",84.58
MINDSPACE,RR,19-Feb-2026,491.67,493.59,497.70,492.10,495.49,493.98,494.74,"83,254","4,11,88,787.32","3,573","63,316",76.05
MINDSPACE,RR,20-Feb-2026,493.98,495.44,496.95,490.00,490.80,491.89,492.96,"2,88,805","14,23,69,713.85","5,320","2,60,871",90.33
MINDSPACE,RR,23-Feb-2026,491.89,496.00,496.00,489.59,490.00,489.97,491.84,"1,77,870","8,74,83,148.85","6,700","1,62,602",91.42
MINDSPACE,RR,24-Feb-2026,489.97,489.97,492.69,481.55,482.00,483.96,485.38,"2,96,470","14,38,99,806.52","14,078","2,65,740",89.63
MINDSPACE,RR,25-Feb-2026,483.96,483.50,489.25,479.00,480.00,480.97,484.12,"3,00,964","14,57,01,275.88","6,302","2,67,762",88.97
MINDSPACE,RR,26-Feb-2026,480.97,480.65,482.85,479.00,479.79,479.78,480.76,"1,71,977","8,26,79,203.60","5,478","1,49,309",86.82
MINDSPACE,RR,27-Feb-2026,479.78,479.78,484.40,457.10,459.91,462.16,466.50,"6,79,889","31,71,70,374.27","17,054","5,18,971",76.33
MINDSPACE,RR,02-Mar-2026,462.16,457.00,465.28,455.05,458.75,457.69,461.15,"2,37,636","10,95,85,625.48","13,604","2,01,897",84.96
MINDSPACE,RR,04-Mar-2026,457.69,455.00,458.99,441.01,450.00,450.09,449.11,"2,91,639","13,09,77,118.05","15,022","2,07,312",71.09
MINDSPACE,RR,05-Mar-2026,450.09,448.20,460.98,448.20,459.50,458.68,457.10,"2,06,551","9,44,14,295.84","15,727","1,67,588",81.14
MINDSPACE,RR,06-Mar-2026,458.68,459.00,464.47,458.68,461.80,460.41,460.31,"5,05,568","23,27,16,635.54","18,211","4,64,999",91.98
MINDSPACE,RR,09-Mar-2026,460.41,461.00,462.00,452.00,461.99,461.68,458.55,"1,28,780","5,90,52,081.31","5,853","1,07,831",83.73
MINDSPACE,RR,10-Mar-2026,461.68,463.28,466.94,457.00,461.50,461.44,462.11,"1,37,809","6,36,83,352.86","8,735","1,12,184",81.41
MINDSPACE,RR,11-Mar-2026,461.44,462.76,463.00,446.02,459.00,459.14,458.80,"2,12,303","9,74,05,579.27","15,454","1,56,454",73.69
MINDSPACE,RR,12-Mar-2026,459.14,459.98,459.98,451.00,452.00,451.98,455.43,"2,48,822","11,33,20,515.45","17,827","2,21,458",89.00
MINDSPACE,RR,13-Mar-2026,451.98,449.89,459.28,449.03,455.48,453.93,453.88,"1,68,232","7,63,57,075.66","14,673","1,43,133",85.08
MINDSPACE,RR,16-Mar-2026,453.93,452.00,458.69,452.00,455.00,453.94,455.36,"1,27,353","5,79,91,484.76","11,244","1,03,704",81.43
MINDSPACE,RR,17-Mar-2026,453.94,455.87,460.00,455.00,458.90,458.90,457.61,"2,04,817","9,37,25,509.09","16,558","1,73,571",84.74
MINDSPACE,RR,18-Mar-2026,458.90,461.00,461.00,453.00,453.90,454.22,456.25,"2,25,864","10,30,49,687.10","13,856","1,98,830",88.03
MINDSPACE,RR,19-Mar-2026,454.22,453.90,454.49,442.25,453.00,453.05,446.19,"9,76,951","43,59,07,162.70","15,593","8,81,181",90.20
MINDSPACE,RR,20-Mar-2026,453.05,452.99,464.70,451.76,464.70,457.02,457.14,"21,39,765","97,81,61,529.21","17,263","17,19,445",80.36
MINDSPACE,RR,23-Mar-2026,457.02,461.90,461.90,444.50,446.75,446.88,450.47,"4,44,567","20,02,65,351.53","10,488","3,81,876",85.90
MINDSPACE,RR,24-Mar-2026,446.88,448.00,457.25,447.80,455.00,456.19,452.15,"3,08,608","13,95,35,767.25","5,112","2,88,502",93.48
MINDSPACE,RR,25-Mar-2026,456.19,456.19,465.00,456.00,465.00,464.26,463.40,"2,40,975","11,16,67,539.69","5,912","2,22,852",92.48
MINDSPACE,RR,27-Mar-2026,464.26,465.65,465.65,452.02,454.00,455.95,457.95,"2,74,225","12,55,81,516.14","9,746","2,49,185",90.87
MINDSPACE,RR,30-Mar-2026,455.95,458.50,462.30,442.98,449.00,449.16,454.68,"2,64,089","12,00,74,766.49","16,967","2,21,585",83.91
MINDSPACE,RR,01-Apr-2026,449.16,451.70,461.00,447.91,450.70,449.98,451.86,"1,58,311","7,15,34,118.83","10,163","1,22,468",77.36
MINDSPACE,RR,02-Apr-2026,449.98,449.80,464.10,446.10,461.50,457.33,452.06,"1,83,922","8,31,43,249.77","6,211","1,53,230",83.31
MINDSPACE,RR,06-Apr-2026,457.33,457.80,466.18,457.33,464.00,460.39,462.04,"1,34,840","6,23,01,974.61","16,436","1,02,570",76.07
MINDSPACE,RR,07-Apr-2026,460.39,461.38,463.97,460.39,461.60,462.42,463.05,"3,07,557","14,24,15,769.43","9,766","2,91,613",94.82
MINDSPACE,RR,08-Apr-2026,462.42,470.00,477.45,465.30,472.00,475.22,471.65,"1,44,389","6,81,01,548.82","5,592","1,17,611",81.45
MINDSPACE,RR,09-Apr-2026,475.22,474.00,481.00,471.50,480.50,478.36,474.52,"1,36,518","6,47,81,184.64","8,613","1,08,467",79.45
MINDSPACE,RR,10-Apr-2026,478.36,480.98,483.00,478.02,480.10,481.70,481.02,"1,02,582","4,93,44,131.26","3,360","89,511",87.26
MINDSPACE,RR,13-Apr-2026,481.70,483.00,483.00,475.21,476.05,478.67,480.86,"85,843","4,12,78,320.36","5,510","65,341",76.12
MINDSPACE,RR,15-Apr-2026,478.67,480.50,484.98,476.30,478.69,476.69,480.16,"1,17,245","5,62,95,939.57","8,094","1,00,183",85.45
MINDSPACE,RR,16-Apr-2026,476.69,479.00,479.00,471.25,472.00,471.92,474.12,"1,18,126","5,60,05,471.25","5,870","1,03,778",87.85
MINDSPACE,RR,17-Apr-2026,471.92,473.00,474.90,470.00,471.55,471.37,471.27,"2,03,578","9,59,39,362.40","5,156","1,88,574",92.63
MINDSPACE,RR,20-Apr-2026,471.37,473.00,473.49,466.10,470.00,470.36,469.84,"3,81,020","17,90,17,828.50","5,663","3,58,394",94.06
MINDSPACE,RR,21-Apr-2026,470.36,472.00,481.80,470.36,480.75,478.68,473.77,"76,866","3,64,16,764.64","4,592","68,054",88.54
MINDSPACE,RR,22-Apr-2026,478.68,480.85,481.50,468.52,470.50,470.10,474.06,"1,63,973","7,77,33,651.84","15,634","1,50,500",91.78
MINDSPACE,RR,23-Apr-2026,470.10,470.00,476.00,469.34,469.91,469.90,471.10,"61,041","2,87,56,584.33","5,442","50,990",83.53
MINDSPACE,RR,24-Apr-2026,469.90,470.10,472.99,468.20,469.68,469.41,470.47,"59,972","2,82,15,280.67","3,461","51,378",85.67
MINDSPACE,RR,27-Apr-2026,469.41,473.30,473.74,468.22,468.90,469.20,470.17,"1,10,415","5,19,13,428.02","6,763","96,423",87.33
MINDSPACE,RR,28-Apr-2026,469.20,466.30,470.43,465.68,466.68,466.82,466.31,"5,91,747","27,59,38,577.82","3,748","5,73,370",96.89
MINDSPACE,RR,29-Apr-2026,466.82,468.00,469.87,465.60,467.00,466.69,467.70,"1,02,531","4,79,53,589.41","3,087","91,280",89.03
MINDSPACE,RR,30-Apr-2026,466.69,467.95,473.00,465.85,466.45,467.10,469.56,"3,53,689","16,60,78,165.47","22,740","3,01,867",85.35
MINDSPACE,RR,04-May-2026,467.10,471.70,475.49,469.55,470.00,470.38,471.30,"2,26,418","10,67,11,881.66","32,925","1,92,008",84.80
MINDSPACE,RR,05-May-2026,470.38,467.00,467.99,461.90,462.68,462.41,464.80,"1,77,568","8,25,32,985.29","21,918","1,44,306",81.27
MINDSPACE,RR,06-May-2026,462.41,462.90,464.00,460.00,463.95,463.34,463.05,"61,470","2,84,63,821.27","4,918","51,378",83.58
MINDSPACE,RR,07-May-2026,463.34,463.00,463.88,459.20,462.68,462.23,462.17,"2,11,346","9,76,77,855.87","9,244","1,96,246",92.86
MINDSPACE,RR,08-May-2026,462.23,464.39,469.95,458.57,464.00,464.91,463.18,"2,05,556","9,52,10,448.07","8,467","1,68,057",81.76
MINDSPACE,RR,11-May-2026,464.91,465.80,465.80,459.26,462.30,462.35,463.41,"1,89,819","8,79,63,179.61","8,106","1,60,973",84.80
MINDSPACE,RR,12-May-2026,462.35,460.10,464.00,456.23,459.47,459.57,458.61,"4,00,016","18,34,52,712.59","12,394","3,55,507",88.87
MINDSPACE,RR,13-May-2026,459.57,461.70,462.25,456.20,462.25,461.59,457.69,"4,69,779","21,50,13,417.50","16,831","4,23,305",90.11
MINDSPACE,RR,14-May-2026,461.59,460.01,467.79,458.50,464.51,465.58,460.18,"3,75,935","17,29,97,072.83","8,838","3,58,633",95.40
MINDSPACE,RR,15-May-2026,465.58,465.00,465.58,457.11,460.88,460.91,459.90,"2,59,492","11,93,40,142.76","6,280","2,19,990",84.78
MINDSPACE,RR,18-May-2026,460.91,460.91,463.97,454.60,460.51,461.65,458.00,"2,66,243","12,19,40,104.85","9,356","2,23,189",83.83
MINDSPACE,RR,19-May-2026,461.65,461.80,471.88,458.11,469.00,469.89,463.94,"1,82,221","8,45,39,001.92","8,782","1,50,240",82.45
MINDSPACE,RR,20-May-2026,469.89,468.00,468.11,461.00,461.95,462.06,464.16,"2,47,129","11,47,08,270.72","5,784","2,21,380",89.58
MINDSPACE,RR,21-May-2026,462.06,462.00,462.00,458.26,459.68,459.89,460.30,"6,75,720","31,10,37,083.35","10,779","6,52,923",96.63
MINDSPACE,RR,22-May-2026,459.89,459.80,465.20,459.05,464.00,464.18,461.13,"5,43,316","25,05,40,156.85","4,733","5,03,830",92.73
MINDSPACE,RR,25-May-2026,464.18,467.30,467.74,461.00,461.60,461.66,462.60,"1,55,691","7,20,22,527.04","11,520","1,37,215",88.13
MINDSPACE,RR,26-May-2026,461.66,461.40,466.74,459.10,462.35,463.82,461.68,"1,94,793","8,99,32,019.31","11,171","1,61,524",82.92
MINDSPACE,RR,27-May-2026,463.82,464.50,464.50,459.00,460.00,460.05,459.92,"3,00,220","13,80,76,077.22","18,445","2,64,214",88.01
MINDSPACE,RR,29-May-2026,460.05,464.00,465.00,459.04,461.67,462.49,461.46,"5,48,909","25,33,00,569.08","12,548","4,74,251",86.40
MINDSPACE,RR,01-Jun-2026,462.49,463.86,466.77,461.10,462.05,462.60,464.10,"2,13,103","9,89,00,835.08","5,916","1,89,532",88.94
MINDSPACE,RR,02-Jun-2026,462.60,465.00,466.68,462.61,464.00,465.25,465.25,"1,89,666","8,82,42,415.52","6,113","1,66,413",87.74
MINDSPACE,RR,03-Jun-2026,465.25,464.01,465.25,457.05,460.88,460.23,459.67,"2,77,933","12,77,56,642.16","8,954","2,38,708",85.89
MINDSPACE,RR,04-Jun-2026,460.23,460.00,464.80,457.99,461.00,461.37,460.36,"1,93,300","8,89,88,313.41","15,806","1,55,479",80.43
MINDSPACE,RR,05-Jun-2026,461.37,461.99,461.99,459.00,459.98,459.93,459.97,"4,24,652","19,53,26,127.33","11,086","4,00,249",94.25
MINDSPACE,RR,08-Jun-2026,459.93,461.00,461.99,459.01,460.00,459.94,460.03,"1,69,817","7,81,21,223.15","6,292","1,50,537",88.65
MINDSPACE,RR,09-Jun-2026,459.94,460.98,465.00,460.00,460.70,461.92,464.39,"3,83,680","17,81,77,594.99","8,282","3,48,435",90.81
MINDSPACE,RR,10-Jun-2026,461.92,461.00,463.10,460.00,463.10,462.33,461.28,"1,26,895","5,85,34,748.42","10,165","1,02,961",81.14
MINDSPACE,RR,11-Jun-2026,462.33,461.00,462.98,458.60,460.00,460.04,460.16,"2,07,904","9,56,69,606.46","8,892","1,94,574",93.59
MINDSPACE,RR,12-Jun-2026,460.04,460.00,462.33,459.30,460.41,460.38,460.40,"2,28,184","10,50,55,633.58","8,095","2,06,956",90.70
MINDSPACE,RR,15-Jun-2026,460.38,461.30,465.47,458.40,462.88,463.21,463.32,"1,56,439","7,24,81,235.15","10,553","1,27,870",81.74
MINDSPACE,RR,16-Jun-2026,463.21,463.21,465.08,460.02,463.50,464.04,462.18,"1,26,437","5,84,36,788.53","5,575","1,11,818",88.44
MINDSPACE,RR,17-Jun-2026,464.04,464.60,466.43,461.88,462.97,463.18,464.15,"1,22,849","5,70,19,865.91","5,749","1,07,031",87.12
MINDSPACE,RR,18-Jun-2026,463.18,463.70,464.35,459.88,460.70,461.08,460.94,"4,99,151","23,00,79,766.00","6,855","4,70,064",94.17
MINDSPACE,RR,19-Jun-2026,461.08,461.08,464.00,461.00,464.00,463.52,463.11,"2,27,737","10,54,66,224.56","11,293","2,04,262",89.69
MINDSPACE,RR,22-Jun-2026,463.52,464.49,464.50,463.00,464.00,464.08,463.85,"1,29,537","6,00,85,574.08","6,614","1,07,761",83.19
MINDSPACE,RR,23-Jun-2026,464.08,465.00,465.00,460.60,461.00,461.36,462.11,"1,63,441","7,55,27,051.39","6,433","1,34,574",82.34
MINDSPACE,RR,24-Jun-2026,461.36,462.40,463.24,461.00,461.28,461.99,462.55,"79,037","3,65,58,816.31","5,229","67,409",85.29
MINDSPACE,RR,25-Jun-2026,461.99,461.00,464.00,460.34,463.50,463.16,462.86,"1,23,347","5,70,92,433.30","3,950","1,10,443",89.54
MINDSPACE,RR,29-Jun-2026,463.16,465.00,481.00,463.26,467.93,468.13,467.82,"5,06,929","23,71,51,205.88","8,778","4,62,463",91.23
MINDSPACE,RR,30-Jun-2026,468.13,470.00,476.00,468.13,474.74,473.39,473.89,"2,87,800","13,63,85,523.28","7,373","2,60,463",90.50
MINDSPACE,RR,01-Jul-2026,473.39,476.59,483.80,474.00,479.79,478.36,479.18,"3,13,730","15,03,34,036.03","11,109","2,68,987",85.74
MINDSPACE,RR,02-Jul-2026,478.36,481.90,485.19,480.75,482.16,483.49,483.47,"4,36,352","21,09,61,833.27","9,950","3,74,876",85.91
MINDSPACE,RR,03-Jul-2026,483.49,486.80,488.80,484.31,485.31,485.94,485.95,"1,44,400","7,01,70,857.82","4,935","1,24,950",86.53
MINDSPACE,RR,06-Jul-2026,485.94,488.00,489.48,485.32,487.45,487.47,487.30,"1,13,678","5,53,95,387.04","4,645","88,687",78.02
MINDSPACE,RR,07-Jul-2026,487.47,490.00,493.00,487.76,490.00,489.22,489.60,"1,24,244","6,08,29,892.44","4,296","96,605",77.75
MINDSPACE,RR,08-Jul-2026,489.22,490.90,494.00,482.93,486.79,485.10,489.30,"1,45,750","7,13,15,023.60","4,782","1,16,577",79.98
MINDSPACE,RR,09-Jul-2026,485.10,486.86,490.00,482.66,487.50,487.59,487.41,"1,50,368","7,32,91,083.70","3,932","1,31,001",87.12
MINDSPACE,RR,10-Jul-2026,487.59,489.00,490.00,486.26,488.49,488.47,488.14,"1,21,702","5,94,08,135.84","5,076","1,09,341",89.84
MINDSPACE,RR,13-Jul-2026,488.47,489.99,493.75,488.00,489.00,488.97,489.63,"1,24,153","6,07,89,113.61","5,873","1,09,834",88.47
MINDSPACE,RR,14-Jul-2026,488.97,490.00,493.00,489.20,491.80,491.59,491.15,"1,03,087","5,06,30,816.60","4,847","83,200",80.71
MINDSPACE,RR,15-Jul-2026,491.59,492.00,494.00,491.00,492.74,492.69,492.72,"61,207","3,01,57,813.18","3,649","50,965",83.27
MINDSPACE,RR,16-Jul-2026,492.69,492.69,494.90,492.00,493.00,493.02,493.11,"58,890","2,90,39,387.03","1,738","49,416",83.91
